0x00007ec94a52f5842385aa3130edd336686b1cc7,1
0x00057df318f342fff187948b85661b0d93f8d45e,1
0x000ab07b26c48ef3caf9ec23520d86794c9fd74a,1
0x00172a79a73b9dfd5871a92a0365280186f7eff4,1
0x00430ed74173cb5e61cb3d7e25b35a9790d8c4d4,1
0x005d1b0cb9d646be0ff2fbc623652ab8edb0d800,1
0x008a460a446a4a204b46450e37b2b9dd6f5eafe1,1
0x00b81626f5145a30dfe2323ed6435dbb7f4fe099,1
0x00e484da1156202e9dd341ad7ea9c908bb919e96,1
0x01072faa900f4ca3b40944ca815f39837bce193b,1
0x010b53d0dd81922e76efe866058d42625566da7c,1
0x0119b9411b98154b07b86333e9c138987825766b,1
0x0129f8d12262eec25fba03cf4f876205f8fab37f,1
0x017347cb75ac8725608e593ea35d83f9b2b3cfb8,1
0x017ffb7c9e5aff47d9569265d7c78b2494099782,1
0x018f5cbe8a37b03f5bf733016fee38106d39713a,1
0x0193489b5f94cf86964fada1ed9b5ea44efa9fd1,1
0x01a7c44aea34a9b6647439fc215bb8b8adafeb4a,1
0x01cf7ad62cdf575bde9425574aab01a8da8126cc,1
0x01d2558d4baf4f9d52a9d1b49a44336a431d3872,1
0x01d6f0b38e2814dd8ef0163bfc05492eb7ea9b23,1
0x0216ac50fdb6b46f6b74254b84ecdd1d431d670c,1
0x021d5abea6efbcd5dba2c8ae9237471448ea0856,1
0x02433ff9bf1cbde3b9de9b8e95786fc2b2c95ea3,1
0x026d1aaea25b4f17e4b05f0e0df96b8934092232,1
0x026e3a7cd4ecf91a8ad116a6124880d876af3c99,1
0x0270201d3397dab6ab7fc0068d07f454503ce52f,1
0x0277d92b437d0380434ac15b74ca19a7e154f0e8,1
0x0282c4f3b5e1436ff383729c5bdb24e5affe172f,1
0x029cb6fa08e50da7d4736e87262de715b203fb05,1
0x02a3a10587b417d2b08df951df555732b9f9db31,1
0x02a8f422e4623cf409b2a1a64a603b16357ea9da,1
0x02ac3a098a3f8197a6d4a5e6fcd4114df6b3e490,1
0x02afc7b681f89ebb038c1c157e55a1b2926c0d1a,1
0x02e97210b263713befee53057159639d4f1e4a05,1
0x03024d05b1aea10b64ff3af1fed6a3df9adeebb7,1
0x032ab14d5f69020afc87f43cacc0ef182a750d1c,1
0x033bdcea55682d051ed1a8fe84500b6d530c527c,1
0x034d5da0a84f1653c4f64b1164708bd167f46157,1
0x036aeaa55ba6cf87984a5f0a467b21c63b9bf9d1,1
0x037a3079e857e383454fefbea892fde12a2e83fd,1
0x03848eb02c4da4f8d834d4e45a6d8863cc0a137b,1
0x0387876a09a45581109eecab2ff4ac049e76ba37,1
0x039ec0b36450e9b2c5f59a3a6fe991469ac744f2,1
0x03d183a8fcd3efc790a6f855cfa96901bbb889bc,1
0x03ee832367e29a5cd001f65093283eabb5382b62,1
0x03f4cb9e297ea659f30e09341ee7155a7d136398,1
0x04294157cfba9ff0892f48f8345ea3539995f449,1
0x042a65aba09deb2037c2214282bc70747675673d,1
0x042bba799e017426a7a6f6a8ab733ab7f70dd7ea,1
0x044303d65caa0949014a51141052d44789b28cef,1
0x048aab0d25a39f5398d5a06a7a3aad9cc3bc7e4d,1
0x049de5b361360ced1e9c15a8b1e791795d8d4057,1
0x04c95c6f8ea7ff7c3f7a2f148fae75650c5a875e,1
0x04d1947970b86e336eeaa985ba7e535ce6d08b7d,1
0x04e2e44a8829b4328215196540bb04c92d082095,1
0x04f154dc275dbfd264a0d036afcbeca0acf4232a,1
0x05029289102f0b60347d2557f26f0732bb815e6d,1
0x057d4b2bc3a7302bc0e488b4a8ef78df7e2d930a,1
0x05a160a2c5f2559b4531928716bcf1b26adf376a,1
0x05b8a95852979273231c0357801e248f1ebf7e08,1
0x05c47beed53eb8b3fc14538f881d0941cbbe05a1,1
0x05efeb38f056e199177fb0990e543541cc82f1fd,1
0x066627db02050bad04805d0fabd641c84e632a87,1
0x0671ecfa289c70b15f87b82cb53e88d51afb93e0,1
0x067526baa12f7e65fe4d8080886c8f6078272456,1
0x068ac234248e886cd8287d90fd750732fa68370c,1
0x06cb001d548c400d678f3e36f1f5ded763f7ef2f,1
0x06da92f4f1815e83cf5a020f952f0e3275a5b156,1
0x06e47237e0adf34ae365ec9822a904e23f5a8b2a,1
0x06f549f0e578018095e93325bfaccdae3ca21df3,1
0x071642731357694b43567e961c6b99647962a8c7,1
0x07311b2e784da29eb8b2f85afe43bbc2aa945d11,1
0x07316264e35908c53185e8a0e0e0a11bd760661e,1
0x07639b0592a6f7ecd354cb96c5773f98a065ceac,1
0x076c0df2460e757c857ae8807ca589c47668628f,1
0x07b7b8a6977cb5e9823167831e8cf3397fc59283,1
0x07d27f956da2ca38bd44253f1e653580b3bcc962,1
0x07f6f97ac29fb6882746e7c95797d30c1b50448f,1
0x080ffeaf914180e18f69092d66de11925434b540,1
0x083b2e3a45b6cb7119fe65fd6cbcee022c54f6e7,1
0x083ff8906a9bdd60ecdb4ec653e5973022c00454,1
0x0859c6bc80cb09f5f1325fb497fd43b47ff748fb,1
0x08627cddb9710dce14c3949ce41278514a82253d,1
0x08a474203d14053eabc30a5bf877bd22a6554f0c,1
0x08b577ec7684e63163ae6caa6ca5f124c81a3c30,1
0x08b674c1fbffcfb3e62ce965e793bcfe572da10b,1
0x08f53b03fee0c32a1f8af0f1296c49e0ba959f3e,1
0x08f8070f1a17791dcfda507d2e1a47bd78b6cdc6,1
0x0927ba4b9e7176efdb6ff254f5fdc84d5df87f84,1
0x0944f42caa5e846943c0641d1a47ed7b81fc5325,1
0x098bdf163c1ccab92c898ce696bc4d750c934c01,1
0x09a3ed4c3b477e53850ede0aac96681ba314193b,1
0x09b2f0988b6d24336b348c84c2764d2b4f85142f,1
0x09bc641b6fa2308b030c312653f9675dfaa58e2b,1
0x09c52c99e701304332b5998227f07d2648e8a72c,2
0x09eaa08f8e288d34d416b92c53cadafb5cf1209b,1
0x0a1c6f1638adbe3873c7e8dad6c0e3b08285ba07,1
0x0a311ad49238763e766dbfdbbf1715d1b27c6d39,1
0x0a38049b68a43a9a29c5141095d49a084269634c,1
0x0a62e74a834cedc7492a45342cd361bfb1bdae4c,1
0x0a796049e04fc11eae5127bfaf22ef0977f3a4d0,1
0x0a93a0d1770e117d59af79ee6685e2b82b705647,1
0x0a98f97e89743406a8611e1b4219a073b60ffed3,1
0x0aadeef83545196ccb2ce70fabf8be1afa3c9b87,1
0x0abcfb41ffa585316d1ee4b607cdf48df7d15cf6,1
0x0af013187ae1759bb57d28b06e419c7e1c1f6a3e,1
0x0af4908e085bfd29d083cc8c8fc051dca7f62d34,1
0x0b23860cbda43fab7af249cd21ac4a90673636f3,1
0x0b3e3a27d85996e20b2cdd0e7f1e1208816d05b8,1
0x0b4b9b2c5375e9de4026febaf48acaf20a64e553,1
0x0b661924a91936b59d365d6c1d9970ddb31fad6e,1
0x0b82dc784ca45c4e91dd8a697843db39f8c2a7eb,1
0x0c309ec32ada58a14b373f932507a8245ac63254,1
0x0c3353630b246220b8211604c92b31517dee50a5,1
0x0c54a765c77a88d9cda0bd7ad9b10422848d92ef,1
0x0c55e7d45f53b6999732a75917df6eb711e58674,1
0x0c61d3d099c6a2fc6ad9f0effee4befa8a0d29df,1
0x0c844ba95ee1d4a7c54ef35435775e2d5bd2a3d6,1
0x0ca3a3b144148642f68b88bded521ce637db8f3e,1
0x0ca3c73926d8f4fd915926847f7f6dc327b328bc,1
0x0ca9fe4b327ebcd738d0d2028a0251dc06faf4be,1
0x0cdbd3c78615d7f9f94db33bd9a435b42e92a721,1
0x0ce98350b9dea81fe0b47dbc4787a1e9f8f1d7ff,1
0x0cf29c333a84064723b3c8d4630a5af539f18e3c,1
0x0cff9e3e8c946d7345e12a5ada67066f34f0800a,1
0x0d08c74268c1260d9b50175c41738e1a45819700,1
0x0d45abdd1aeccff2be0eaf338329d42ef09c02fe,1
0x0d526825f4be2da2578797b065b7436f434e1127,1
0x0d69a096b2c66310309f0ead1d6c97c4dfe87086,1
0x0d6d94bdf57798c9020246c91990f785ead32361,1
0x0d7ed3ff76dd70805b1624e1aa6470c52f3e7dce,1
0x0dac0d611db5955bbe881cf8d75d4c80271cae83,1
0x0db7b27b7a3ea8035d3f66f3ba7532221ef06abe,1
0x0dd38657d7c8024e7d62bde3d0423ca34769be50,1
0x0dda62bd9425efd93d6dc94f14f40c0888987670,1
0x0de6c56b4b4a0af06724c7132cbe92bcb292f733,1
0x0dec2c1f5825755d90748792392101b26cc6046a,1
0x0df06335c2032e51a7f6106efe143a0ad3aba8ff,1
0x0e7a0ff11b13e6db43737485b5f3eabdcaa12da7,1
0x0e8caf9eca5e45df0e6f50f58a5bf664db1740c1,1
0x0f0eae91990140c560d4156db4f00c854dc8f09e,1
0x0f20ea5a6f1e66416b99d2461dc132ed6a5868ad,1
0x0f211999060608ac300d49dd43f51c0163688859,1
0x0f2bfc17d828ae9065ee52b2c535811a04700175,1
0x0f5d5751d4f300c3d0adbcadc05f0af4f8baf788,1
0x0f94325dcc0e118fb3454bceff6bcd814ad2b58f,1
0x0fb39dfd1b192bbb04e0e95c844329041b48f11d,1
0x0fbecaf751f2e8c48471003fe1c656acd048b7c9,1
0x0fe40be5756666c7787b47f901d9d637ee6caa92,1
0x0ff7f5043dd39186c2df04f81cfa95672b8a3994,1
0x1003b47b2980ae3cf433165f81296ef747e4f484,1
0x100fbccede5093ce48a462b3161748d7376b61c0,1
0x10157e8f70a8a971fa16aed7982a58ffc8e9bf2c,1
0x101a8900e4619a192db5c2caecf4be3881320b75,1
0x10579a47a9585d71a102f59e76f8b3dee330520f,1
0x105c9ef0a0531a3b1b692508efe7994880d942b7,1
0x107752288b215467de25c16119787d715ec8e26e,1
0x107b2e855528f344556f8c766a6187326a2c2fa6,1
0x109da05784c120088d76d3d2d5b0ba712e6cc874,1
0x10ae4c57bcda7710ff605e66df39f78746fe3c83,1
0x10c054f9850101a0b260eef7930176a8e18e69bc,1
0x110aa311f6155327ecd59ded63710eb7e1e772d5,1
0x111818a51c4177e8980566beea68fe334be7b76a,1
0x115894b2859e58419d1ef4787a79a431ce2615c3,1
0x117dde66c2de2979ba4619d8d494fd20ffe96c2e,1
0x11a22b262e505d355f975e1e48a365b5d4811ae0,1
0x11c03b0e147af0e527a7f8bdfec94987fc5c579d,1
0x11ddd2eb0bd45c373aa19940964882fa516263ba,1
0x120e4809a78cfc042bcb090b8daf6b40963626a4,1
0x1228a857fd7ee845f4999f33540f6b9d0988e80d,1
0x12829cf6f924886aa0b58922ada4cdd37bf9b63a,1
0x1288eb773f9ab5fd2368c870f02aaf97a7bfce9c,1
0x1299fef16513318d7cfec011c77274f5be94a625,1
0x129c6695dfe7a906bd8fda202d26dfff601f83a4,1
0x12a0fc764430a24833fde0310fce8071e1b5da08,1
0x12b6b076b169ca1d25b7ac5dec436ea8067b0cf6,1
0x12c913b6fb835b90ea3751403261918cc66c0929,1
0x12d235706f35f3fec12e5b7f06322ffc411b47ea,1
0x12efdcbbcdd6695109ada38e33c56173c2ffe2c3,1
0x130f0002b4cf5e67adf4c7147ac80abee7b3fe0a,1
0x133fc918b3a27fa314c45a08ec7eb794ef0283fc,1
0x1341df844780b66af4ccc98ae0f34be87eabe1d5,1
0x1352b3af249ecbb4e6f319c2d3da7d76e5ca271d,1
0x1361260f84bb384bba603ff622a141bb4eadf8f3,1
0x136c46665b05c68ff565578d012c5d63cef98192,1
0x13c15d4a5b09548a07e4a7575fe87a7633e40e48,1
0x13dcdadea84242eacbb956f16fd5eeec593f1731,1
0x13eee41d67b8d99e11174161d72cf8ccd194458c,1
0x13ff940b09c7624340788b4f9a0c16304f4e5d2e,1
0x140ce4fc34487ac55838316373eeb87dd10b65c7,1
0x140d0f8e3b3050284bb70d6850dd3a451a002c39,1
0x1424183f0494cc5e1ad390390fedad3dce8eb517,1
0x1430997022e8ccf845af34596ef37f4754983f85,1
0x14443fb547300ff12ae7230d13f531536e648c02,2
0x1471966abfe75cf87fdad8b76d657eab8400f0b0,1
0x14ae8100ea85a11bbb36578f83ab1b5c1cfdd61c,1
0x14ddb398ce7a516c399a95b5d5c9a41326ec93de,1
0x15044bfec82b86dd58b39d2bd2012a1a464cd3cc,1
0x1540abbf71359948fb8a26981ab337e0ffe90124,1
0x154b0c6f694db030225dde4a667f5a6a69a32e5f,1
0x15c69e9b03beeb7b24f976d33ade9027fa27ca09,1
0x15e7bcd372dc729de8333b71e56b88eed73d52b3,1
0x15fc6728ec8d16b66e7151a4df7261b331ff8b7f,1
0x1609596e40848343171341583bf60894a3cf819d,1
0x1666b49d92d86e280d85e74eacf345f4830e0cb1,1
0x1671ba83ce928f6df0c9973098db430bda4d214d,1
0x16950b325d69286795dc77de0e357387edb3fcdd,1
0x16b5f4bd2da9dd42f8be4949f77d84e090c374d5,1
0x16d7764f8c592583c6f6bbbe34332053b3566b91,1
0x16de682381d61b51b65fee8161d1f2afe3df90ca,1
0x16e9cfe34541d8601da1fab1707fe2b1b867887f,1
0x170d83dc2bff8ea8fda6cbc14ed7ed965a3ee40e,1
0x170fb8f8f37776dc48184686dec386d2d1c41cc9,1
0x176ab08b25404b8b09026731c044daeac68164ba,1
0x17726f58ba7350a33d08d1bbad623e155fa2daa0,1
0x1773fad6563cd5b6a903e8bf81e9137127f941f8,2
0x177a8340bddc2041cc362aabf543dee4e394e3e3,1
0x17af704a99b0394f47fa8a3eddb2f4d8d03cbdc7,1
0x17de8591163a8a9b6752efb9d05cb7290e887a6c,1
0x17ec82cdaa13c181b5ec7ae02bb56a7e222ce17f,1
0x17f3b89b137642e60e7717a757c68984242b6749,1
0x180669310d089fafcbee40479ee719752d680d4e,1
0x18194a7c958ac751c3fdd11afe4aa0a4bbde49a2,1
0x182bf71ae02c7ea2907ab3a57000e2d2678be2b1,1
0x184a0aa66bf35abca7383a81ff3d4ea5d0ef8990,1
0x184d31aa3e08d3ef5436461cf4246be67cf143d8,1
0x186d562907bb057377d5c87e4f543c434fdb58f4,1
0x18acde87a0405db0b282c177dd789969e544004a,1
0x18cd697a2b02e50a615460e9df394003d5da0a13,1
0x18f51b4d7ee33d06be82ab78e447194f9f4db76d,1
0x18fa4f80a6dd1b7c420fc663ee8f6cbd72b62b30,1
0x1920dbcfdf0fd291a71bec0b66e20ff8674b01a7,1
0x194eac8180177c5261df925b872e0b29ced2f54e,1
0x19d0791b541cf25628f4d7a98b92f4f7d6ff2791,1
0x19d266792b28a441cb0f6a3334ba617ef18b50ee,1
0x19d4ccaedd75ef32ba76430af03e27cee010606a,2
0x19fc1d3df70a570b41ee7e7c841f574d4ed6eeda,1
0x1a2f598028c1877c39b9e978aa0ffbe5d22cf43c,1
0x1a41ec571ec8fc815febf81fcbaf9d7f7ec98849,1
0x1a6f0dddb884854355023a2dfe26e9174f8e0290,1
0x1a7f174dcd4211d41c7c4d7dbb3a0e4db5780c67,1
0x1a8c46095c4c44a0f4541d8f46962675378d27f2,1
0x1a9aee029a1b8c69c4404890c85715cc726746c7,1
0x1acbc9fe1d45f0e2872435d57ee4fda66f4cf004,1
0x1ae71aa9dcdee0eef5da60586d9501d9b54b4ee0,1
0x1af7a2f37e7aaa12d8d275aefbb5b5ecfbd51225,1
0x1b3017b1975677e285b02a844a5c4d61873a3413,1
0x1b4576d4abff0a5c45934be9050fe166293843c0,1
0x1b59ebd2ea04fc6a54b388e4408d6e7e4da9a456,1
0x1b9f0415ec380b539b4c16e4e8e6d5192a076a33,1
0x1bb1aec6bcf7f4866a7e7c8a5387f67c083fe921,1
0x1be9021726e5eac98bd3079b49a8de6e60744e04,1
0x1c021c04cc0ebaf53f199491d312fef3995b6ae1,1
0x1c07c4d4be83d675166dfe9d1a6592ff9cf0f194,1
0x1c2a6bcd0184566b21db506a7d6300a6d54ceaed,1
0x1c3c1c24d4cf6b2a73f4bbeee33d9d5ec8048aa2,1
0x1c43c8e43fdacf55f2f7ac44768c2bef17d02258,1
0x1c4717309e6094352942b8d22734efd027f9de5e,1
0x1c62e119fa94aa00f1fd789d8d017588ad0d4ed1,1
0x1c88583c03a2e9277bf6043e595dd83b19dabf64,1
0x1c8dd144a2fca2fe78907291752c464cc9f67bde,1
0x1cb89e486db5774ba084f683796286848df489d0,1
0x1cb9998ab32e6d172f301a10ed8e0272d96509b4,1
0x1cbf9983e0d59276a58db8e8529706004fcb1837,1
0x1d06ed62424071df820ad49b4d1c9923596db427,1
0x1d25029d92a7051f46a13be9a512443c966d3542,1
0x1d432f64767e40a9722ea670353181660183862e,1
0x1da0f2a58e65d98a8d04ba3da56cff9f5ace5615,1
0x1dc9b7b2fe8a47240f0742f99e65426a741ed3b6,1
0x1dfcc4c5af74dc92ba1516d93a65d048c02627b6,1
0x1e05dcea408fa504707a17ddb4b28145e762b8e7,1
0x1e2fa044a25bca1576ed94562db50f51dcc24ca8,1
0x1e2ff7821ee62e3cac592b5625a7486e9e995b6f,1
0x1e31c76b78ff00e3cb64d41d5844626d991ab9e8,1
0x1e364eb88cbbabec80bcd7688f7059274f54a39a,1
0x1e3b6cd74d67421f01c588ca0a22809dc34a4c13,1
0x1e4f4df03ef9dd1bceb2d3f9f2cb1ba18c816704,1
0x1e66637df0dc4171ec1a542929967c8a659ee09c,1
0x1e7f2ef8bbde7fcaea03ba0c83d5d293d066f41c,1
0x1e8135178b7e0fb224d482eb1c9cc8f07242c613,1
0x1ecded4519a9688ef4bfb5f15811c52f048ba1a6,1
0x1ee5106b2233169b84dad2acdbf498b29c3c7d15,1
0x1efef24c392447c130066d466aa7e292135501d5,1
0x1f2df2c970307ab0be504a8b1bfca4347bca14e4,1
0x1f2eb98b4e5a445b166cf152e50c008b85ea17b1,1
0x1f3196545e0ba9513c28a3fbfe7d95e524d0b539,1
0x1f575360c38a0947b92407642219ab9d5ab44d9f,1
0x1fec1df6b61e7b20a30acc6e3974036479ed7d44,1
0x1ff2aa2beb5b6c33a56e97022f5760cb3195ff2e,1
0x1ffd38df2f5714835bf6aad84f6a0ba7c83b3335,1
0x20232deb72aa232ffbe05239f933e36d232ee8ff,1
0x204864a8e052256825a3ca1dcc1027a916264103,1
0x206b0526f4866e7580780015cbacbb4a8dbb8c80,1
0x20aad672137302dd42a20bae48c180ce76ee3ca8,1
0x20ec02894d748c59c01b6bf08fe283d7bb75a5d2,2
0x20f0966f65c710e9c623e1961c4c9d6193a8abd5,1
0x20fcda3d9023866063ed8e4e13e84eb145cd5bcb,1
0x21196def77b42ff3ceb59a7ef6abb13d0247322d,1
0x2123edd3ed0f0c09a7af4cab58b4881b50a1f878,1
0x215bc454da079d610abdf1619d1b29c7795a7996,1
0x215eea731c4ee9dd4a958533bf6ab691b892858b,1
0x215fc4d12967ddc2432a7b8936f2849740edb7bd,1
0x218a211431d5592316717bb9ac07d36f18d3c8ef,1
0x21a417f3b18891d5e515c46b0331425c33622100,1
0x21b9c7556376efdbf9ee316a4ede0c8257fb7533,1
0x21c62b005e6e8123c33f0008debca41ba785f304,1
0x21c9548b23b7ff3850d7354d17d48db9217370d1,1
0x21cee4ee395cdd13d5b2070a521ad6fc0cbbc426,1
0x21f11929694bef09b17632125a7df0e2cb60d615,1
0x21f63fec716869f726d309cd7cb65a1370463f65,1
0x2206445d241ccb7dae93b2d2acfc67f75b90fd76,1
0x2227aa04edcf5683297d31489f3335c58fd7dc0d,1
0x22418183c90741bab6606c0e0d240ae6c3a148f0,1
0x2259cc4ff58bcb4a748e2143ee35be3e0564feb7,1
0x225d7280ecdb9f1f993bff2f887228974c72093a,1
0x2285ec40f3618718edf88a305fdf4b9fe89ba5ce,1
0x2286f534a7821a952592fd1d4c78ffc453f64870,1
0x22bb81f0207600f8ecb7fa1795cbb995e6bd9726,1
0x234890bb60245ee6ebaf801e0812e37767005f54,1
0x234892f1c8cb50f0949e523c2971c4d3debfc3a5,1
0x2354a92e93eb7267397e54c05bd4d7df7e88b384,1
0x237df448b02e147b6dfec72d49a46b1c1cef0048,1
0x23cd62376ec225d543e5abab179f5da40ebe28c4,1
0x23e3619a8db34cf84c3a48ac08cb851dbe2f87a3,1
0x23ea9062eb0201ed82e080d6b037e2d8a40bc0c3,1
0x23f54740f83b0ed259af8e787520fa2d04011a31,1
0x23fed2634fdc629c1a82eb6ed3391efad2a58670,1
0x240804d7fb496fc5a32b1eaccbe9ca564590a68b,1
0x2413088c7abc4a474816ed51e66e778de8d49831,1
0x2420ec08000ef5ae592cd3549595a5bf72d11e79,1
0x2452d1a41f457ba0acc23e275af9fa2af64a9cf0,1
0x24d579be58c48f6ce7b6606a5a8d434ca0f22a58,1
0x24e838b0181c7af61518c27063e1dc9359cd2f0f,1
0x24fbadccd6684106e24065694ac87b0e98819235,1
0x25041bd00af867b2d4cbbb5190178f8046ae51d6,1
0x251216dd3473ea5fcdbaffd0dd0826017f8e1b24,1
0x251fdf6e132ed2bcd1f970dcd690096244851cf5,1
0x252660b92024d537ea6361b5cca60662f991de10,1
0x25630e4ab8728c3d5829299b8918fffa0c99e555,1
0x257984b6b5bcfd665532649450242d4df1eb304f,1
0x2595aaffb353e812bb5cbb63f7f62e36fe528f02,1
0x2612e4fb49118d6a70bde3f4188b1db12a2ef536,1
0x261cd1771b6ff5dedd5c1e6a39a250c062a26836,1
0x2638c0c7bb8b6cc7af4f90a7ab01df9398e46893,1
0x265a632d33d5603f75791118b791542fc4a26eae,1
0x266d5bdae1a0bb609b3de4c5c8aae4231e356bf7,1
0x2675e735e3ed75bdae4bd5d541d8e92c8bf50331,1
0x2687224e662634810fe70700061c7b3e24da7e88,1
0x26dd8c07cf666502f729daf1825268aaf964d2e3,1
0x26f8fdd4f8cbf0ca1087e4f0b9e44930f5f2f159,1
0x26fa78b90f72b5816252a9eb3a13d9bc1fea1549,1
0x276d2fdee27b37f071f7f21f8a8ba0f6ace59051,1
0x2771cd857c21a1117c51746dad0187223630af60,1
0x2783117221a0c5cfe0c93e85f856d665ec73a067,1
0x278d223889c4ca1e906af51335aeb94240161964,1
0x27ba87df095ee2cc856460df9df1eeed2739c055,1
0x27bb5366ef655819337d6ffd29a55905608c853b,2
0x2820930e1f7bbf5af46602b37941ee51a31e6cd9,1
0x28838f30a187b71265fb6c48ab84df27621283bf,1
0x2885209e04eb0611926434a231d4460c05048e78,1
0x289256fa6de33947fd292a9e94a738c3d986f8e5,1
0x2894f4fe2c4dfc83b20445cf1511d9892fc7ba73,1
0x28ac01ebf289292783cfaad9bbf2c7fe2666dfbd,1
0x28b8d4f7516a112e2e2fd462293a1c27cde327a7,1
0x28bebbbf890da864c0db39e278b868493eb7c8e6,1
0x28e38d3bf57969ddb28eab925ad4de50be0280fb,1
0x290e57ed8906d3d6069730ba5de199c6348256e3,1
0x293f89d437e0e076a01d15a6718d6d5d66223193,1
0x294c0e460f922224e2eb4451e870c1d828223413,1
0x298a674924cbddf433e91cb7cd8da2871d98b69c,1
0x298b54853554b10fe770a95761ab60f970086963,1
0x29a8fcdbe61302b42b05da77c7db2ef21ff630ca,1
0x29b66dcb7f4b00fa3756aa6db290c041bdde0fc7,1
0x29b795d5c8487da93c9425f5aefd66fa7747a4ec,1
0x29bd2d1bc9382ab20ee799b6a8beaf9de1a8e929,1
0x29bd677c28e08a10d4dd1e4396d7a8660b9e7351,1
0x29c6c7cad9c7f5dba3f0e96bbcbbd7812949b1ad,1
0x29f0f760691859946da8b11cbfd233f42bbaddc0,1
0x2a0a412e0a0d436cca7ddba177c4dd9f29801062,1
0x2a0b58bf9d84e630dddb3e9b8a6e10484ecbf8fa,1
0x2a4d5d5759f4a944725ad4349b2e71eb3b34c02c,1
0x2a9124f2a67f208dc9161493d23ffd7f3f8d008b,1
0x2aafb34b88eb8d09ede818f52e743e312831fce4,1
0x2abbbffb4787177021b7a65334a144e13a31a22f,1
0x2ae7ac4d95e1bfe1172fae1c8efe9097119216cf,1
0x2b035be2221e51220d35ea51908d095117d72936,1
0x2b5a73ac5a7c9e808afbd963f07d55bca8d36a43,1
0x2b6565c457d6e73efc15eab80b8ffa34b6bf122b,1
0x2b875d3bbfdbb6775d9dc64de5a1f7b69a1eedc2,1
0x2b909662427fbf80b5253c0ab9f810fd0a024e79,1
0x2ba01d3615c2890a3c19afccb7f2361a705eab13,1
0x2c01bd4b2de3fa5971dc5bc0493d44392f3064ec,1
0x2c108752f4ca04a46362f4e41149f2089faf8ab2,1
0x2c31159f1497aed2cf9c028e55416f3050db1dff,1
0x2c3b3fea418bf2d82ab2036ee3a35cd9648fab7a,1
0x2c45f65d254e85584b47ec82450c91a30cfc6be1,1
0x2c4eb85c7a0c78856a6226bd6627933842fb00e6,1
0x2c66b04965688c92e4487570b829796d090363c4,1
0x2c8875f34ceb219f61b7453b2c5f100ec2f6ed33,1
0x2cdd61a4978911362f8e66621da3bf330e210296,1
0x2cdf6562aecd383aa45270f22b35920913f83ea1,1
0x2ce993a361af4621a9eae8372c2c9a6eee5c2cd6,1
0x2d17a7381c3a7af82e3bcf02173df197ae3fea4f,1
0x2d8847babe626dc384d026f91ab296bbfaa3d261,1
0x2d92214855f88f1a3f24b1a3f8f6d533cd0e2e37,1
0x2dade48d1bdbd2140b2d3e1c3435b0e94d86375d,1
0x2db9d1fd0a63d179602129a3a22473f696c5e676,1
0x2dc488ae3a773584f9c3c8d52777f93daf88f9d1,1
0x2df819b22420b7be533c873c0de84fa65be38817,1
0x2e1241d948f3c64634cfa27b0da30ecb2f71aaa6,1
0x2e3d760ac1596a3f567627d5ed59a45a794053ff,1
0x2e55651c54af2f2fb57191290c97887b993ccdd9,1
0x2e6473da3bbc1d38795744ad706dd29fb1671e75,1
0x2e6cc9a4845a0899d6ef9004b3b8fef13760ebeb,1
0x2e831311d5211476fa5e9cf5cc65166de49aa601,1
0x2ea8736c7bec79dd0efde56f1e6ff86cb902c7ff,1
0x2edb41e7ad7e8a7c4ff0aeedaea1318e664bd003,1
0x2ee0485f71764bcd2062a84d9455688c581b90f8,1
0x2ee4c45af89774c76a8a73178c281089a8771a00,1
0x2f365e12ac5b2a4ad26fa7990a2f079ad6476b91,1
0x2f8db6d7f737d7579ef5dbd5e515281624de72b6,1
0x2f9725591e43ab7db17ad9cc9cb14c44bd625d4a,1
0x2fd3c17ed716388bdfb63b2dccdc83e1271cb66c,1
0x2fe89a08b6c1c2c37fc8ba54fd508530a26d8e25,1
0x2fef1be7243093c6164b7b9a87ae388f60c249b3,1
0x2fef6af872801ed26d4e94ce82779fb848aad352,1
0x2ff08c037996d75d8680064241186768cf4e1fab,1
0x301c90d53f9dc87fcf92216147a1d0104521c992,1
0x301cc218009608e59f9647f4b7dd8a49be8493af,2
0x301f52a3dbd200fef64261289ddba52a9ab46581,1
0x3055bc8db0a3998500bef8bc0980f03f47f8a3d4,1
0x307a9ed60faabde3c98eabd2903fcf59f4ec16f9,1
0x3090fb16a6fcf9f85a8d55b710958227154f5083,1
0x30b7b41e299f90ae78a11b764ad2804ab2bf272b,1
0x30bc69d36190af10ca920058c5cf7ed8b7233dd4,1
0x30e0d33a9261769ac45e59a2a488605508e9f6fc,1
0x30f96a8defbfd7729d1b9ca0cb148e0c8460b9d8,1
0x3118fbe9ddfd9ba217a0bd0c39cac257fec022b9,1
0x311eefb3864993fcc3140e4284aba29615368bf9,1
0x311f2b05f8c9dacf4443da9951443664368e726b,1
0x31249c9ad60b319eaa6fda00a84327ffbb74ac72,1
0x315cadee9933fa3fe80620bd398d807389df3d45,1
0x3168a9334c9106bcc947b4ac0818eb1613b91e64,1
0x31ac560478b4bee5565abbbfc92d1e1607cc0bd6,1
0x31c55f64cdd0dceb6a3ce2174044ad9350e2c337,1
0x31c72d0d03adc76456d3c14a4fe19f8aa8307c16,1
0x3211869ed4bd73ffd29434f98df8e0aa4d07f031,1
0x324071d8b93f5ac1cf3c912f29a2039695612ca8,1
0x325b6af1a3a4a693b91cf9a7d2f672cb5e302ede,1
0x325e7d11ceb9fc8e0ec8e4612261f65168e230b5,1
0x32606c4aa95ea78d7c5b1e0e347e3e9ae451434e,1
0x32cef996a8901743d26a900da9f042689334413f,1
0x32e263cb9003f7fef329080bdcbc82f5cfd6c02f,1
0x32fa08b75621da5f32a21a14fe9b66543ea14606,1
0x330bce303d27df0eb1b856da3464278db1db1ac5,1
0x330c73488e897f67830acfc558e5664ec9b91fb5,1
0x330dc8f805326d1050d604664defa04b2ac30b2d,1
0x331b4a1242ad6a794ef127bd61fe57d7bdfdbb80,1
0x3327672926d739cc5bd6a4d5a1ce99b2ee5ea786,1
0x3330777cc5270db65e7df1d738e989dc16dd49f2,1
0x333d9d6f96bf1e20644e4ea5848bf6e90c13e95d,1
0x333fb34a2408daf588a9f97380025e696e4a4597,1
0x3353ece616394227c7614701cdb5e5b7ac573a4c,1
0x3360f2bc513563cbed5a02dbb1d3b98e98f7ba1a,1
0x33631426077c380edb2fee05effae4e8f481b648,1
0x3368b4733a4552b38b7d81c215d88cac4c78d8e5,1
0x336fd0d5209e848ec6186bb304c352f74d8a846f,1
0x337133f735c2ddbc46c179ae28d435381d18ee34,1
0x338879e0f5793e1d5fdb4357f57e08c6ea00ed07,1
0x33b4ac4e7444e74e5c1b5a132dbab6a4db5551d2,1
0x33bfd3ba3bd175148d1bb1ee87e865253fd265e5,1
0x33de5f7c0dcffbbc399b603ff539250a2c132e3c,1
0x33e913e15c2c6a0f35126ddaf6bb34c99850f79c,1
0x33f7bd98720d53f5decfaf764067b43ef52d922a,1
0x342bd953d03c0baa824124a40e33010a215e51f5,1
0x343e85ac3009ac01538d4251900ce1a2b7d7ffec,1
0x34433cb54d406d231cd511567f33ce1914fc888e,1
0x345ece8b7fc0e91a066130e455b951aff81cf0b0,1
0x3464c547900b042cafee1b8f3a2c9cb7ca99e8c4,1
0x347f22e52914822458fb95785008bbfa0fe4a9b4,1
0x34b045e74b751dd5014653c73f910aea2402005a,1
0x34b93462e65303f3857460971584fd0d908f2f45,1
0x34cc31367cbcbe357fd6a1d470bc914d8840dcb7,1
0x34dea787524a930670862a27bc7234a1897e1bf2,1
0x34ef437b68a0ef279865c50272c1e55cef666666,1
0x34f5c36dfd35ef66c996eca754bc5e38165f31f4,1
0x3528ac1874fd40bd703779a6d8df3ae27834ec91,1
0x3543493a76ce5ca362dd6eeef000547de52b6875,1
0x35f81e2cf7f0425f0792fc663e8dbefb6f89a5b9,1
0x35f82c76bf78a17d5a844e116e0beabd7928a1b2,1
0x360bd0e8ef21909115d520b924e72de923eff47e,1
0x3626a741f24e48a97dfe601d9861da5ffd3dd48c,1
0x362afcd82d28a12b401a3688c49d8c5a6a52c2db,1
0x363d81817324f4bd57d5a022137fbcfded12589b,1
0x36694d99f0008c89cb661e26080e2bad464509e2,1
0x3689c216f8f6ce7e2ce2a27c81a23096a787f532,1
0x369492c9bad36280d07da79af7ce20e41b575bb8,1
0x369615bc57975b06c418f42d3fda3754a385b97b,1
0x36a2e7fd5c275ca3ffa89962e81532d9a425dfbf,1
0x36c4a94b352eb389b39d098608737193b26ab051,1
0x36f2e6ed9be2159f2de41150cb5b2dc92657a801,1
0x36f87411f933a9612ea29b77ed506cb17e7dfb07,1
0x370ab7fd37d07ed1b561df5fc1513e1f906696fd,1
0x370ce44dfc5f1439a707173159da7c9218bdc0ba,1
0x37145f730aa36ee38230c49830238beb3f4b3d32,1
0x372ced7af27e31828db5ad1d1b09417c14430fb2,1
0x3734c5ff3db6378fd4fed019ec6ff347350a17c3,2
0x373d419979862c6845e74cee5ae1e075801b6abc,1
0x374b358c5ee4aad856bc123bf9d1ab564e6caa8e,1
0x376f96833b85f5a212adddbce0d172340621d1c5,1
0x377dc44a813b84b7b967ad8827e8876c0d2c9a29,1
0x37e6cb993b074cee0769fd6bcd8154768f585ad3,1
0x37ea6c993c5f42e1fc3455d5781e4a580760970a,1
0x37f8623e9d526c18826089efe35b22daffe29c29,1
0x381a88ea4d9594379221953508479969332e8e11,1
0x387033255456a7ce00f07e8aa0624b87f6936aed,1
0x38745e1176ca9a141929ff67093c7f8ec77e6e73,1
0x38747353abc88cbeb3a571c33eb24c9650c8cc61,1
0x387f802c6a9ecffc8b8f6bb7b80ea0db4cef9810,1
0x388160a99390392278afdba240046b8b5e73f77b,1
0x3897a7ac052f01a2453deeb42929c1c2aea86377,1
0x3898937373f1e7036a57fa902effa50e1fc4d386,1
0x38a6787041a4ffee81c06a3429f7cddc150e4aab,1
0x38bb632b700e60abfcc1353410635b027e2bdb4d,1
0x38e23cea342deea0744a4f68780053f347b8bfa6,1
0x38e8362c0c0751fa1a16762bdabad68728f08a95,1
0x39256c222e2a16db63f21da9d8266fc6f95f45b9,1
0x3927e502c865a2c873a735775e224930eadfd2e3,1
0x393e6acebfe4548c645fb3bfa2991f4c60ddce20,1
0x395b043596d3d72d7343b07adb6f7bcf2c75bd45,1
0x397fbd1e27352175cc5b6baf171a30911268823c,1
0x39b6060f56a02c45c5da0700a660ea9028cdfbba,1
0x39c54aece5a5faeabb11c6cd6c59ec77f3b1d918,1
0x39d763077f1058c3eec01c9a7b7493b07c807dc9,1
0x39f3c15dd690163b5d985543484a8b51fb3233d1,1
0x3a03357740ec7e5b69acbfeb1468dbc1f584e1e0,1
0x3a0c596a40bbbb558d86b0f692884aadf1dbf20d,1
0x3a4c619284748869eb3ab16494b461256b72f875,1
0x3a661a18cb0258119636dfdde098648c6ad5ba62,1
0x3a71c05b9666e49b5dc15df245b6d16d8f66f710,1
0x3a94ec43996178f7013988358f58baf18a4cc707,1
0x3a99b94eec044ef0752caee34a7b301d75c20097,1
0x3aa66d4597f98130c7a319024591762d772fdb33,1
0x3ac15262b5bbbe51c9d0391da26f79f86554f808,1
0x3ad7761cf3ccc95ec5757ad18683c777bfbcf83f,1
0x3b23b754a8f59c9adaf721302a40862e387aaa4c,1
0x3b3df8d0d28b222bc26c8eff4bdc2cec996f73f3,1
0x3b5f66d25593385f5dd1c5a96c5524c7ecb92ce0,1
0x3b6915847d3c961de0f8bf994bebb84a0e2f4929,1
0x3bb2272ddc716eafb7ef8cf8060267f23973d0eb,1
0x3bbd5bcc4a900581559614270df40c9078b2fc4d,1
0x3bc1b52d90fcd503031ca39f718474f3b42b2200,1
0x3bd0432c7736bbbf09ce023c42f8f7271c3e02b2,1
0x3bd5e344ac629c9f232f921bafdeeec312deac9b,1
0x3c0a9a38407383d914a80a593730d8a5fcbdd96a,1
0x3c47df9ae815c73aff0d64d3e097b493083720ad,1
0x3c50226133300ed131fc883e10d9e8e993aaaf67,1
0x3c8a67ff9d751c3cce50c9acf617959396daacd3,1
0x3cad267ae3fb07a5117b2089c4a0a57a6a7088bf,1
0x3cca02f925ee47a0333d3e40b98956479b580d89,1
0x3cf35c4f2ae545fba29434cd8522d71deac3e17d,1
0x3cff647149343e09e70c8c84accd34dd6aec5f78,1
0x3d20c3f372207074df1a0ab5272c7168ce23d178,1
0x3d28ff646d96d9ea0e67ab8c218d5369baede82e,1
0x3d49b36ba897ba8693c3a86834c5906a07bf1a0b,1
0x3d6f01d40c46bd3e174a929697c71d21715bae3a,1
0x3d98036229737b2d767666b8a5817f11d0fc2cc7,1
0x3dbc93aecd50e485ecd2dd6dbe73d1ec19a4d839,1
0x3dcff2782f07b19baed2f992e901d2d8990400d3,1
0x3e1ffa5f95dd6218ec4955216e3df532385c0e2d,1
0x3e47c8acb9f2585e941ecc3b644d1272c2b538f8,1
0x3e68c28d9354e3b68798ca5b0983f76680164a9f,1
0x3e6b87ff2168d15794a865d09a6716415e7dbecf,1
0x3e77fe1e72f93e891691831e684997e0de75b35f,1
0x3e863eb1cafd6c64b2a9d80e980bae6f16fb5fe6,1
0x3e9f4ab687b21f9617c5ec842f9abdc90b29e787,1
0x3eb8f88422dfd2aecd1969e24443281cda239acd,1
0x3ee4a408d933953571cea6615a55f2873ec8201d,1
0x3f1b2862d959961c8e0021991320bef9a7d506ac,1
0x3f1e2953ec44a6d73ab54e5c6a07b099e7dac7d2,1
0x3f2a90e0ebf817650f52119f1b1ebbd2c1867bed,1
0x3f2e5cff06b9e7f1c33f3c3112d17530fd0d08d6,1
0x3f4373afdde3d7de3ac433acc7de685338c3980e,1
0x3fb47f7db5ab1a3af5ac3417a77cb7dbe70ee6c5,1
0x3fc6c595a3445d56bf5d8322a392f3e027197c6a,1
0x3fc9d73f76e697113bae54eea77325fd74aa6057,1
0x3fcebe0da84d398c57a08004ab79b0840f3a6ee3,1
0x3ff680ba6d2b6d0b677284da28ac2dbe83feeccb,1
0x403e9cf0fde133ddfcc0b6adc4fc015679a5ed03,1
0x40758adcd05f5d977b5e180d247d69ba0da4ed09,1
0x407a0d6ff58b6202f03fa85539a411a7c62425e8,1
0x407c33ac35a9edb9a2f99633243fff10606e97d7,1
0x408198596e2a166d80d61ff7db4a8ef5f9e96e79,1
0x40a4fe928369b08e148186f83f1a051950e02809,1
0x40b471854fe343ac40e1c130ea7c0382a8d04c05,1
0x40b767d119dbc81547cc13c6c55b6ed40a6506f1,1
0x40bcf734420b333496b37c8ef2eea46dc8d66354,1
0x40ccf59a2b4777e9c793b8d4b882ce9ddad169f8,1
0x40db0276a8d3fbbbf236eafdfb421f70ce57612d,1
0x40e611becb3a9a0b66c7cbcb21ffe01a1cea43ba,1
0x41d5939a4525727cc3777073b40aaac6030a22f8,1
0x41d6f82de64abbfe963a1483e6ae6e0b82f6e4e0,1
0x421c05b4934f662ea0f520f3e51d6483b93114ab,2
0x423232b60d97d4a989a47ee5fefd47c8dc4b0e1d,1
0x423f1dcec0bb24db5059bbc703e183b18bcd4ebf,1
0x42689518d72a0fdbc34cfe30aa36d89ed8beb5bb,1
0x428d49fbce9dbc806f5458e946dd463c49b498f8,1
0x42b46951ae492fde820016ad6432c1360a227dd1,1
0x42cd7103b8c7b195516a72be6a0d65df71747fad,1
0x42dac2ec3e4231a0d046e7ba6053519f9db20b7d,1
0x42daeb9ca091e3933c8ee93c029701b926b1f336,1
0x4306dd0c18b58e34e587003841d736a449392d49,1
0x43176751abfbd7a39549748aab57641c26df7129,1
0x431973b9593a6f273512008670979d32ce4f756d,1
0x4333655362e369c52eeb3584aa2c3c3f8d58fd7c,1
0x441ee5e616eefb10116d25fd2c69499eca8e9126,1
0x445469b857d64fa63ae7d3af5ee8d66e29b6d443,1
0x446b025cae2324a5a795a42d56683876c6ea9dc4,1
0x4473adf627330f7995008f3d05b3a74bd2eff134,1
0x447afa4b9f5c187f39f365166fc47dc33793ae0d,1
0x44869eeac5821b8e68f8baaddd18fc24897d98be,1
0x44b4d430e7c56e4ca04c5799e561063ccc1f1df2,1
0x44b76fd4eef6ff8327c3cd7359e2177de463e36e,1
0x44bb573c716a1cb06ba3b57879ccd3f264253b56,1
0x44e9d011df8741be2493e99297e9ad67bb1aa85b,1
0x44f2afb689aea37ab17feb2420f17f9a3e851307,1
0x44f582082b6a79416f70bd2e19f0f8e7eef1b8b9,1
0x454908004f88436f46efac5578b4984fe1375206,1
0x454ee605b0e070145fadfce49b072b029099078d,1
0x455b9309eb183486aea6236888e54e0e20680b71,1
0x4583e00b4d17ce9e969f94baa2a6336f923d68de,1
0x45a2235b9027eab23ffcf759c893763f0019cbff,1
0x45fd9281aaa095545b7e6e297a4d03d03dc57986,1
0x45fddb10f5df4a50d75687163ba57dbc941013d8,1
0x46101255b6390caa85a079cac978d9a277d02e29,1
0x464d3b6a9747d2c516f34ce6f8e1eb93a181eae0,1
0x465109f0f3f0e952fe88b7123d803160e9db79d7,1
0x465d46e45ab8868035829ac53cc2c25a578aad13,1
0x465f189d082f999c47e5e5aea9c05ab78f39a77d,1
0x468cbad61a63ef6d753ac395d99ebacddcf437ad,1
0x4705bc2775cee0fe266dc2a376010c0eb1bcb474,1
0x4707be183d8d10604bead4a775cc6eadf5830997,1
0x47269f5eeb792bc608825b4b7a987528e5f00c4f,1
0x4730497622bdfd6eafe1f09fa22b3a0aca94a646,1
0x4736b438d76d9eaf216561ebf8b67a6eb1360df3,1
0x473c923543d9c91209b087f456d4a796b52ef96c,1
0x473e1279290009775d34f0dd181963508c02411e,1
0x4745b69a382829cf0eb29431ab259d86450818f2,1
0x475184b04d3ba0d40f2a1fe89b19d2c232778ef6,1
0x47589e5f300411b0fca411ddea75dc191f8d1228,1
0x47836f027d427e78c06f24eabfdd1d2089fdfd5a,1
0x47d278101ee9335c3a3baa14fe184f757229a7b8,1
0x47d8404fcd1c52e6642c7ed374fab052b381ccc1,1
0x47e64ae528b2d1320bae6282044d240ff67e703e,1
0x47f57d1c78d203d0affbb6bbf3aaae2cab64c52a,1
0x48238faa9bd6d56fb44a32dac6185f04eabf2117,1
0x4848b1fd841e174333ded56f80471b429a3483b3,1
0x487869b7557f0fdecbc5141da1d7c48c15c5b8eb,1
0x488cbc938350ed55e5e7be56e98bdc06eda00695,1
0x48902c8eeb5580ce8226ca05d5477edb750a410e,1
0x48a356748a488a2ad1369d848032706ba9a3e579,1
0x48a78a1a2d5e02302285cd3d41336d1e54e2f018,1
0x48b9c4e10e10b9d3b9fec7e31fc30dd9629e6f9f,1
0x48bff4fbe9dc13129e7ecb535ff5f632d700c977,1
0x48f1b764b8cd851025b88fa28f92cb855b9079c0,1
0x49063ec5e112aeaab92f50b5c4e81a5630dcf604,1
0x490687b1b8f9a762db84c5b61db5b2332aa47ed1,1
0x493485c7b822d077f14bd6484a5c40f2adc91c96,1
0x4936b305102f442080d4711f14c5f0318e3caf74,1
0x493a94df34d7513adc4a37c8d2f70ff5ebee8075,1
0x4949b46633b810bdd745b028062b30f6b647ec60,1
0x494e6fd90217d3b19be362a4a698c760cb3caaba,1
0x497056b9e7832eeadb26c80724eb79d7ad0ca77d,1
0x49859ba307414a2197c0d301ff5014f9e0f4ebc8,1
0x498ed541fd9b9983222bbc40d2daff6622ee9469,1
0x49b968bb3ee23671c66b3382f4d8ab0239903adb,1
0x49ca963ef75bceba8e4a5f4ceab5fd326bef6123,1
0x49d6531aea6dced6595d50da685274766e4cfc8b,1
0x4a0833202f399e27d8e6af4388ac36af07f043d8,1
0x4a162ea613912dbcc7034867f67f667cb5e8855a,1
0x4a3b55ca53b689219f1fdfd0b36507683a10e38a,1
0x4a9b29cdbb38abeb0183b80c46d67e7ccc9cddf1,1
0x4aeea530950bb9e2d02717c78922504207e1d307,1
0x4b167beb9faca171dd897907094b80efd64d1782,1
0x4b2ef7127640964bf5cef3d1bf8d8f72d8d386f5,1
0x4b3dcc15a8ab43128210fe3327bc830c36a15541,1
0x4b3e77089c5eb6558b5355eab3bf2ee4156bf2a9,1
0x4b4d75b8b0fc7528ea2614b2ca83555824c07867,1
0x4b92e36ced303eeb59bd6c5dac555b2be13fe2b6,1
0x4ba18e6d2723f9a320778cc7cc9f9c484fcead02,1
0x4bc754e0d38f72bf2ddb8f990d08a66a3628363d,1
0x4bd0bb0f956b7dc0c54ca160b5845e953024187e,1
0x4be4d850704bbcfadd337094ed682e4bcefd2116,1
0x4bef6bf035bf8041bcffda1780b66f8132bbef84,1
0x4bfb94bccfd860e1f9d85c10a8949a722676fc4a,1
0x4c202ecf702103048a1c40de587795be293e5b31,1
0x4c22e60a9b64c55077eaeaa5206a4d0c008a42cf,1
0x4c2bf0887432d15a8d337fcdd31062a7381b9c54,1
0x4c385e9d7a9c90baa223ab9b5bfd2da1fdf33f7c,1
0x4c3daaef71d76fe12625e6be29d1c073dbf4e989,1
0x4c4b8d30813a59ce6a3e590f745ab9815a206858,1
0x4c6e348056b8d35075af1d92d521f9ffdea531e2,1
0x4c82a8c78d95ffb5ecadada60b950c577f2ae565,1
0x4c97762d6b0355ba508abd284e55afa4896525f5,1
0x4c99915c161b9d398b0aeff0f7a196b9ba77a150,1
0x4ca1c22a3bff99415c1095dc22b3595d2c54c458,1
0x4cbc4bac934f00c6b60b76dc63afd7d2e0c0ae7f,1
0x4ce87901d7356250156afd04fef88ea492f53f88,1
0x4d239076f0063ec649a5fe23c9b03f0eea62b03c,1
0x4d6ef75a112e266c295c8d156e8e78f794bf9fb9,1
0x4d7e6948fb5ed2d92897de0605cd642eff69fbf4,1
0x4d8e724d9be90584cb3f6afd2012cfba898adfd5,1
0x4e1829da30cd7ae2f3e9915cb8c9f3f203ac7d83,1
0x4e1fc0bb5a42d6a82bfb8ca7d86b2ece0d5e9a54,1
0x4e25f43bd228b6bd5c908a9dc80f38d53e462508,1
0x4e3cc03eb2be6122f2316b84d1c7edb900e90dba,1
0x4e61ed532d7880ea9faffba4f61a0e95ce51eefb,1
0x4e888995a8793130a33de8491e3b8e97c3ae6549,1
0x4e920df64c3c9f44dfc548abbff13c49e8e93b41,1
0x4ea5055f7f3315f498e3672e25e80299c1dfb0a8,1
0x4eb52cded14a1b4eadc93f125f4ac6a80af18208,1
0x4ece83de687d4ce30ea0e9febaa685e53f2f526f,1
0x4ef7d55b2d4f1a0a1c69cd1441d652472d53ebf5,1
0x4fa03415df7af9ce232195aebbfee491d103f948,1
0x4fc21517878b88dbee76f93cff2a3eab0d6304a3,1
0x502ca494f14bad99f320a1a9bb68d0761b0cd22f,1
0x503e4bfe8299d486701bc7bc7f2ea94f50035dac,1
0x504070a1a47f5bd94dd78b879e0d753e7e92bcd2,1
0x506452ab0dacf04db0ab1544b6be4019651ada90,1
0x50abb1a8867c7f62efe40c1f6fb7e59881556947,1
0x50e4a02362373d9dae47f340c82fa146e1d06158,1
0x50e60b0506679b94d62874b70a4c01abf2cbf67c,1
0x50f8c08b0124092e1001b355f4b8ae2df85f715c,1
0x512c579153ac6fd961a7d9e7b19281b855aafbe1,1
0x5179e27381a79dcbd2c5d0279af7ef1a8c46f854,1
0x5183d153a2431d9d582f54a8b2225a3a78f60e05,1
0x51e7dcb835b9dd9b3fc3f90d0c70e550ac6221fe,1
0x51ec8bb228af8aed84d935e0cbed0fdb3fc39114,1
0x522970e0e46760fa5ebad93df89481d5128e6f42,1
0x524ac68d90b3096cef0db9bf3fb19398ec33b822,1
0x524cb61b52414a8413e6edec12891b11f71a711d,1
0x5282dd90bd48cbbc37e2ac547d4d692b6ef1079b,1
0x529096c3065d8a82355bc358e0f2af764c337a20,1
0x52abe6a75eaaed6545b615ec4e0d08e689e84cc5,1
0x52b80d1da1d4becc71a6c07a34dc7642bbd34c77,1
0x52e31f707ecf79e14e1b5b8109b1e06ea7af2f86,1
0x530bc00d7750378d69f72cdc512ff67f588bf4b6,1
0x5321735889e4acaecf122aed1bf32be2c7adf4bd,1
0x53314ed80d217744eaa3cfa13fea6692d08627ac,1
0x533b3bd1b305e0dd44ca361df8f0e481ddf0e3cb,1
0x533fa4a37aaffdb02456d374237091520790383e,1
0x534b8531e362da97d808ba2ab3959fa2597bef11,1
0x537038d516e7e71bff78a555799ce0daa01e79a1,1
0x538f08b2448d69d85b312274b15faa468464939e,1
0x53a28bd6ba2079444de2e2dba7c1686099763b2a,1
0x53bebd20781aaa3a831f45b3c6889010a706ff9f,1
0x53cbd34ca41a2373dc329c63dfca349d90139e27,1
0x53f824318affc927a6a947f9ed6be6f06bee31d2,1
0x53fbe69de8c69cce68b453717006fddad609282c,1
0x5400a7c562e21e50f048b0e99a016ffaf82a6de3,1
0x542c5648d46462207fba8a4bd7d890b4154b722f,1
0x5439167cbea3b1e3d5963b4f2638e118d6c3302d,1
0x545152c6c3077579702d60a1764a405575f395b2,1
0x545acc0e8327de71ed31ad01358d0db37db023c8,1
0x545ef01cad749e47417fef1e841529898ced41fd,1
0x5489cd0329ec89e54e849d1c44d90f556bc27c60,1
0x54972e05c6e0fd7a11bada81e7436329c7e89274,1
0x5497e021e5f678386b5cde72a40bd573d0a711ff,1
0x549c262d21164b57376704813875d5bc558e5dab,1
0x54a1d0b29257a97064a1832beaa517d8ccd7cfd8,1
0x54be3a794282c030b15e43ae2bb182e14c409c5e,1
0x54d5673ee0dbcc896112a5473514f25e96208022,1
0x54f4f34120333e276beb4e7a8ee3f0bacd5641af,1
0x54f54ac68d92aaef256550957b4d8f9d5fd59604,1
0x5504155d01ea74c8ffbd9f3f24b1b11281d06871,1
0x553e3673f98666ef681bec0faf71c576162411c1,1
0x55716a1890b1f2087116e5978fab01150c4fe997,1
0x557631c11a0eb2bbea1df4771e17e5469c60feaf,1
0x557c60995797fa7b47be105227a2e46148d85750,1
0x559fe359e2b4a298bbc74f4a7581c71b743103c3,1
0x55ba0f40b512f75761582ccf7cdd1354404c90d2,1
0x55c06d471a6f04b3933947ce0af9211b85f3cf82,1
0x55e68c757f84f517e2705234af8f5ab3dee1e37e,1
0x560e930823bd81fadb67bda15872b94b6cfd5fa3,1
0x561a0ba50735b1718bc835f5b43f73d4149fa558,1
0x563b4e3be5452bd01852dc5e698ca4b2392d1200,1
0x565465a0e19309ecb839319453e2c83aa0befdf2,1
0x56640ba14fb770f1ed151886ac7bb6adaa96955c,1
0x5683fb02d1d05e5a426f1f5907a7310512d78460,1
0x568943e9b66635de03f8cb9fa14f9fe192e3b6e9,1
0x56ba72d74446569f2ef8d430bc70d8b3cffd0399,1
0x56bdc5fe7f9752e7f5a381e394acfe72a724462b,1
0x56c1e427a420119faa74c66ff345544c41cc6526,1
0x571493b6bb0b99dda41e2da1774b8c9b5bc302af,1
0x5737e99f4ecd2c8225f922d9be778f847aadea08,1
0x577aae969b4f24f25da30750c0d65d12c7314ebc,1
0x57a879266c02bd29d11c956156e9a524de4483d7,2
0x57bd982d577660ab22d0a65d2c0a32e482112348,1
0x57c23be389a66a94bbe83871ead5450272f1efd3,1
0x57df18c6cea7c99e94822726879c59be989c7e82,1
0x582f0b4ae49a31f740a7579d779eb905df8a5b1e,1
0x584456aab0110a0f1b177d8a1cde7aff6d09a292,1
0x585a3c20098d40b433f790881e548c09b90eae39,1
0x586ce789129be5454dca9e1a1d5fd2cc3132befe,1
0x58847353d941840f261366561dab73bcce277b6c,1
0x588c869f84c4c7de0713cf9ffae4e90c861ed3d0,1
0x589012130b51e111e6441124aec250aa3cd35d12,1
0x58bcd7dd3c76225fdb7a53fa81cca08a2aff0f33,1
0x58c5b881fb2794d04f0dc0ec65f94a119cd43aa0,1
0x58d55449e4cc7719970a27bd1be569cd6834483f,1
0x58dbd41f7d98c2ac945e5f0dd19d6883105a33ab,1
0x58e3d079f9ea4cdc913dccf576361f1a5a6b6571,1
0x58fb690183ce2b0bb10a91dbe12c22b1e39226ed,1
0x592c6c12c6cf71722880b9263e93b35ff7952cc2,1
0x596558fd287175afa7ff695f565f65e38547b0e6,1
0x599dbb08816ff0581569d50d7c3c616e33dde697,1
0x59a5493513ba2378ed57ae5ecfb8a027e9d80365,1
0x59d44f2d8e608cee2c3e57da5a5de3bf192a36c3,1
0x59ee3aa4f9fa20cc90febefcfb67fd28815c94fd,1
0x5a3a1461310884df894b7e973305f690fc5779d0,1
0x5a3bef6d43386e9838e432107dfa27d47c048852,1
0x5a7283ce9c4b72026c3d07ee9d604103fb351771,1
0x5a7a4bde5ec6064a66504321af27a82b093f6438,1
0x5a91dd468e303a02c5d7efc67e1797f78dd58ed1,1
0x5a9bff56463aec04ae1f09c62806ebc775e6dcca,1
0x5ad4bcc6c800c2cb78e5403541d76d736f669517,1
0x5b03c810c328d9d97546c07372b8e952355b4044,1
0x5b1022d859a46f42fcf24bcd8f5ab616e52b4800,1
0x5b10d647dfee0bd683b1c0cfa6e49ec4c9cf4ec0,1
0x5b25e6ae547ba6a26ef5bbab21d413d872a1c538,1
0x5b33b6f41e87111b7d22685b297f086b5535034d,2
0x5b4bb3c2bb6e2ec707cc39a86dd398c0a9f69add,1
0x5b7eaa70b55760c09a2a93f9b1c40e3f7371a1b4,1
0x5b8ed97b1e85ea4e5e96c3a6e00b0835b087fce5,1
0x5ba95a7358df442eaebe4fbcebedc2fcf962b124,1
0x5bc5e92233f37e3b80a0a69254a00f9c3b168743,1
0x5bdf5b647d91117ca813c9659b0d9f1c88174b45,1
0x5c1710817985b33312e42a5476eece5c7ef55643,1
0x5c2ce689df244f5400a7c472d1f32145610031e1,1
0x5c3cbb429ba880744c1ab4fae25d83138ae8e76e,1
0x5c95598fe454882fec1139c3ed1284255b49c8b3,1
0x5c99e810eb0d87f17b0e467de52b3b2b4b2a2dca,1
0x5cc1e645f4cfae6c00a4f055c12a3d80fef925aa,1
0x5cf27815411d0eac8eb726e7227fe09828a85780,1
0x5cf2c4cc4fbd5ccf3ea589812d395159add8df8b,1
0x5cf6abe59292d3cbc8fedf9e610d34162606e9a0,1
0x5cf90392935449d0173c0e408990bbd47e71c259,1
0x5d0bbff6386aa8e6803018f54dffb5d563d4fdf0,1
0x5d0ed3086857bc36f6af403110c8c3715658fe7f,1
0x5d0f9c25f9fa029debb834668655945dbc66e875,1
0x5d20e6c0db887b5c3281edfce5bb7677565e2b8f,1
0x5d3017f38b73786a17c38995d1dddda1adfa6972,1
0x5d4e840aee5c438934a4dbf8687d9624bca637d8,1
0x5d6abc52be03093a6de9d6143fbbab25968b3e55,1
0x5d89737e854c860d25e106c498c6dca0b516ed7a,1
0x5db74687438af3bee7f8ba6f7f0a10be76c02b85,1
0x5dce03d8f4e2dcdd5873d1afdd2af570c5c77e4e,1
0x5dd5eafe84357a8bd7a1ac69f425e11ab1e59bb8,1
0x5e130cb7f8cdcfb5a15018ee5846769703ec4478,1
0x5e1582b43bb7b37e9920f4bbc677913a2c7505ef,1
0x5e2d16368921a6f2a8d99f5bff4d50b3c7d35e1b,1
0x5e8e37b8a4fc56a51f5c044304d7fe257d70b6df,1
0x5eb5eb61498553ef5468eabd8e5a362036c644e8,1
0x5eb67a3b141f3036899ee77822a41277166c540e,1
0x5eda3035025fcb8c8b01407b6f2e731561609b08,1
0x5ee0f1ddf2860c22d08b8482357f3d7cb7f54dae,1
0x5efdb6d8c798c2c2bea5b1961982a5944f92a5c1,1
0x5f3f6dd893a49ba95a215aedb221db144973adb5,1
0x5f5906ad9ca217af538564cbdc1b0f24eb75ef7f,1
0x5f9dd045a593134fc3d5df5aa27eb00a100bc34e,1
0x5fa8f46920c3d940979c4e74dc344e0a8003982e,1
0x5fb77d2d3b3dd881f5d4bc6da7a0f18fbd694463,1
0x5fbe799de139710a2eb644f0410fdffbd5f189d3,1
0x5fc13c5a541041f8fa12fab492d064435eb8d2f5,1
0x5fcb2040ac049f6e97ec7fe74cf9ac2c3c5b15f5,1
0x5fcee35b42d172bf4a3af1d663abcbcb9e340eb2,1
0x5feadf8ef647da7f07584b3d33fcd565b79359a4,1
0x5ff1c339a0694bcc45c02e2691413d0d98e9ce44,1
0x5ffd8de19910efff95df729c54699aebcee8f747,1
0x6002dc67299d72ddad90959d6c1447d7e72087d5,1
0x6079696f3d9fc53ba8350d8db44e048e6a3814b1,1
0x60acf8d95fd365122e56f414b2c13d9dc7742ad7,1
0x60ca911a33a85987e8979d8738e8f44317e39e0f,1
0x60d2bc84a71af61b82d1b4168c9103ff6c4898eb,1
0x60e5299f49cdbc13d152323105af462071b22c87,1
0x6113812dc9e1ca33b18dc169f3d8bfe2ae18ba10,1
0x613e89005b54b6107943ffb4cc92482e56aafeea,1
0x6140f00e4ff3936702e68744f2b5978885464cbb,1
0x6144f73c63f5683035e2417bad46374ece916260,1
0x614b89f072ea263a9387460963142e73548fbaf1,1
0x61526ca189ba3b508780e794667afa0c7c3002ea,1
0x617a5f1ac3c9e3fc8720a5573255005806eb3523,1
0x617ed24cd137a30dbbe94b53de9ecf4b5ed8e90f,1
0x61865f2d0c8d726e35fed629150697aa87ecd0ac,1
0x61b04d2b5cb1f1f8505e7b4e1cb3d9e8a0b15bae,1
0x61b1db66e53f999ce461a7e46550f084ae6005b6,1
0x61c5fa0c1bed50eab527e69608d1da11bd4d1bf3,1
0x61d14cfc7fb28ed0c5350e79564aec1890934801,1
0x61e29379b06491ea5a0be90fae954c56c91fd9c4,1
0x61e8c16a67be3c0d16e8113a688ecfc963e4503e,1
0x623a144934f2eb001a6c29c59d1be07355c85b0b,1
0x6246f449ca014c97941f936e44c9adc075ae97ff,1
0x627137fc6cfa3fbfa0ed936fb4b5d66fb383dbe8,1
0x628c10bc9b27e1215f68130c26e90c2d21e2058a,1
0x62af590649b7abe80f8c6dffbb92e0875b65e37c,1
0x62bb6d5e99a73fea24390a9825f89282ec4c908e,1
0x62bd12611ddf19ea1ca9ddd9d0ab7d2fe7b87e32,1
0x62c7fff230fdd9be3f2360aecfbe53ea26745802,1
0x62c868061cddbe38e01e7a8295fdcec72c10ca06,1
0x62d3c2a80d3cce916b9b645cbcda14d35418275c,1
0x62d4377141e0a4a6eaab3167e0ffa4bc037db3a5,1
0x62ecd1b0df354717b96dfcb0a060f9232bee005c,1
0x631cd42eb1063d1fe2b49a78744f3094702edbab,1
0x6357aea44d2967c73bde29a865a865f4d1af2f91,1
0x6372d3c71aa13be4942b1c854b01608f97572e3a,1
0x63923511f7b628483f9e160cc173e68a5ded11b6,1
0x63f42bfc17b6ff3a7f487c406b8e006d0d4970c3,1
0x6417d5c90880a09ca76d246149c2bde57a414c1e,1
0x641809d41db6d88a5f721c01608e0ff7dc926b91,1
0x642c449cd9afb9db4dc284e1bb89ff67037d14b9,1
0x645fd16f3508391e8385fc0a181076994079aa1b,1
0x646ef8e3c8e79a10daf8f32621a3e468501cc3e4,1
0x6474183ade6709a76c3c411157f501d78b4c5482,1
0x6476327cfe9695e6af5625acc34ccf3f6c559bd7,1
0x647bc16dcc2a3092a59a6b9f7944928d94301042,1
0x64ced50a327703b5ba13f781e23b254416b82473,1
0x64f7de90dc79d775703bbec66a1591c7a26a22f0,1
0x64fbdb250a3b4673769cebb41a152c9b3035bfc9,1
0x651a6f6c0b331a2f9d036adcf0ef5e268055d7d7,1
0x652d7e1b706b10de0bfee179c1cc41df73d3ed34,1
0x65622437f33d82ca5c5328774e8f3602199661f4,1
0x65876304b2e6da8248094808cf2a2f6022c534e1,1
0x65ccf55db3030c99c4d5f2b8bdb85cfa92ce0823,1
0x65e67f4b986902905fcf8cc89accf1441bc1193a,1
0x66104a8ade280c1fac0e6c1177a67e8a548510be,1
0x66120e32be12fbe6ff56da77ea9b2208bdcad3bc,1
0x66382cfe621fa301e63607120f002d8b694d8c1b,1
0x66482c9ffa6eb98659a1f8b5535d146471c0f743,1
0x664e3a3a6a6fa524d06f4d612fe8440b923574bd,1
0x664f45ed5084abcf2f8e1a95e320b06cc700591b,1
0x665654f2d2a151be2d0f8e3697e6ce780f732af2,1
0x668f1e8ad3d43c50d0d95bf621b36dad4412f202,1
0x66b38ab9e19939de2e402999093ff82b09a2a2bd,1
0x66ce34d4d39a76f7759d8d5904a2a145a505093e,1
0x6753377f04bb0eda6adb67e87480c92c15fd5762,1
0x677bf9365ca0e4c5299aee697c385d1e6643d58e,1
0x678f7835bb1f20c4dd6edfcd90d91839c41b7152,1
0x67a3a43a55bd9cbfa5d696a7ef2d57e9e0869fdd,1
0x67a90218cc5fc1adde45ad27a257f268023b2ecb,1
0x67c87c11250a3dd2c459d896d862b0c599db4248,1
0x67f32010d0c4f60725df8a2d238b1a3e269d86a5,1
0x680b5def6b79edc0a0ef2b34901f05316677e2da,1
0x684604847ccbe6d2bedf87e44515c4cd64c0b8c4,1
0x685cd3126cda027eb8b4136db2b088324282d28a,1
0x685f2885fca8158f1390f0629d1e32e7675f19b0,1
0x686960e2d890b48a8a4e0c102a58bac8cc4cf5cd,1
0x688b8b1a462623ecb3d22ae936d8371371ae68f0,1
0x68a73179817454ceea9df94a0b0d2e4dcdc9a039,1
0x68ea9a6ad9a77913a243df807c1baaacdd9cd8d5,1
0x68eb0d79b10bfb7bab1ed51f3cb5d96cd5e36418,1
0x68fb9c07d2e80d3b2a16d7e6668b74428228950f,1
0x68fd77f58669f91c8dc407530535cbcc33641b9b,1
0x692d6cf19e0c082185e20ff5ea6bb267e7aeb278,1
0x6934677b128213bc3b6c46608edceef0e69baebb,1
0x693f9392876f0b220d40409cebe7652b7b62adb4,1
0x695589d2bc5a63db1e830b1da7a07de73e58c6a8,1
0x6959c03b57a21432e668e7d73b81555b2cda7bee,1
0x695a45b7b6f74165faec3684c25f77f3e4e0928c,1
0x696b67a417002bd8dc3b8454740688c126958964,1
0x69c22ede1ca1799c165bf9cb4224b4600f6db808,1
0x69cb3b1de24e08f1cfc2994171b6c6930498f750,1
0x69dfc587589868716dbed6667cdd50073edc8f9c,1
0x6a3d9412a705f5531b029ef4a7b8040e1eb84ad3,1
0x6a86cc3acd828abbe698b24e2c4d7da6b347981e,1
0x6a9b72846ab3cfaa3394460ba314c9d3da02110d,1
0x6ab72bff457dc3c74ba661e550e85a2e89f405c2,1
0x6ab791754298d6d6d7c182dc1572126b4ed24897,1
0x6ac7466fa71c7af32f4ffcfd20016eb4fc9ad879,1
0x6ad8bf959485b12481cab6e6c585a7dcd783c006,1
0x6b0846740da0a586745e1dd3d8e2058c467e3069,1
0x6b1303ae7ff1890c087c13d1855b96ed8399a546,1
0x6b21fddfca1ce1985490cf630f9e5fac465ab55c,1
0x6b3f465e00baaf9e3478a86e253aa6620720f3ea,1
0x6b4fedc18a1e8cc0523e56cc9b45080e1ea00005,1
0x6b583b5cdbc764ebbce08687a3652fe0ba8725b9,1
0x6b7a91c6a6832bc3498883ff65268612f67c8119,1
0x6bd4837b9bd2c23344dd86da24464c520fe6d06e,1
0x6c447537ed9c6928492e0f2882278ac530892ff2,1
0x6c7b50b61b60c5e1b42c2e346dc9dcdcc85410c4,1
0x6c916adfa8b5652040de09037af43d0267ce02d0,1
0x6cb9275b70a362d8fe5d445268e92186d61ac8bb,1
0x6ce0af359e419641f9bb661486b982f7bd6cf011,1
0x6ce6b0dc43eb922ffc274d7f8f9ec69621640bf2,1
0x6d14c452ab18d7695d8cfda55a626773d5ef5fad,1
0x6d15c238676bbbfd913822713d971cdfc170e2df,1
0x6d1db4a7e83dae0eee7e95d421722d46d2a7e94b,1
0x6d5465891314dd798cd9487b2226145598887169,1
0x6d8dec3fd68d94a7189a98346ea52b4d32e00012,1
0x6db1c3aa0291836ad47b80897e91e742c69a1456,1
0x6dba377083439614bf94cc599beb0b514b657bfc,1
0x6dbe7f53320da472f5be61012924f79079abd31c,1
0x6ddc09c03fc5827bea47ce78401b15374be9f34a,1
0x6e22c8cb1ed48f8f1f7469b5f7110d4bbd8b7c44,1
0x6e37d79b4744dd82261cfb7b4ccf77fe513be06f,1
0x6e6d2179d637527f81c86b3eaa65b262e406c6e1,1
0x6e8a8f55a81b3f1dab9831fb44b2cf2bbc447977,1
0x6ea9b0e6ce9d17d446fa156cc007df9b94abb34e,1
0x6eaa184bafe79b7e5dcbc432e85947c99b7402c5,1
0x6eac2c7df91eb8fda3909f39566096a9f2b98fed,1
0x6ec2997cf35457daa9de4cdc989c697d921b5285,2
0x6ecae358e99dfdd1abe900bebe5f775431c12324,2
0x6ecb6038d923606b3540c4c6ac267c73ab7fa3c5,1
0x6ecf65ea572c312075a69cff3caad6c0ae3bda1f,1
0x6ef8fd2ffd39df9e73eea701e17db9cf51ffbb7e,1
0x6f0735bf1e6c69030d6990cdd580345b370eb50a,1
0x6f113b0c8c7266d7514e4986e3d6aaf013b6754f,1
0x6f1c49f39239b4ea4abdaa45456d5463e6af4340,1
0x6f357848f9d8f3c2e8772b67c0034dd1e1bf373c,1
0x6f4167bec29bb52418de0b5686446f51293f9322,1
0x6f66b95a0c512f3497fb46660e0bc3b94b989f8d,1
0x6f71c555053fafc8cf4589eabc780fb05a8b0977,1
0x6f9bc26a5b9190ff8498e632d816f715ba702c04,1
0x6fb8d222d20b38910ba5f4e9699c760004089e47,1
0x6fbb5268d691165e2dbc691a11b098680901d773,1
0x6fe335d9d4e6d2db98bda4c5b3b808922f096839,1
0x7009ccf967379d42b9b0822580b561600bb5aebf,1
0x7021fcd14815f00b0e89841c458829739c05b00d,1
0x704d831b5858b3edc6321e41d05125bed86020de,1
0x705eaa20d109a47affaf3bd1bac604330953e142,1
0x707849697dfaa94089cdfce0eb9c7e1e376141c8,1
0x70d118fb6c2cac091acb70a0ccac1aff47141132,1
0x70da927bc27dff979cff22493e1ba26f3a61d941,1
0x70daf9de29107d8b41b830484a27514e0cb08967,1
0x70e680b9493685f72e76243c09993fca768eedf1,1
0x70f729e89eabacacf11293e40a700524112514d3,1
0x711423f5ec1e50824b85f984338692dfce6548ea,1
0x712a73a0216661c2d2c470572f3eff317889a552,1
0x716c59a499fadeb4b5be3b319b6cf24385503ed0,1
0x718b2c8110412b0968f7bfc97f8733d6e063d84e,1
0x718e852aa6bc99960d601deefb859389d934debb,1
0x719f17ed85c9208f5fa7dbf4067bcffa6d63f508,1
0x71a7702ff3d858a0853a918fb44c537740a8bde9,1
0x71aa6c4e87225fcae2df49f977c7fc0d1e8d2112,1
0x71c4cedbc30087a221bb96cfb5a61033e1b0a3a6,1
0x721fe9de376bd927bb15fd25de41bf3d420b8c07,1
0x722e9468d7f8c2710b6dbfdf70f01b045aca1851,1
0x724aced2d431fb762cedc04f65bd13b446059f9e,1
0x72a4b03259fcfe5deeb5197db10ae586165d4fb8,1
0x72c483732233e15bdd06b4a903fee9fca896a1c8,1
0x72cea5aaaabd1cc5232bd2117e5d21e83cbd0e51,1
0x72e680156324b5afa5d0d84b621844424a8bce42,1
0x72ebaf6d8150a4a33c262224c1a24ae7711e1c2d,1
0x72fef1abced43b44e2c838f68b785fc7028fb2c0,1
0x733b454dc3cde8ab85dbbb2b8a56344e6c34d7c6,1
0x745147f70b5912e6dd134e0502b3914e6f6d98a0,1
0x7499003740393bec0ece8745e099c2eb3f59dc9d,1
0x74bfa6fc87e23d64451f5bb084b6fbf79f46e495,1
0x752c3add6a663f067ba05ec70c72856d7e2a3ce5,1
0x753f8dab2ce1e6ec33e2967bcdd4974f60025319,1
0x7546c60ae8d65dc6dd7a0f61c169818059ef49db,1
0x7560481a7330a79b01dc05502c0ca8919c01878e,1
0x7576e1ae64c8cdcb6b4ec058353b4171fe904349,1
0x75850227f61183759cbbfe2b3fb196e798ce0b95,1
0x75b772f2bb4f47fbb31b14d6e034b81cb0a03730,1
0x75c9c9de970362127f6b88d1ceec8be945d7a7ae,1
0x75cf6e0dc5294bef8cb5a6fcd23dc9badbfc443e,1
0x75d091c4b7a1594440a490de70276c4d3cff3b99,1
0x75d4fcaffb56055bf9df3574d345473e31a16076,1
0x75eec0a9406632cfecf260f822ad60920ab98d25,1
0x7602a52bea6bac58471e9d3560d3ef6ce6530341,1
0x764abe778aa96cd04972444a8e1db83df13f7e66,1
0x765718a8e4a5562be34b122af259ce5a71372e12,1
0x765ae31119d7f56b0179ae28917f8f2b49ebae13,1
0x7661ac614853647ed12820321b459488dc007d92,1
0x76d01054ff91afc2d515f7fea9a3e3313e248615,1
0x76de145e697c1ec1e76c5db285a6b54ae6292a77,1
0x76e6e118bbb800aa08347ab2c156b2d8b204fe1e,1
0x77039399801f462b4ed13444a266b16355c471bf,1
0x772abb66d6da4f71610889fe72a5d2ce9c3fd978,1
0x773afe300922bd7f9f3b68935a9c5dcc6058e02d,1
0x779b66c88a799d57490206b701bf4af6ebdb423a,1
0x77aeeeb7c9d7445fadbc17f315f230bc69f419f0,1
0x77e8001a83e5175e36b0d80c11fe8b5a65ab5ca3,1
0x78002d09c187fdb21af01c0dfcf58b39c087a088,1
0x78086ad810f8f99a0b6c92a9a6c8857d3c665622,1
0x781c6764cd25d7762b43cd7a37fa27b89b1f3b8e,1
0x7829a2edf3ea4662f0e1f3797173efff9d58b353,1
0x78505856c79eb21e55d8f73cdc4270df4537b6e8,1
0x7858f91c6752400f2234584a25006335be6d09bb,1
0x7865e1795d185e8006820dc8bffd674b4d019eaa,1
0x78c74a90e80b4d93b911f979839cf764be00b4d7,1
0x78cd6e005751e9aa40f624d043f6e07563a0f44d,1
0x792036e97c72b05923a41e8a36613f31c6683c34,1
0x793c7e1910f58c4c1a50448f4661d5c077214c1e,1
0x793e48857f3ccdfe5cf3c504b6dfc7e8dab5b0e1,1
0x795e430765a79cfa80b11c61af2d30597d29361f,1
0x7988dd1dda1f35542a2b8d5f7de575563ebf068e,1
0x79d55cabc1daf0e5ce5352ab6b8d267074136917,1
0x7a1c5e9dc063a6915855247e96efab3cfc20ad9d,1
0x7a231b6d33f1da74e9fb593bc785b4914a852867,1
0x7a5adc385831130a51c579cadedcad6780f6ab5f,1
0x7a69f0c7771f10072625f0373a24b781df4434bb,1
0x7a6f70a56db5c83d6e3a5b05f111097ddf855ec9,1
0x7abc25c069c8194e6b501782c57904a8ed940a57,1
0x7ac72bd911962cea9f975907f20b6b0660dfbba0,1
0x7ad225751ed67118e9f54f87e08f64e43ffbef0a,1
0x7ae4784a907460858231609f565bd9580f609b05,1
0x7b30237a8a56e1cbc736ab8b66fe6331da5c87d3,1
0x7b53b48d58f7b72c6d1de4e5f4193b98e4d6424d,1
0x7b714a777b72e97e8411d65277b1d2f06f400d13,1
0x7bc7adc27e154e2630b04b1fda9d219e0502c02e,1
0x7bed02a3e0e9ae0eb753e53dd5ba2dff7c7fe1fe,1
0x7c05f4aeac24968ea3a6d76b530419fff218a2e5,1
0x7c0aca16d409ad72f1729fdda4205374eb853645,1
0x7c0ca862b604c61a7b7e78647ad95563f60956c2,1
0x7c2145e13c6917296d2e95bd5b1f5706c1a99f72,1
0x7c2f06ab61a94fe9760cc8d9ad35a33c0472cb8e,1
0x7c4a24c5b1c0eba323ac796b841708ca4f79feb1,1
0x7c59a1ddd7b8e5ba683941ea67b20b93864ad8f9,1
0x7c741ed01ee259feba4b7f9cac114f48bcafacf3,1
0x7c854269268c5ad44f7ebbe5152373e9c451a9aa,1
0x7c9a6365d8527199a61a1dccad54bf46477b8334,1
0x7cad02c1e53decf5d1102a4b9bee5de79c6d2e18,1
0x7cc26b600ec01f23209ba6fc80322af5bd2b7155,1
0x7ce30498e564f081ca65a226f44b1751f93a0f82,1
0x7ced7bdd67c9b8996598fb830f147d6034b79810,1
0x7cef7db4289005fd56dfa6c73bb2be6ec13bc250,1
0x7cfbfda5525508d462eb8523dd1f5d4491e048d3,1
0x7d2eb9fd76c6d3f10c1a99aad05cbd236f5cbfac,1
0x7d93f170dfd65d14d58682678b7a0d171f287c93,1
0x7dae8b0009ae164648c7507049287692fb49997b,1
0x7dc42d019021ad9b3d927a35f9fd86ece273d6b8,1
0x7dd14501c25c221ffe213d7d56d225f4fe411038,1
0x7dd1a8db22e9456285501af72bb7d9e3a465a3f1,1
0x7dd8712c81695e6e3ea5aa3d1407e58b19b0e9b5,1
0x7dddf1aec698bc8d28510b793dbc82bcd7b886b8,1
0x7decf7a31168778f311c57b9a948abaa7321001e,1
0x7e01b666907554f2d5bb16fb1366b72efaf485ab,1
0x7e19b79574d5f0784637f39c953e2a44e6c5b2a1,1
0x7e3735a9cf86c1de603b3489271e711b8bf7de49,1
0x7e5124202b1a177cbc254b2c2262541682f20601,1
0x7e7216319b016c758ed6f792eff389291aa8040f,1
0x7e7475980e970090b9c228fe66d8635afd0e5e74,1
0x7eb945121c9464627d40bdabe5ddbcc01468603b,1
0x7ec072d344fdab56b28c32fd9be1bbde2029e2b8,1
0x7ee53b4ffcd3040de6004b13bf4ce6791f141e51,1
0x7ee80fd7346eacdd56e4a65a41eda7a6ac579246,1
0x7ee8f8f465896f56edbdb5209015b64249c96ddc,1
0x7f0b43a4336fa59675cb8e2d0c76a17396dc40f9,1
0x7f1796071eb91aebda10a03115fa3cd95efdb25f,1
0x7f2cf626a94c1a15cf1f208a66f08d8aa5660fcf,1
0x7f499835b2b8b52e6cf26267d9459792ec0c4330,1
0x7f515764221e0ac10a3f455062d89ad285839b20,1
0x7f5be0c65e05d5567c0ec8e8f84d2310e784fb5e,1
0x7f6ca49d1e50671a586a76bb082dd6b3f73fef17,1
0x7f94e30381aa6657c45833ec7fce2e493c1888ef,1
0x7fa5599cac66b7a51a8772d76f26719e77ad7c50,1
0x7fc3dd768031af344ebd6cc27c449fa57a582917,1
0x7fd1d8e388b29ef0b8a00ca07e2266686a5559ee,1
0x7fdba87da6ed499f19fccd1b8072b4dcf6991ffe,1
0x7ff446ecf4a6c7224264eab1ee97e26a1d71152d,1
0x800b87c7602976bfb7c4b05f454ea68f7229f01f,1
0x801ac1049467293c3d8564a039c63eb133757e82,1
0x802fa804b97ccef82331243feb6ba56c9b4281e0,1
0x8037cfedb47d493a391dad76c4f60b8927cb8108,1
0x804089c306a71766720528c8b2932141097f0857,1
0x8046668a6cf272efcdd6c175c361ab8dea3186da,1
0x8050e2157a60dbaa1880d3865ee5ed73272f7b56,1
0x80649c3771d0999ae97ff2895a9fc6d4c55fb79f,1
0x806b8f844670de9c1a6124ac16c1243a7d21b634,1
0x8081a75141dbc89f70d31eece08ff12cfe105e43,1
0x808a023b72260170c95d831f589a1ae0dca1e43e,1
0x80bc7ed2ea22994f3757f47689e01870e9775fe9,2
0x80c8ed1080a2d8aec288136df3044b5c55f47e2c,1
0x810b7d663f688b1d146c149a9d0718547b103a65,1
0x8110e5c8581aa0fda6f7f1e5ef8dfb0337e5c7bc,1
0x81384243bb94855b87c23901f8e1df70bbaf5b4d,1
0x81415fcbc7c38c16b1d5db947180ae5aa25a5412,1
0x81561cf16092e614dd7a8dd0f15ec8107e9b86ce,1
0x8169cecd991392586828011079f29d05b6a9edcf,1
0x8191a2e4721ca4f2f4533c3c12b628f141ff2c19,1
0x81951c32b4c9661da409b0091c2ce043efee42c4,1
0x81a05d20f184650aac8febb430c3c81b213b6f2a,1
0x81fd8463e14c760676a911b3b6e2622a06caa18b,1
0x820fe284be0254d3c7f0cc800c8d7183e40ee5dd,1
0x823528f5ebeb948bb3d5924c31bb7cac663f52ae,1
0x82410609593d876761681580cf304c794bd58d09,1
0x82a08663e57e6f88b09726bf761aa010cb97663b,1
0x82a214b23c0119f0c37be360889927d68c2caab6,1
0x82c09bfb5f206920539112194567973b25db4821,1
0x82db2b6789895c2b9ae50125e6f989e5a491be7d,1
0x82e8e9e21275861fb0733d654dba0f1680da99ec,1
0x82ffbc864aa081e6c4fd0616165251f8470d8ac9,1
0x830c47362766804dc43fb07215c3c50a09cc572c,1
0x83304f7b6f17735e96de59eb69e0229b06241236,1
0x834a9484537c2760ef6d6e6736d1ea800d67966c,1
0x837580aa2f28974f8801d3038abb3d63e54c4043,1
0x8377df0d99a521c3a8d55bbfa3719d03e0eb0ef5,1
0x83b4eca752452d3ba87a085ba1c4f4a6eda736c1,1
0x83b97b9454d90791480cfda42c01d461d4d4eaa3,1
0x83e8708aba59195bbb2c7fcaa83af1c536d37b25,1
0x83ee0325fe8dd7d2734c9191bd5f7c532951dee8,1
0x83eed79eb18ba44e73a93b0b030e5044cc924f44,1
0x844fa4379f3c92f79b32f92574ed3694c2b7b49c,1
0x8473b0e6d09e3cba14e4bb981f95c142182f6595,1
0x84790267b65868fbf7d6fade131e56dc635c9f9a,1
0x848ba349b050fd8b703cc5fef2c85ae7d8350556,1
0x848f5b7fc9c0dbdd20f9a8cceb174e48e5435173,1
0x8494125a01e54edaf3d3dcc14825f6f828cbb2fd,1
0x849a27048de274c084f42551f395823f8fa18f2e,1
0x84df1fb4801e72cf6958a994dc0b690f9e7cb23b,1
0x850a3d0d157d4907dda29e15f33092ec1afb27c4,1
0x85148a5c8ee265eed9682b723971bfa4dd518523,1
0x854dac849ca5fcf449c024d640568061a1f37dd1,1
0x8566bd7894e51ef9f8710c0c26bc8d5e922dce48,1
0x8573b670ec77e65e2d4680ae32951fa407d4e6e4,1
0x859207bba5eac5125db3fb25e9eb6fa0598d1c94,1
0x85ab29bf8357f9553ca0dca21f54c321434c84dd,1
0x85e236d5210aaa1d3c2d7678413f5e7c95fa3f99,1
0x85e28e0e71c466e3fbd20d8a0157853a5da97b0b,1
0x85f0a0bb2ef4192bcd79a20c47b26096c99a9907,1
0x8662399a2b270227a6f49e910e984ef3dd43c18d,1
0x8665f7ceadfbff09e2cc572f7a6e43198d87ff88,1
0x8668681d2017c2322d7ba37070a8ea223ef3729c,1
0x86827f33f89fd3176abb9e1fd420a1a5e1435a46,1
0x86a2f9f76a01e06b2f434f0d33754d21945ea7d8,1
0x86cde9cff3b21b8bb8a87e0676b86424b03fcc00,1
0x86df19c791d46db504f80b8b9bef34b87b88e9a1,1
0x86f0a82dfd9745ec23bc8a72c819193e74962eb3,1
0x8709a1e4cf079f49e918e172974655bc124e0665,1
0x8729250ad053ee455b55d862fccf1030c2eb4e0c,1
0x8743e6e82c4fcdce0483dede0f81e97ab0bbf9b6,1
0x8765984ff2c562ce411ef5549245cfd66dd29946,1
0x87772ff7c65b5c93be52e3504670c6407271f829,1
0x877d45306e8c7506e9a20c9b7a79bdda97c4e7fe,1
0x879942200096e17e876cf8484a0f93257b57b9c8,1
0x87b895f37a93e76cf1c27ed68b38d77fee0f7867,1
0x87bddc08871da3e3cb8665e4ff3be6a1906d0a9e,1
0x87c793ab2a47c5d2b6d350e0b734a9305a616119,1
0x87d749c74bef6384b6f8e54b9f3e6631bb25de8f,1
0x880aafd7f0461877ff550f168b0f0e881365b1aa,1
0x8854ad314fdbcc275eb0d5f4fd6dd86ab7981cce,1
0x885528e81468665388441f1f96454464c3e614f9,1
0x886478d3cf9581b624cb35b5446693fc8a58b787,1
0x8874174a2366668d54fea6343f71709389563c8a,1
0x888422003e99c672e78089108fb8758ffdb7eb82,1
0x88be96dc047cde01286e991f7333a2e9a4865856,1
0x88c82f4c18486d5bdccda4b2c802c6f8e4d1e6cc,1
0x88f038389cbe95a917042bdb0f3afc434c680edc,1
0x8919e6af678434c238da991d6622af41d0b3e393,1
0x891aa27af08e3bc78e00f239355e7d9b646b0a25,1
0x8929451c982ccb991acf1e55d5417a39d00dc1ae,1
0x894648f4797ff67d1861a71f0b77abf5d35b9760,1
0x895bef95023f591ebd1a9e8f53bed2b73702e4d1,1
0x89679ae592a971104fde72196ac8a8cf5048b56a,1
0x896b94f4f27f12369698c302e2049cae86936bbb,1
0x8996903b5a25e06ea13805e589a3585cc424a723,1
0x89c67b2ea2c3cc57bb2ed884ca73382ea9fc8b21,1
0x89ce55775b9cd94d2809ec0297f0410f458097f1,1
0x89d73de516efa8bff287925f8e593ab668779e15,1
0x89ea0da38d63094aff9f70b8237a5b6a288db8f5,1
0x8a012a4f9e8c3e43ddc2a11fb970ee5fdd7a6aea,1
0x8a624b87205c3c1f9a4092f0d1172d8a9bba65d6,1
0x8a9bfdc136d5d1166497882af5d8c9718f27fbed,1
0x8a9dc7cf2955f1eaf1f1f8c9ee0bd68df4aab37e,1
0x8a9ee06077e4612c60922af535a1799821ec86b7,1
0x8ab3862142b06e79cdcb7b74f0434d2545574bcf,1
0x8ac2bb6c5e533d5ca6314d5eb0d261cf239ea8ac,1
0x8ad3151dfed48a5774166997ccaf87720d737131,1
0x8ae5802f7a9f72ebb22fac0630f9a21bef1bed74,1
0x8af0b9a9b751e086122bc340188bd9d99b8c7ec1,1
0x8b17e8b3f8315e73986f0c8370cea4f3a974a532,1
0x8b1e0124ec87a8690228f315a95736a147100008,1
0x8b5684791b923ce9e6e65639eca74fcc058033ee,1
0x8b5bbe3342b8e18d297a0bfe11391b79adea3071,1
0x8b6a3e1f151fbd8a45539e0942918e63d35c6cf4,1
0x8bb6b5ac3f20ce8e6f19bbc06c09ba53e6c23ec4,1
0x8bb8bba1ccb6b2b8a35061aa65dd8e6f369a1723,1
0x8bca09b875ba3ac346dd82c4f3ee57a8e9684d0e,1
0x8bcf8b38542019b23b523ec847d95f0f66f31fed,1
0x8bf5091d2078ae5f1ed3aae0a6b37711209b982b,1
0x8c0a11eb047c1097c821c159b8e0c2c5f37f81bf,1
0x8c11e363af3a2bd48bdb78129ddbc60016841822,1
0x8c1f393c989c667ad20e3d9df72a4f778c5c64b2,2
0x8c9d9fc19515b544f84b597af87da1f7d60c8646,1
0x8cb8b6c24ee13bcdb644cd1b3e89a87d6923b909,1
0x8cd64dc3d242d0ddb1603485baac67b621efee6a,1
0x8ce0d1a7f2d1c54ebcc9d7bad9439ac2068609f9,1
0x8cebf0887979d86ee2c878663af7b71a35d0ba24,1
0x8d0706d3095e8071ff554bc393dc10a290d6d164,1
0x8d45b1b2b709954be25ec57a13cc2285a89fd497,1
0x8d49f11b33f0662074cd4ebacb69c55041631ff8,1
0x8d5e59e11838cff72af5fb0681d96a9136ad0604,1
0x8d7c9ae01050a31972adaafae1a4d682f0f5a5ca,1
0x8d9f1058afa70f390ddc99ebec07af6f8c2a63d4,1
0x8da288c9fdaa754f2eeadf8145222bd1cc8782ff,1
0x8dafe69056b0cafbc805da2501956ff9a60dd140,1
0x8dda9ba7fc35810a47c69816b6e30db10a57f90a,1
0x8df65a9e58fa621c404f6353181d9f2cd9a0359d,1
0x8e01d001a2a328e8b5b16520196e539cd2c37cf5,1
0x8e2819d54e9c0c852d98062153d16521cff99b1d,1
0x8e2a6185d7c37aaab6375f9737ba0a764cde36e0,1
0x8e6d18a600f8bdf70074d93a7da57932f763ac85,1
0x8e838ae5e4528bdb1e6a6a102ab3f31def399c82,1
0x8ec27e9f5bab92b94b15ab4f1de164c5a5da2e99,1
0x8ef6130753404b73081021562aeea7df975eafeb,1
0x8efceb29863fb0b62c73c6c9c23f10f24243ebfa,1
0x8f4f8916a5c22aa4d0ca25695146e8e4dacc7b13,1
0x8f54249ae4c8a73e92d44459e026c9197670f3fd,1
0x8f6c5d25e27004d4779152f292b91ba98f4e3c15,1
0x8f72a6934ce350b19432a3dcb1c698d6f7b49fb6,1
0x8f791f061d7f36dc07de081ad88f87d71be1585e,1
0x8f9366f55d51032c704350b7f6a525ef1e49b790,1
0x8f94908895214ab582a46f4d2916cbe51929c1e4,1
0x8fff9657df45b0ed0dd20d7dac48da12082b4c60,1
0x90198c48129ac7564933f8bab85669e303ff6b9f,1
0x9025250202289e69275062a534d15003b95ca705,1
0x9054a37912bfce20c3166ed52bc8f1507cdd3ac0,1
0x90d1066031c0336b559c5aa7230d55b35d4e02ad,1
0x90e14a6f9c9625feee59fa83287bc411d7d282d3,1
0x90f1c9250742627451d48645583adce96a981d8c,1
0x90f788e927f10bd293500be2315d48726e3e5fc2,1
0x910f2b71713312c8262eb8e87151957c9f42a870,1
0x911765e6cbf6f1dfc7c1bacc01be7e32612aa541,1
0x9128a39fdb22de4ce3594e2e2e8edd7bd9aba987,1
0x91417a5ba12eecc30a05d15a49e92356b938eb5f,1
0x914b1b26f461a8797d94f06ed41e01f72b0484f7,1
0x917c03dbe255607c239634b0666c60005af2cf83,1
0x91b26fffffb325e13f1ef592b0933696098044af,1
0x91de4492dece2c06828b3f2433082d9dcee704cc,1
0x91e8be20d0dfb2293b97317e906223c1fa833a48,1
0x9260ae742f44b7a2e9472f5c299aa0432b3502fa,1
0x9263a51c95aa1643c77fdff6bbc66dc0c4f4e9cd,1
0x9269ed73ad700fed0e0032b8f8457424859ceeaf,1
0x9274f2f89fbe5dc00c21c628e46a18c7187c14d7,1
0x927705d26bd2aacfd0ed7492e8e21a86fecb4d1b,1
0x927b36593658b1e6eed21a751048099dbb9c7248,1
0x92be9a3f9f5b3ba7d8d18430723d3c4f82539e74,1
0x92e0a3adb0364b832f5e6d12f6160dd0e306af13,1
0x92e23d20fac1e040b665242d3fef2540a14fbbd3,1
0x92e60edc747776515ee6e6fcc5b5dcba26a87f92,1
0x9313d20e1657ab7fd434943c931f4b796841bac2,2
0x93272d57c905c043c5573660df727b11487f50bc,1
0x93886649b07888129fa320eb95756c35cf80d732,1
0x938bd9bbfe8a99c5a8817cad66604cf06d374ded,1
0x939b18875d286d88a630cbb00fbb34546a7fb35a,1
0x93bc56b85c2c8878644fb4761341a476459904bf,1
0x93c838add3ac72b42f65417408f900a7155e1bb8,1
0x93d715264c29d182b00d82c3478d96460f548482,1
0x93e6832b6d190d1d7373408833231b1dc3bff79f,1
0x940034058312487b90cc80b1e69559ac6ccb54de,1
0x94345607093b249b5100e8d1e499928dc163dfdc,1
0x9481d8bc76fb1b7d2f95733a6ec0b40d0cb1fffc,1
0x94aa50fe3c1ad32b0419004eee4f278ca3908876,1
0x94c175ab2cc479d79b9b1016e46505370f75141b,1
0x94c658bb7d473e174376d9fb1be477d6c6a2c54a,1
0x94d851dce74ba0f69996baa6cfadc649646cb4c2,1
0x94f052ca65a34d7f581bba95a749b1cf52689dd5,1
0x950dd2bee64f8b12a7fe9125e710b606ef0cfc13,1
0x9548b6a3aa667f4f6ff56ce2b697f0dc415357fb,1
0x956f7db2fdb52de9453ae184d51d1883b8cd9d68,1
0x9572001a64ad0a42fb908429dfa0214a3c18079d,1
0x95a09e6aa37e48af3ba9d38def4014c796bd914f,1
0x95d41776812c6ca222dd5fdea56c065b55ff7655,1
0x95f84e30595b324f64ae68eb6ab925f5c4b02ce5,1
0x964e960fc72edca6c23238f1d5bca70a47d98058,1
0x9658efece9564c2bec2c93d089497d644bdc5ef7,1
0x96645a30e196f5f4713c29e6538eb061357a2e79,1
0x966850d7b2d07b141a0c314f9d88aa866d1988ce,1
0x96bebda13d5d706e41123f463d6d44f56ad493b8,1
0x96f123700044e61445dcae6df2de78dc754504f3,1
0x97145d1d5e6fd6cc9285f4b2584f6674bb17e183,1
0x971c78628d7eb6d763503f67df3d0d0fcd37ef92,1
0x97474fd350e92064b43a10171e3e7f80ed136ca1,1
0x975e0e9456aca3b4933f5d6b9f0c98225cfa94cf,1
0x97634046399f2c345214f56a555dfa0c2fe6b846,1
0x97643e7a56fee4b9e34d731519881aa09569fd13,1
0x9766959d8fd4b1fd2801583a95d8f6fdbccc86bf,1
0x977d1325be4703bbb18fb0f88df128be59d67534,1
0x97876742b1b7fc49ca555ea44400b3b70571d68a,1
0x97976e9421ef913f5bdf31e0be2335a30eb4ff81,1
0x97cb3692848e43828c8289105e6c84e66bcbd169,1
0x97ece7185467c78293f3b796bde3704421d4fa69,1
0x97edff2bba11c7abbee97228f3b4afb9da15a152,1
0x982259e50e1ad1edd72f42378196eaf42b45dca0,1
0x982d3c5223f6b5794fccb3208eb164d042cf2526,1
0x98397a068d413d3c92a506f98c5f25d33a9dac14,1
0x984a23d6efd23fdd7b2250b83aee30ee52379c01,1
0x98b8d32d3affc75436fb535252ea1ff763458019,1
0x98cba78ba705efaa9c9d9015b5c95ba1e2c3b2cd,2
0x98fa8d625b49184d4f05ae2fc046f07a8462bcaa,1
0x992913335d6565b0bcaca7e75ddc98195b98b143,1
0x996e1d4ce3e1e558889832832004b2466153adbe,1
0x99a5762b15920c9c6382bb1d1db71ea28a250a63,1
0x99a770ef061d14acbea017e347e6e7c8073c3f5e,1
0x99b6b555874868ab095531c23ab906d398e740b7,1
0x99bb6210d2111382c323800ba2641eaa42fea0e2,1
0x99c24b90df184b0b31366558994094a6c3bec0a5,1
0x99f6d5a8ef11764e85ab978f8bbfb953e720e5cf,1
0x99f8f74b1808bd7f1e9e76b7d82151b35dfdd6ee,1
0x9a1c32cdca47cfd616a179f68094d9fc220854dc,1
0x9a23d93d626598edf449f36385ac3feb52dc94b5,1
0x9a40129125dff8e9cb6ca8fbeb07ddc7e4a94647,1
0x9a8992f0db3e10d0ae4934df06a92a0a1d961d0c,1
0x9a92da1509e324f91291cd98359876e1ad23214f,1
0x9aa824a302597e3477d0435cfc5b1e1b9eb23449,1
0x9aabe34e415a4ce4d2cefb51d8542f7a9a196f30,1
0x9ad5f0df6ff8f64e6a971521ea7293860d2ba6a9,1
0x9adccfd429a7ba40e7945841164ea2cffa7611fd,1
0x9b5641f6424dc85940950218fcdb51208e7a470f,1
0x9b6ec55db8fe03a1455d20105ce0dade44965a81,1
0x9bc66bb0f94a38e55809dcf7eadfd6bf98d6e184,1
0x9c20858ad5fdc54008e0f18418520e6b0fedb4bb,1
0x9c31f5112faa5f8996562e2a2139988e3db63063,1
0x9c33e5230ed91cb47f056feaaa4a996ddb8c1a18,1
0x9c3b4b2d4101f2280ef9b1e810d618648b410340,1
0x9c45ff701893f612604ae486dc3dfcef74905a17,1
0x9c7fbea8199b753b35472c6aef645e886cd1c44b,1
0x9c802062173b02a486086bf693186353334aedc6,1
0x9cad9ec88699879b16887f501e87d0753445bebf,1
0x9cd72195423ed15ab6a1b1cf6a5a93bea7049c40,1
0x9ce3aebe5e73cdd5357aa4561fe1b01d78f89fbc,1
0x9d402f2c2db1970d16b73d93cfbb077d4d52a69c,1
0x9d676d4564e43cddf9318d9a50c988f62b210179,1
0x9d915278da1017033bf1c5feb48562a0407bfd05,1
0x9dacad1317cb0dbe09a86e0e96e77cdaf42c7b50,1
0x9db76e35a2af6d73861998967acdddd1d7317be0,1
0x9e139c20e563220202cdeb038c4af1210362202d,1
0x9e81c02ea9d833557d2c93c1522dfbf53fa2f861,1
0x9e86659d0f10cd4641e7029d268c17a3c7c749a7,1
0x9e88e3a56a68426c2d7fdff51bef49e7dccee7d9,1
0x9e8b059d4fdeaad22cf45c3cb2f672a9a3415a8d,1
0x9ea44a1dbe393a6d38d5f94ab73207279ac45310,1
0x9ea91e33a27146c931e2eee975a98309d589f921,1
0x9eb95d2ce7c806472efafb89fc1d03466ef516cd,1
0x9ec022d5d0b2540941ce76b3ec65936542246fa6,1
0x9ecf343f68eec9a5f259f02ac3149e3b3b867445,1
0x9f1334a7e8f1822a967a76f6b261e473bdb03ecd,1
0x9f281c5b04c091096ac468a9388f0ee6b0b8b1f5,1
0x9f35af4727fb91114563d8a8f779a792cb557f3f,1
0x9f48752d0eac731117da7499b1274543716f7d0c,1
0x9f5f028527bf4436545522550ba4ec2b14e6298d,1
0xa005455205cf5ef46356c4793c77be6ef2ec8699,1
0xa008bbbf99a8901cc9c27217f666dd6abdffdb99,1
0xa01803492b81fb02de550d47ea177f618dc396d5,1
0xa018bfa77bb0469f7f3babceb6463fbcdae51e06,1
0xa03e7f6495bc3177fc8be4df7dac9599534d877f,1
0xa0494ebea98f71b0f5daafbe3c7e77d933a85e56,1
0xa0abde7085200205639d222a4cb3207e3257a562,1
0xa0f1ae32da5961612af5de99dd9f93c4acf26a4c,1
0xa12df17bdbe2004e33d67ba4185b1a654e84b9b3,1
0xa147fa9d5c8e3bd441a3511a9ed8e814c95ef5b0,1
0xa16a27bb0c9c800ee7ba1ecefadbbbe815e64d28,1
0xa16f22baff5c95a1b4cd964ee9386e3502152a93,1
0xa1737acda8453f0c6fd70c29cff0afcd1e16a237,1
0xa1b19621bb88199c50d4d075ed239582058a4cfa,1
0xa1cd04effc5cee3b373f0db23a88e2769ea310d5,1
0xa20416801ac2eacf2372e825b4a90ef52490c2bb,1
0xa21d5ee73f59629734d7eb9c62631e93ab31dceb,1
0xa2274adca3bb9eb790abe74dcc6a6593126f071c,1
0xa251b373471e1ced96f3522e918471201d93ab60,1
0xa27c8e38a5b577d4c1aadd0426363ca83255c6d7,1
0xa2840c97ffa308838a9ed439ec2ad2d64cd062cb,1
0xa29f7d70c623e8cef9989d7b063212fdeb3047f8,1
0xa2d41247c32d6cd62756c369525d9109c9fc4fd8,1
0xa2e2d58e3c20cb9bb4a6b8ae3c2b7ff22d30f672,1
0xa2f8d521c8cf328132e187378d545b2b37be2f31,1
0xa30eb1520cfa84f31f2021621d5ae27857d5bbf6,1
0xa31b444f2cfd111d16d61335247e66bc491c9039,1
0xa31c87c9498ca42bd404def70114342d19ad342a,1
0xa32560268dfff7e62cd0cda1dcc699406321aed6,1
0xa32c38646299818ccedc6401818c2e1639c39c08,1
0xa331bab8231cdf93b1d8d510a7a5f61869f2e829,1
0xa33e5e1ccf57c0caf78ae399061f270dd24ffcdf,1
0xa34223a79b330865a0141dbc08b190a9439d418d,1
0xa355065597f1c213160e664b65beda6cabf07bb0,1
0xa3744483083ba9a535a9d161e0fcf2fcbe17d1b2,1
0xa39492086042ffd52a4cfe672e402413c93a580d,1
0xa39d385628bd00438f8a9ba4050a25a0210f84eb,1
0xa39e3e54eaf64d0c0f3ebb4d46dac6c2985de5a2,1
0xa3a283a697cf0581983e6329f455062d3d1b4515,1
0xa3d2751d3d84fc8b0f037d89e33424bd3eb6be4b,1
0xa3d998b61e214f5a1963ef52a19706a3a2a136db,1
0xa4015883b74b13cae8f490f52064e7ce54beab14,1
0xa411b32cb2d5b94a57a4a4c2cd6c087ec6c485a3,1
0xa41341bab6588948da8503d1dfb0a0ab0ea269cb,1
0xa4270de467d0b313b476876f047997374fc29452,1
0xa43b30fb0333e5d68cbe36e20c6accab28f82cc3,1
0xa44b68fc590a2fd1cf48f2689a8aa2c8b62d2261,1
0xa4580851905c60fca8c6a7995036ddcecf060f4a,1
0xa462fb711b3528e9916072bfbb25601543948afa,1
0xa46664ba7222221475146c6710c812741a6c8bf5,1
0xa4711c27924a900625bda3c63dc1eb86b44c48a6,1
0xa5214719feb1d07b66292a5d4d0a2712bd048435,1
0xa52997ab60c0fb10fe136981b3d4d26d8e863430,1
0xa530f7739413e787c205233658185edc1e68c25e,1
0xa53c183ba38ff02e6056fc26e422ac8f5b83fa6e,1
0xa56c04347abee42f663eff9bc2d0147b97c8f782,1
0xa5aad9d96f31a6a85b783219176685debddca794,1
0xa5e18f5d6ed0bfb57eceb80981a499a36d1b92ba,1
0xa5eb522c4f57a5c2c679a502e8baf45a0e757732,1
0xa60345887d022a6d5eb6870d09e0e458742313dc,1
0xa610030ff394442a9b1ebce2bcb8a7c61163f675,1
0xa6134eb7381978804646088df4bb42c5232d82da,1
0xa65a864ca19535e4c06000768c6cfa9f6ebaeb12,1
0xa6661fc5fa09cc18a65ca254317d91e7fcd09c9e,1
0xa6f2088af83fa7a0510a795c695721612c110e17,2
0xa6f95ffa23ca53d33390f3ad6d1da06f8a456ccf,1
0xa71000e72d38e6a84d7190f59fd3dfc73931c0e8,1
0xa7336f6988235cdd3a241a55c9fcf2a804a5fd64,1
0xa73421c987e97278e9d9f7e55c687c2ab114b853,1
0xa75c93e895dc2fb3b034bf4ac59cf85c4c99ae1f,1
0xa76bda01601ebdd50512c2103a329db572d7a77a,1
0xa7d90dab198886529c97afdb77007a0eb28a185a,1
0xa7efbb4a06a680f3b65c5861ec387408ceafbec8,1
0xa8261ddfd6cf60c0e6712fbebe657b7d39e68763,1
0xa837c1e2b87aab4d28fee399c6593b66422fd5d2,1
0xa83bc28cb8a3b285fbd68721d0066d7d5c1af943,1
0xa86d8add58edf1e77a20c6edea06de34465ec98e,1
0xa8879c580a54f190ed53b43d30de269097ad7543,1
0xa88e4a192f3ff5e46dcc96efefb38dfec7bb250c,1
0xa8b98abedbfa97df97c8a6cbcb6173376a7a0266,1
0xa8be0a7a6187782f8055743b1c9ed2e5075dcd14,1
0xa8e89e257f8fa90825d10f1484851a609c798d9e,1
0xa8f1b7bee4bb60311511144ecd6dab7b04ef2735,1
0xa8ffdcd510faa9da1fee16d55768b846820d4468,1
0xa9237c4eeebc879208e59c867cb6d7cbffc1df30,1
0xa9276b86e04058b70cd43916e8e666bc3ad5bc9a,1
0xa939f94e2ed4e8ee708dedd6e266deefa4b21540,1
0xa98d8f5010447dd410be425135a523fa949e629e,1
0xa9c8f85d287d986ffea7c5ffc492e7e039b0ca25,1
0xa9f958b93cacb63e70040c48e749ce7cc4ef7002,1
0xaa0ae8cd18c3aeb0bf4e0bb3507b2f86f7021ded,1
0xaa2ea6a740ba76b7d15c719ff2fe4e3c0ebcbb58,1
0xaa2f4dbfae7eefee3c9e4a587593baef2e1b0d55,1
0xaa43b3ee536455939ac6155993351a9b34f72ced,1
0xaa43dc88de9ebceabbd537a22c146e3267bfe4d9,1
0xaa54fa7c21aa518787208923d8d173f2b22658ff,1
0xaa58479f8a653fe21ddcb73eb5dd7861ded41d4b,1
0xaa677fa158fd7978fa4fb805715631d032175930,1
0xaa77fffad72ace7cbaff69084201ab6966187886,1
0xaa99100b163fe3fed5ea0463716636029fa29bcf,1
0xaabb23b2cbd0feb84f23bcbd659e3f3e9f9fdff3,1
0xaac8f24ce086fc5ff5294f369836ab545b95eddb,1
0xaacf55a18b80066e282839830c3a607a085488be,1
0xaae8c50d76c76fb8947c9a203103d28b55862977,1
0xab0e2f3c3c29deaa7c3ca0dacec97a33d5c26708,1
0xab1c5ace08d1bb579ce0031958028dceaf15a125,1
0xab1ef6a2bd769dce3da9cd96e8f16f00f50ee6e6,1
0xab2056903a7b62bac46f45a3d7a70ac799ca88cb,1
0xab2e3e8bd92a15a4c652277b568f177b6191a890,1
0xab5d7c3b1df58406b33b302007a7c1cf1e987532,1
0xab8a80f5c79578b4ee467a4eb739aa035e0cbf65,1
0xab8fc4cabcf76922839ec3c1867fd18f7e80ab86,1
0xaba9de8c2c68ef0a77c471b8e7e6595309a36c54,1
0xabe1aa61c0ade6a826de6e55f3869d1502a2e5cb,1
0xabf04838ffcf99e991b7e0df92d9dc7ebd40113b,1
0xac01ad9a3e3c3448a5a0e6fc798def034a01a67c,1
0xac1c7cc22ff431b5fc07c177b629d926a45eafa8,1
0xac4c5952231a86e8ba3107f2c5e9c5b6b303c0ee,1
0xac4d9e4d84955e4c64436906e945c9a61c053f5b,1
0xac5442790cfa869f67e368c3a0b9e52cc7b78e1d,1
0xac978399f295647f4176a6877fa70ca8e0e56bff,1
0xacc4b6f3ca8d59f631c1148dcaa52b9d7f5c819a,1
0xad30b79c749c458601ddf4817dd768c0b4fd932a,1
0xad4d39612f84636ccfeb4c056d6bce7e8be703d6,1
0xadabdd6e4bcb8228fc915d504cd69dd987f96666,1
0xadc31dc43acaaf37ab8c56e6996658596c7a310a,1
0xadebdeab678647a457743ea3af98f8b804e45c24,1
0xae0d16586e5d60d334624c115216a52b9b1a0335,1
0xae3e29b33aa91c95b26d4726eff6663aac6d1162,1
0xae52b79d8d7859afc2e61c81e4d39cf04ced0832,1
0xae66ae6c7435370b5ee7049d15616fab1111cd10,1
0xae72c6a6fad9fa9d82d089e1ebf73b3043855425,1
0xae9e33d5aae9a20ec475fc57c7f19f62cde7ad61,1
0xaeace7f1deba36e5fa1ef9d8eed3e666183c1180,1
0xaec9599d42d468b17949fb84158fc70293306327,1
0xaeca1b52ea7b31ebf8ac24495925b7d88582845c,1
0xaf12a9af19331fa9b89915537ce9d41bce5e4c5d,1
0xaf1db9bd349c50cbb7804bcd5c6fa9cfbea38fc0,1
0xaf3f931b3b0fefb387a4bfa6d5f39dca59b18109,1
0xaf803180a4e75eae08697b36fa0bbce292fd3949,1
0xaf88c45ac9aa21d330eaab9b3900c4b522b1d8f8,1
0xaf8b7fef761d9089ca56c54e4a6da0b7f07b4438,1
0xafb5382804ea63e8ed87ee1a7b585b3b9a1af219,1
0xafcba98567864de4cf80c837fcc3af0d1a450c6c,1
0xafd4a3232a0345f5d15159e6e8f3a5960cdec89e,1
0xafff424f2821a35265b13278ef1df8073debff38,1
0xb05f46f7c0ee901c3d7f0a5eca6b97f4c81b22e6,1
0xb082468c8414f30bae1c3b6136cd5bbdffebc1a2,1
0xb0970efe377c6f0098c6b2847dfd673058c70e1c,1
0xb099a3c3043b262518d9b6cd4d5c9f589b15e2ad,1
0xb09e56f86ab45b267f68cb12940bf5814d929f19,1
0xb09eaa65b2b32959c57bfe5b964fe0a18ea8fd82,1
0xb0d4590c6fc05ed21836caff55015f1116ca5a4f,1
0xb0f582963d54318867c7076efae2e9d96c0eacc6,1
0xb0fa409c24c131bcb1ec8400a5142150a670e746,1
0xb141fed929e82b7e8bbdfd3f1ccc0e48cc91c32f,1
0xb14617559e6bb564ce7826a354cc1db7030127ce,1
0xb14dbde5ac7510f1785de2e49a17a14ae69805aa,1
0xb18e3c41faf4139b89b4ebf1f5ef645a3ad0ec7f,1
0xb1acfee71abf95b55aa503309910f11c6cb17303,1
0xb1c1f06affa89f4f6aacb61dc4a7b01313b99e0a,1
0xb1ec18c1698981c90b4d60e52f7d690c35383d55,1
0xb244a001b809fc73458b41499fb50f4f6f9725c0,1
0xb258e243a526e79c4b5c8dd5df490e42eb7927b3,1
0xb2863e4d58c863ee79227be969a56469d4114597,1
0xb288090e6b2427e2e4b52afb0590f0f22ea0f6d4,1
0xb2bc498a214282efa54877ecd082165d4cf86df4,1
0xb2f0302d8f8abbdadbb6b5203792d4d3af1d1f84,1
0xb3007ff3c3f40bdf0126fec7c8e43c3fc50ea813,1
0xb33304ca5c092026c619927d4e5959d2a86030b4,1
0xb340d9f239d101d8791ebe3add34675ebc184941,1
0xb37c5603fb0c6c2e2b62d0525affed9e1e5a6a19,1
0xb37d9262cd3c4346653bc7c0c6b6d9c15e9669d4,1
0xb38819a12d2c4b67d51e0760e5a20c9f10897e14,1
0xb3897952ce7a4cea159d232dae8d02ca8273372e,1
0xb38dc55692379bc670a8e7e9d4efc7b8221eb825,1
0xb3bf133950d87f84508fc64735ed40a4f2797aa6,1
0xb3c3b3038bd2231b7b61a510102b459e694690a4,1
0xb3ddc2a5b4ebdb7640191906bd4195e23e17142c,1
0xb3fb967ba2044efe7992c5b465daf8f62effd961,1
0xb40704ac3861a0762d92d948317aa2ed4a77903a,1
0xb4128bd437953b6639e03fa4bd63e44fda625c55,1
0xb426e8c9cce5d2e1c86b83b13cc4526c725bb726,1
0xb459aaa39f70f71a66b94cd6458d5a6c7addb242,1
0xb460ad348509ba141734f22fa06c0fee91205683,1
0xb4627672ee52660a9e453ec541834e04583f3602,1
0xb49806cf8dcdb108d318d6f4f7ab087851445d94,1
0xb4bb21f96a5f8ba3feb0dde8495a4e312dcc356d,1
0xb4bcdf8bca277289b04eeacd210a811649d2b14e,1
0xb4d502361a3c6f823eeb9a99af09e110382206ee,1
0xb4e14ef794585b51afb4cf4c77d8dbae66f096c9,1
0xb4f0bcadbefcee813981d40e0960ffc0ae770ec6,1
0xb52a92acf6f13934d1587bc0b32f708072578ffa,1
0xb53ee69b92ad6d12e6f3b1f849ad3e706e31a263,1
0xb55d17a1e777bb1c4ea2383569cc5760166246a3,1
0xb56ae8a727cf38f1f4716aeda6749d2af340d8f4,1
0xb5768a78cc06617f324bfb77512d318791adf238,1
0xb57ff6fa3553b744bab66f818381e6feab7859cd,1
0xb58007c1990a0ae29f0d34543714baf168149f82,1
0xb587787a8c8cde1250eda1fc2e664666720c661f,1
0xb5dee3d78bb9b876a84e0ae6e43852e080001355,1
0xb5f31eb9e70f88c5997a243dfb59b7097bcd84be,1
0xb629db72f0a513c61872b39db18cf04920febb0d,1
0xb64c9d95a6f3c23bb0c93283a94ab264c6c0bab2,1
0xb653e28662f8609664ff007bcebc0119ad0cac36,1
0xb6563a07127982232119e0350edd6a5ba5563593,1
0xb67a577a1855dc3a43df1d94b05a8f5d29570f89,1
0xb6848f941dc6c5baae2d1ef18b22b5c02f5d83ad,1
0xb6b4a02dca517564eb98790ff67d42b5b37a3d4e,1
0xb6c189179b204d14fcc0b608bc97243b389b0030,1
0xb6c4ce4eae85066f8fc45093d12444c8b89a6aa9,1
0xb6ce218c8e618ab1a71f65f329678f84e00a836f,1
0xb6cf25f5cf8a1e1727d988facdd47f1dfc492caf,1
0xb6f79b687c2f61fc69fef6fad96aee61228d81e1,1
0xb71f654e473764f6d6fd7acc581b3e14186f9d45,1
0xb72f37f5bc3efea93904883cd609b14fb13196b3,1
0xb7802764002a0b15ff89300bbdf0de80a50c5d9b,1
0xb78959adbc70e51378043878697378c483e65355,1
0xb78bf0baea59c9d108b43f10a013dfbce5717d1c,1
0xb7c5d9b62c233b5c9b450aa53a0a1d289fc0f378,1
0xb80c79b0ec2962275cb9c5c888b3dc326cc97e8d,1
0xb80dbcba7b2a38ca14862674db5f456f43b8307a,1
0xb8410f47e152e6ec0e7578f8e0d79d10fb90e09b,1
0xb848a0b0ba24a233e2f05d0a382e1c2035bfc5f0,1
0xb851c451aa0972edbcc500864d90caa2e6e55b03,1
0xb855567a17c266c1d82a52bb093ef5b6a66deb01,1
0xb86edbbc737b7613513f16c4518bdb1cfda2f9ee,1
0xb8ad88b9d89aca9261ddcbfee62177ed86d99454,1
0xb90aa714bd30e6f135ec15a0cd2605af1590d184,1
0xb91b64fd12c0116f765afc80f3b76c3490bdaa45,1
0xb93ddcd31a64d79fecd0f2dda3accc451fafbed7,1
0xb960be49f51a6c3234319acc0b9fe1a10f70a94a,1
0xb9666ebd319760ffee15ba382fa516fceb815184,1
0xb9820a7d1a1c97c339a471457c94cb67354f5b9f,1
0xb98af149b33dee33c97650e877a497bd6a934d54,1
0xb98dffe8f3c069dc265bd18a0ae9f6a7f6f678ab,1
0xb9bca56f33ea404a53f8ec98d0e746a2b4cb2ec5,1
0xb9effc45d6d9291a4112aa97bddccdd4503eaa09,1
0xba0431f70833fe78d118f1e55bab3c8a526f303c,1
0xba25d56e015dcbda58c53c39a027cde10b1e5711,1
0xba40e91273dfb923ab027fa0000ffa067a6fafcb,1
0xba4f93b0a5ee622a7983d16f53cd0ca787ffd50b,1
0xba595a55b85bb25a25eafcf60c9bbbae6a31af97,1
0xba738302746e83700c72c532149f4f396356bdd5,1
0xba88ed2bf55e3889e092593f4ef6608626da4545,1
0xbac04a3fe3c2fa924f615201be75a143aeb3f0dd,1
0xbacbc14bba728f81da052f1546f139bef0d7cdcf,1
0xbae950e945678af8921bd7811e8a036deb4753b9,1
0xbaea3cf94abd0d6e0f029ef5b0e54e9424a72985,1
0xbb1757c2591114cb9b1431ebb1689449d53b907c,1
0xbb3be72a5f745a5a055dafa72b13a6e04fc5859e,1
0xbb6cf6429c8491942df257a96e8723b066475781,1
0xbb78a151673fac1a0a2162abc7bee3a39b3767b5,1
0xbbdd72fcce73c2626719be00259ddffef0d5673d,1
0xbc0eaa2b2afa8252cddc0623bba4bd64122bfbdb,1
0xbc1f37c7226fa710d0de26e63f18ff32cb53fa48,1
0xbc300f81f399d5ee78b0b0b674bba8042445ccfc,1
0xbc3e746c622a4b8b3f70fcf43c0ff0d4c66452fe,1
0xbc552fcdc59b572f3a09cc82424a483a233f5914,1
0xbc765792a4bb13a313ebfe3d556e2d4634057387,1
0xbc76d4a51de25c977b52d5aed1eab183465bec60,1
0xbc7b2461bfaa2fb47bd8f632d0c797c3bfd93b93,1
0xbc7bb09d663c46095e00c9240a7f4201fd41a14d,1
0xbc9ca5bd0f07700929f8d538233b0a9e60f4ddc5,1
0xbcd466a306f0bddeaab7617c023b02cb1eb54111,1
0xbcd65b55993a537c73a03ed14fa277e4a902fbea,1
0xbcec35add294aa9b9bc12cc6debdf4fdd711d9f8,1
0xbcf0c10c0e3276967ef10ddd6aa61bd457e9abba,1
0xbcfeb202ceae978c6a20a8f6a9901075948871b9,1
0xbd1763ee8e4e682dfd941d59b5cc96084a66c26b,1
0xbd751cac1fb27d930a6a0394d97c77908d94ad5d,1
0xbda5151c8717aad7d276e5cae2f9e0398ee113b1,1
0xbdb0dd845e95d2e24b77d9bef54d4df82baf8335,1
0xbdc4a5c0ff7275736cad102c7408555fb5d6c495,1
0xbdd17e2e19541a4f64c69002f6e432e706ab4171,1
0xbddf499207d29e920c0500642567b43238b30fd3,1
0xbe03a6efb0fb83185c3525bf6a917490f306b50f,1
0xbe31e9f1778efdca94f531f22f09cd75f64f60ea,1
0xbe3471f8bc46306cd8374f480a0be5af75f52029,1
0xbe453c11c346d82a50e7499b38718ef6030cbb27,1
0xbe85f5adf3afffea08a2529bf992ee96525cfd2f,1
0xbe93e3ab194d71fee33a243ccfa0dff795765488,1
0xbe957a475844c127ddd207b4ff1f63900fd13e57,1
0xbea81280e41d70a5ddfd6e2df54a57bc08a2aeb9,1
0xbf3a84d6dd4b70ff98f82238dc9b02d9d2e1d5a8,1
0xbf7be3494b2bb42d27ea1ddd062aa49be7067d94,1
0xbf7ca30788d24031f1ffc6e3124adbf5197685ec,1
0xbf814810b44978de273191fd612aa47f7b69d564,1
0xbf949494127d3cd72cd3399d4ab38312757f4d12,1
0xbf99363007b348b7a019e70cce02e8ba62e95129,1
0xbf9d462c9c6880d44001bcb8ca4a38a351d583d3,1
0xbfb7969e75ee4e58620f74135d167f5bdd60800a,1
0xbfde1b001f5446756f7b99b301c26ea6f9a721a4,1
0xbfe856e4968b0a91b61342c8fdce7e0376ba1894,1
0xbfec9ba7567320f2548736cd88b3132dbfb373fd,1
0xbffec59f5e85f37af43a872dbeb641cd18921f04,1
0xc01c99b2543e28eff240e90384a1fd757a484927,1
0xc03202f11be907c3a8c99ad890e797d7668db82e,1
0xc04038c0d0b6ee1034cbde6239f71ff10b81bed6,1
0xc04208f289d3842ac168f2c373b3164e1d872650,1
0xc0452507b41d2da08a1630394d064b45617017c6,1
0xc05e6d3c30cb47bbc9ab11e5cf2a7744160b8a00,1
0xc0619bb479af57e9e76c1fb24bde919364291dca,1
0xc06a69871ecf0f6f5426c409b450a0e7bc21bc4c,1
0xc07a3f39f6ba2adafdbbd4fbe84cc76193e162ff,1
0xc07a67f50eb5bf18fd0c140c702a3032faa3681c,1
0xc08f3586b705d01f9b8dc5bb56c757d35f4e6392,1
0xc0bcbc0a91cd42e4808faf190e0ad6e9a6c027cc,1
0xc0c796b5775fcd95f0346b19bf90faec87eb7658,1
0xc0e401ae543da893f16fdf79a7cfd843b50e9644,1
0xc0ee3f9bf2928a0dfc6868d67118d2188dcfc839,1
0xc11f42d7b2ff88bc32da5d06bc4b7467ac2b80aa,1
0xc142dc5ceb96f73635d66b62bfde2a0eea4e4ce1,1
0xc17248624eddbd8fa6c0cf29fbe9b4e2b59e6254,1
0xc185d966f64480bedb2ed458e7d1a1e29d95231c,1
0xc19ad51422889d5bc7d3ad97a8e0e0c8b71d09ea,1
0xc1a471605763d34de956281399086101d4110153,1
0xc1d4e0357ba86a254dfc382b188b446fbacf8f64,1
0xc1fd5d565b22a8795d2873f1cbe181c09d5e6c9e,1
0xc2065e8c845448b6fd7a3ad168918f2ba6e9d45f,1
0xc25461af5e224b7aceeaf0eff443a239fd5040e6,1
0xc28d30dd716a40b0c19215b732ce7be0e80a5098,1
0xc28dab272f06bd4cd3cf0b887dea87477189177f,1
0xc29e55480d8b86c8a06d1363b9429cbf78bb1fe4,1
0xc2a2cfc59de305c4f0bc55652d2054615fc55fce,1
0xc2aaec38c14b81332f6741f9fdc211c6bb6f894c,1
0xc2b9c78e88357b7b602c2a71153834d2abc2f18f,1
0xc2beb61915d1fbf621eefaf80babac9e31b20e98,1
0xc2d28150e302ec9c4d93468488be54062b4e8094,1
0xc2eae510765182c15d5857efbc099dee3ebb04fb,1
0xc2edf07f6823506a386e82aa595a2b5ebb9bdce6,1
0xc2f73de40fbbd12c699662d877589c028ee7f7d8,1
0xc30100ec619d357517ad3383ffc660638ea6f1a9,1
0xc3134ed1475aa87c523a50bea6c24f9b382e1485,1
0xc322e8ec33e9b0a34c7cd185c616087d9842ad50,1
0xc33164f7ecc76869fafd44363cd094a22e0c296f,1
0xc37016f3023d0218718ca22a423d9dd00eb58275,1
0xc3a54d251ff53df49deab11aaae634203cb24ddb,1
0xc3be75af49a71bd36b08c513cc4520b5e5290928,1
0xc3c9737cce778d7583f31ae7c4f2ab8782ed51e5,1
0xc41f569021d43f94cf4808f8a87095b255535686,1
0xc422294fc110d20e70e8fa2e09efb930fd392b88,1
0xc46db2d89327d4c41eb81c43ed5e3dff111f9a8f,1
0xc4ae50cc35215e14646b42dc2883a405c35c1fd6,1
0xc4d4125c83d1108df969dda998227fca80fd82dc,1
0xc4f5b7207d510e2f35d045b278a29f57dbd9d15f,1
0xc52332dca3cd0a1c05522540e43694e65f45c8fe,1
0xc535faa8cd7a258b30d772705c23d9ab27cef66b,1
0xc554cf6dbba844de57c3bfa89b861e685afa115e,1
0xc58326c7020f26345f4568cc09daddf019a8e6d4,1
0xc5e7d3bcf2cbcf2ea933f1ddd0b8fae7d9c81fcd,1
0xc5ed0799c911bf8147680756825725eb038451c8,1
0xc5ed50dfae205376b17875da80b7182cd3717af9,1
0xc6411ff69f1ec6bfb4b082f47db61dbedcab250d,1
0xc68c7771ec6a6e5d67d62aa9c6f22df69865e401,1
0xc699e3a61b108c77e9872e49a51698b7ad62da88,1
0xc6a33a9ea34657e78c1a90fd1f1534631f1f5729,1
0xc6c36027878ba38964e4d5a60ddb20d09565354e,1
0xc6c3752bdab737b8cfa174e6ecfa620ec0cc162e,1
0xc6cf5a020bcfc65c6f8181c04cbb5ef5050fe28e,1
0xc709c2e280f246123d0bb72394bc79f10fbdab4c,1
0xc74c03e0d04003dcccdbb1c7f2536e6000fcd7c1,1
0xc76e3464ab0fd427f1281c394879a97205384543,1
0xc77c58dff4820b93c69b8c7342a3e3965c80dc95,1
0xc79556a222367ecb3c2291d5c6d2b3e58e25fbf1,1
0xc7a295b1b2df1efb82aa204958b98ac30171cb85,1
0xc7b72bb1acdce3eb45f9b38f43cd31e4927c725b,1
0xc7bce04163374984e6aa210b3b8e444067df2355,1
0xc7ca518ab420d75aeb54266ad67d3951e8cc98d9,1
0xc7f91d9f1a2609c89d600bacf38a21f09e77ddd8,1
0xc80287bf99c55213177da17a0ee53919e5fe578d,1
0xc8116ed903092918098d77cdd846a7d2d57e1fd8,1
0xc85b3cbf81e63e0524717efc4e53dc12658b1fc5,1
0xc8b811201aba2c54a419a36af349990ea5364c9c,1
0xc8bfdfddf4c62a7a4d3d2c578e214fccd5f0f197,1
0xc8c4ba3f9677978fdc8b1c632e23c3f9e82a502e,1
0xc8fcee4c9e8d847bc9d92219f897889a40f3197f,1
0xc8fe8f3a13339aa7e8e64d301627a5117c308d2e,1
0xc933285888e27624210df72c4d21514e4a2b3203,1
0xc93c7f71581dfeaab59bed908888dac5689f312a,1
0xc97958ff5370c56b7e0e6fb58437f00702714d49,1
0xc97cfd2c3a3e61316e931b784bde21e61ce15b82,1
0xc9a420e7586d5efedaa1289f31635aa7de3fe910,1
0xc9b44b591a92483445923f37e49c3c562316d2cc,1
0xc9ceeabc1ac7b96fc45a1c94edaa3b10197cedfa,1
0xc9e963bccbc845180572405aa6cd0815fa8f09dd,1
0xc9f257f38ee150c4a1567f03002d76a060dbfe3a,1
0xca0f2f63dd921db06cf3b43e15cd2113a99facd8,1
0xca15c74ee153f5458146bf572d91808940d32304,1
0xca300722464cabdb4290c4c7f8426c91a7f93955,1
0xca339bd4739227f71b646f8b23ca098c86f6c3a5,1
0xca3872b1f2203c4b488955f6d8fc28c35315b507,1
0xca3dff8c740dee29528916eb049cea48f500d387,1
0xca3e7ef7596fb4258133c888dc205b4047c09307,1
0xca4972f288ef9581490554f88f0061557bbd5629,1
0xca4cd1152aabcb80859add1406ab7ec55e963e28,1
0xca6691eaed377731ffdff3fb93c404cbc1d25f4d,1
0xca68193e07da540a36b9d81fe19670029a50bcda,1
0xca7b02dc7b6d1a00567ccb49a93dab36264f31ac,1
0xca8cb0598cd91f9bcd1d09ea0091b19b1eb39fb4,1
0xcab7784e3f16a2629f0ed194dbf21fcc8230e169,1
0xcab929b96ea5d23e6c1f440461b6cfb52419a5dd,1
0xcabd5f77ca9d48f4ef9793f20de42ad39ce93979,1
0xcb044928d73a945d31198a926e0474a00302c569,1
0xcb06bede7cb0a4b333581b6bdcd05f7cc737b9cc,1
0xcb16abb152c5119b1c239735309b3a6c65ed17b3,1
0xcb180b67835eb7aff6eb230e67ba08d101e50f9c,1
0xcb2262a84ab242c9f994b4fda38622668d35db23,1
0xcb4bb1f2f13704dd3cfd82d66fbf8f88d9f640af,1
0xcbaa6a102b62d6e75e6c69d8463f429867ecb2da,1
0xcbb49b18f2e9d002bd79fc1495fcb6f6f87f1e0a,1
0xcbb632bb82d4551b10db9b405f3e4a0d1501e28c,1
0xcc10bcf3e6ff56f7cedeacaf05734eed136d24a1,1
0xcc14011fa0baa4ef659e609a67e4b7f2a5489b16,1
0xcc234197141d55c4e6ca3a3d51c9a6afe013094b,1
0xcc322d4dc1581568a21788c2f7b201feb993d878,1
0xcc3b37eeb73143e6d2a547058118fe25561a4eb2,1
0xcc48857242141cc7f4f8555f8a3d5bed03556c19,1
0xcc4d205d34de1d85cbd183c1da1f99e667ba9d4c,1
0xcc69c0c9f138d76cd064ab973133285192cfbc5b,1
0xcca2ae9e8ff8c2f60e195678be1d379c78a4a758,1
0xccb4e229fc4ebe2c8034960ca9a4b3ae5ef3a7bb,1
0xccd33f7b7dafeaebb50fa75c2b1f30ccc0f96cbe,1
0xcce669357967f586a429e3230af2b8a54be082b4,1
0xcd094518f2d30fdd8c7911636bd8b52bd5303066,1
0xcd241563f7288b5eb2b9b715f736232889b62d8b,1
0xcd289df46f8bd595f3a886197c1b8c260ca26eaa,1
0xcd42936b452af482e834df581c89d51d2a2c6f52,1
0xcd4da76c7a42eb55666068ad62554122afab88de,1
0xcd8b72710595c69019c109aef5b1b92eea7f995f,1
0xce2e898e7cee49fcca0e47934990517e7d0038ce,1
0xce4122fec66c21b0114a8ef6da8bcc44c396cb66,1
0xce5035d51237b4d72f6910d4ecb625e4fd6460ec,1
0xce56a746edaf84e65aa6a2bbb45b2328f6a99935,1
0xce8b5f3f8b8520391c27c466f27273bce6bea4df,1
0xce92e2cafbf11a71f59a52e34880fd3fc71074b3,1
0xceae4ca7d082856d140f3672780029d6e90c3dcd,1
0xcece625176cead11c8d2dd6149fda2496b0c192d,1
0xcf04c33bfea64cf5dd6ea97e2d5620f825b03b49,1
0xcf0dd9a41b9b95b82303f3aa94051fede9d8c5a2,1
0xcf2cd14ccff2b399ca3ddaea5bb5c6f6be409aa5,1
0xcf2f67229aeade145c9beb8508798458798e7b82,1
0xcf3ea17855dc7f0765830cfb535ec268d786d611,1
0xcf739b005e1ec76ed3fa800fe73747ef79ca990a,1
0xcf934852f4a8048b60df5596ed2baa430a99159f,1
0xcfb3adac1f63fcae9b9c559afd60fd2d6b52008e,1
0xcfba61f05af928f96b0876e988d41b5454c81c9b,1
0xcfc52127840b7b18750e27bcdcc4141eb2091424,1
0xcfc9336910420e2fb7b9c19f62a38bbac34dc352,1
0xcfe0fc16baf9459e9c7f4f0234a04dc994580d0e,1
0xd00e6974de3e21ccaa2072125b3e255dcbf18ac4,1
0xd046719f6540fa5b7749d84d2c171797b4c93a3b,1
0xd0720db051fbc63adda92464c408fa6c3e3db017,1
0xd08efa08964e3cbe1b5a8cd92677790d19fc95a8,1
0xd0981e004f98c7e0de915a6b68a73a2773f4ec48,1
0xd09be3296fba19f337a67487ccd6f0b7b3faffe1,1
0xd0a030f8f91eaec83a31afc793c736fe396cf0be,1
0xd0f2b4436a280450290cf63490542befad404863,1
0xd1042637cdd71f99f3dc5877030e67f3789e1c19,1
0xd1380a4e089950ee3a23d818e24ccbbef003a432,1
0xd13c2691e0715efc6070f48242bf4317c84884f1,1
0xd15bb0ae0ed3b43204a1d7b5206dd29212cb9608,1
0xd1964a6b8f35b012414775fa0e2ef3a4339477f8,1
0xd1e37cddf6cfde5511aff71177a10179a5feadd6,1
0xd2083a71e0759984f84afb6b9513bcf5bc3e4b26,1
0xd22b0f556ed5c6825df1b25f233b24ff03756b79,1
0xd237d3b488dcddbd85408d2e879988f97ac81280,1
0xd26ccc0370f5bbb000a6f703885e2e6776f1cf10,1
0xd2725f5104b88cc41de5bda56837bb7b069a86ef,1
0xd2ab80a3f934e36fa813a2ec33db147fd3255ad9,1
0xd2b12f1a75b2313980d7c410002e6a48cf389b8d,1
0xd309ebf27ba9259a7469359b35a620dc2ea84ecd,1
0xd3191e3858d9e982b4277e7591b3ea6ddd0e08e2,1
0xd3300c1463586a6369616a567eb9b45485ed2e2a,1
0xd34baf4175558d69483910de31f7056ff953d3ec,1
0xd35f84a9f82fbec2082b2b6c9afd20b4a8f7c959,1
0xd35fc346e15ba5b446917c9fd23a9471d6144701,1
0xd361363a6401870ff8a23b7c77c004aecb8c8b84,1
0xd36590461162795ee33099b2076a0d4e017ae17c,1
0xd36ecaa12a7349a20230a6b6f4aec070f875eabc,1
0xd3e401814d1faa8ca0419ecccbfee93ac7b15b31,1
0xd40b63bf04a44e43fbfe5784bcf22acaab34a180,2
0xd41150d2af00f0ec727c6fe1c2344bc95ce0014c,1
0xd413f436a036b9773d7adccaac10242e27b9da74,1
0xd41df4a30fbe6b282ed6294a704fb33090557566,1
0xd42d52b709829926531c64a32f2713b4dc8ea6f6,1
0xd473d9104b33eca4deaf9cf19d36371f2126f207,1
0xd497297d11b9db122c28eff60b489b72f7b71849,1
0xd4a08cf067c83d1b2cc1d26831569b7850804be7,1
0xd4f358d4a415b4abb6f6deb40b86d7db62562960,1
0xd521034f074037fe06080cb3aecdee5692a01666,1
0xd544b080e7e506a0ab3f72fd1b501a570b2ccd97,1
0xd5553ac605f50b33a6b1bb67e1c6a00eb635ec61,1
0xd573570dd74b815411e4a304919035cbf178ba71,1
0xd5755a4276a53ee7ca2703c6e1967af59cbc9feb,1
0xd57567ea0d154a04d74c562d101bd72a1cb376b0,1
0xd57721b29f2a17ab6a0635210ce05dbbecf5cbf4,1
0xd58aefd8b29578b22c0b5f658dc05d40045c6838,1
0xd598e0ccbbc94714422d544f1caf162234c296ba,1
0xd5a06056701c7cfba12b1a384294148b9d2d8bca,1
0xd5cdfd9af073a09831f69aa426a1dad158a82a36,1
0xd62af0477b1991197da39a38cbf9c7199f4737f3,1
0xd62e7b78d01a68ac4085edf2705c54c757699bcb,1
0xd6599331b6b48fa6bf8cbd4d7daa4bce4d4ea337,1
0xd66bf38e7c704f0cd7910773f5c8cc3098b6828d,1
0xd6ad015ee1b2c5a4eaa7c6de53c3a7dc487d80b2,1
0xd70150a7a5a42d4cd25974dae077a79a1547fcf2,1
0xd718257dfcb4fd95c12573f739fab39e78068260,1
0xd721b743783c0a1f1a7ee0161663b780e9f52f47,1
0xd722a299d14a19b56cddaeae0e1d5a5786424570,1
0xd7473ef09ae9c072f2ece3fe7ce64e670eeff283,1
0xd75d4c287caf755a4cef24a9efd0aef83c27ed67,1
0xd76b32935b4ee494207549b0b2d691467819f28e,1
0xd792957b5665225a35958a9793affab1f1791a8e,1
0xd7967dda06c3c138e849a4ad0ca8ab20a51ad6f3,1
0xd7a481069fe91e8b8c2a44e62e128f4edb32681e,1
0xd7d16a716f6dfcef1e9553bf12136463f6414f1a,1
0xd7eb23e9a064f0ca08657677e8f4bcbad74d82b3,1
0xd84d6ef20484fb3e53c03d4bde47d75f662b2408,1
0xd8842a6d93709e5a81cdae6ac4a2d575bdd28b25,1
0xd8cb65c950759410267568e427ce638261e006f2,1
0xd8d46b002d797dae8b08c12feef73a82481fc4de,1
0xd8d97db2a8caec33d58420aaf637cb41058cb58d,1
0xd8da603456bea3f46bf22cea67a510e25d3da918,1
0xd8f3d5e9a199a35429870fca8befd159bfe48747,1
0xd905308e8b8835e60c1cb5608840427cd0dc86ec,1
0xd91e62ee44968887d560f34aebb9ae92d5a113ed,1
0xd9682f77ee6addf6739d483856142a6e59172e80,1
0xd969f09fe55ffb0e64954fc51e2d8af764caa8b0,1
0xd96a41af259755aebbd7d13afef763dfe8197e04,1
0xd981a38d80de1c1528349b841833d3a9a745cb37,1
0xd98dc21ae71606f11e5fb4bd6bd8315bb1078d5d,1
0xd9adf1064404d06494e80783a5fdf5b1a094b065,1
0xd9ca57d404f33b815801d9af83ff7474d2b14fd2,1
0xd9e2ad004ac82915d7472448cef2b182547487bd,1
0xda23ab0b2636c3f9806a868278d73aef2439ab60,1
0xda2a36b2c2ad4a1f5084a71a87655b29f0fac4a2,1
0xda2d8a5d58e0e25fa9e07138ce27fc76d32291b2,1
0xda521799e18627a773375a1caf35f67983a5da8b,1
0xda569dfdb06d72526246de8b0c44b0d9934cdcb5,1
0xda6c22f644db99f8d914b64b504df109b20076fe,1
0xda6d29d2b038714db0d22f1f4cabaacef5ca8822,1
0xda86e7501b4ff77d3e1186a8bc9e6d8b5a195dfa,1
0xdac47e0ea5dd4565dfde65080a18e42190600846,1
0xdae6ca75bb2afd213e5887513d8b1789122eaaea,1
0xdafa9e3dae493f0b9d6872eff4fda0f40d1b7488,1
0xdafd126712aacea92eb9fda9f148d949a3453faa,1
0xdb10943768bfe537628e16b241720682f23ea242,1
0xdb2b4bae2c26ac0d24b36b42220826e57a75fe51,1
0xdb2c568054dec120ffdfe9dbd66ff6e5d006f2ea,1
0xdb3f4aac828d6b91d28173cde758c6e1603ed27c,1
0xdb486464ba28b4a5cc56e1926ce9739aa41c713a,1
0xdb5cf3013a437ce5437b241b9f39b04f5d0bbb71,1
0xdb897d2dba51155735cfc39b79f3c47380efee6c,1
0xdb8a22004abff0520663c65407b87c2ad64b3b67,1
0xdb9d5b439493b6858a7b8d11cbf5885a39a07913,1
0xdba4707f0d67453a863bb8d5843761ca2e93d18b,1
0xdbad92dbc43d25b520dc66c1179f4ccb8d519688,1
0xdbb32789adaf0e184f71925e0be6555b6bf1142e,1
0xdbefee517025559e7898d3a48f18221c32d3fcf5,1
0xdbf4a37f6aa1bc032ab2feedbc0f7a1b1272c4e1,1
0xdbf511df11612e32625b80a0ac97266e62795c51,1
0xdbf55298b349984a50fa98c7c6965994e30fc3f4,1
0xdc018add198ee371165f7413cc27849c5404c491,1
0xdc0560fb21976f36a4dcb3213772ce06c24eeed3,1
0xdc78107155918e230246439e4159fea4c477eae9,1
0xdc95c26111734fa5c91a250f626276fc00136e90,1
0xdcab53e3c8a2c37cc5e2509c2db0caa6c04f3ce0,1
0xdcade0c6f76c2e42289bed5592510d7129c601dc,1
0xdcbeb312b6c38b8583c119cb29938b464196a35e,1
0xdccd0bc0ac5dff5dddfae6bc895761cfcc64b14b,1
0xdd0b7b86ff6988de3d9e6f780605a50c48d050c6,1
0xdd2d31348acdef864309a9c535160e7fe914bb7d,1
0xdd37f9b60686ca3aa4339f660a0bde76a74aaa8b,1
0xdd41102ba205ca9ff65af15616c004f5f6ff5ac3,1
0xdd581ae4060294ab68ddbdc60a2c641f9205722d,1
0xdd5cecf2835d465d490f79ad9773a848805a3219,1
0xdd61ea700c479e760bf2bec43ef7f79a02874c1a,1
0xdd784e24518bae30bdc215246470adafe609e689,1
0xddc27a0a0c24d60b607dbc7b008f2016585e57bf,1
0xde1b6dd59a147a5cbd584f5ec2e0954cfecd2816,1
0xde31b36631c7bd5883722cc8b7f11dc8fb061dc3,1
0xde4f118110c2e20e5a8df899861ef5aac3aad287,1
0xde500d84a2bb86911a84bb7c9eda4b4b8f9f08ba,1
0xde5c0e4c290e444fcc507d621658a21e720ff0a0,1
0xde6c87bc55f0a9b2dbae133bf97aa9eff5030e13,1
0xde73003a8e96ada720549e314a92fcb1f7593879,1
0xde8658467df6a56562afeeb8d99de308b510f179,1
0xdea8e5a1e9472f66fd0c97b8db26b5aac0a3740e,1
0xdebd22d7f63648dfb69bb6e2a4c88264d578c0a4,1
0xdecab2d09e3f90e5f0a2f1f8e8dc4c06efc30b6d,1
0xdf6150747ec370af86605d85a45cb05711881dcb,1
0xdf89664da2d368cec9a3c9bb263c7fe7a3629c89,1
0xdf8b134fb7743acd805ecdee11335dd0cca921fc,1
0xdf98322a314921fc6863806dae62a157081b0a5a,1
0xdfd818378e60a1b7e26cf165cc57de8ff0a65478,1
0xdfdf4762fd8fec2627203237c5d577a53dcdd940,1
0xdfe9def041c0a05d3de86d24adaa8f9a31cd0118,1
0xdff3c57d16c68d04d3961a66710cbb37624f3fd9,1
0xe0154466c299d00925b7908138a38d5724848ec1,1
0xe0198d56b6ae2e5d31920aeaadc99413b847196a,1
0xe01a97fc4607a388a41626d5e039fdecbfc6acd9,1
0xe024add7c13fd515486ee9494fc9566a067b5ea2,1
0xe04da86529bc2078c8ae3474b2d67bedf1139c95,1
0xe051e0f69dde28f263fb2fbfc056a34e42c6570a,1
0xe0538221141c8eb42bcf9ccf731433c973cab270,1
0xe05adcb63a66e6e590961133694a382936c85d9d,1
0xe05e90015f6577ea1b1eb682ff8e1db1b7b6bcce,1
0xe0a68cae437373160f1854e411cce05841e1bbaf,1
0xe0e263fdda4dd2432343b1ea2e49086cc3f22745,1
0xe0e31366067277dde4a391cd5d77f43cdb9ffa6d,1
0xe0eaac550ca9895258b60d119c5efcd458bb5b62,1
0xe0f94903b58dfb0afb14109fac17e2c41ed78f47,1
0xe109b28ebc468d2a4fab4931ab25219c61e2c3ce,1
0xe12cf0b00d590f9eff6312677f8f94900a5ad95f,1
0xe170bc905d67835a8473ce1529ca9734e3bffe13,1
0xe1d3c8d69e5177073856f6b553bef5e64b0d8402,1
0xe2075b97085d83c95f56fdff54e5791bc52dd0d4,1
0xe22059d454c705f70ffe2a5706844a3a27a2bec8,1
0xe23098bb33a264279305b9401c143b36148ba3ad,1
0xe23ef1dd065a485f656c46a6000f06dc578154f4,1
0xe253b915b7f20cb482ec8eece1a6d7c34cfe16cc,1
0xe28470253f0c9c7afbae7f61795d6b1ca4644b2f,1
0xe28f64b1aa695e59481fdd33de814bc88170cd8e,1
0xe2b76c9f15a1e5841a91b404ab4be1c3e5d19551,1
0xe2c945b5093f6314e889e0c5b260d86457c47301,1
0xe2cf8aeda552f97c4f3d3a22f1a631513ea2b172,1
0xe34f3bca96a35b60bd306401e3e8eaa2afe0356c,1
0xe3890a0ae72bbe8f4cb5f181291f8ba2c81fb82e,1
0xe39bd9e3af2054dd193b0d0217cfbd460f104902,1
0xe3a24ae91bcc72c6161b8f0ddf6e81694a2eec0b,1
0xe3b41ae8785e4107cc69f988042ff4a66a367fac,1
0xe3be356a8b27eb199e53a251e1a84ddad0ead9b7,1
0xe3d3d0ed702504e19825f44bc6542ff2ec45cb9a,1
0xe3f061d9724f0daacaada6438b32e7492f2bf251,1
0xe3f27deff96fe178e87559f36cbf868b9e75967d,1
0xe3fc951776e7e607521ce0dcf46fb13fc8ecf582,1
0xe403c8be3730f62547c2a61b4c6f6d002e5fd355,1
0xe40d8e559598ae9c99143fd32191695a2ec7681d,1
0xe41cc93b94091031c4dd1c8ea3b6dc440f910da6,1
0xe436831d41b975818e3ab33b46cfcc26d26d6a8c,1
0xe461a6ad29afe787fb10ed6422800c16d9c6908a,1
0xe47ac96b9a7b46ce16274d70153c30d98b251bdd,1
0xe483f7c09b4707e423f621c0d7453fb2c7eabc03,1
0xe485656ec623115bf2d445b925db5d63707bf74b,1
0xe49adce2fc301a882412a7a6c702f59324d9bb1d,1
0xe4ac516dd8f9d84d8e882dc30130caa205e48ce5,1
0xe4b77842e0d992f6358f0742f8c2cbe955b8839e,1
0xe4bf0b32e07a1ebb6dec9cdc0fa63e5a2e57600a,1
0xe4c701d6fdff646f4c1b0448cd00af1b04302be1,1
0xe4c8324534c0c6bca174cd0f02fac9889c36ba59,1
0xe4e2fcc5d9580128b043d12e013da428353bc950,1
0xe4fdfd7f2b4e4926759f2b1ad403d45a1aa9106a,1
0xe50ae5655d227767ec3974a11da7e4f67476b96f,1
0xe50d9d1d59c96bab775b733d17325385d1c66d60,1
0xe50f608e04c41294d8f5c3e9a864428e2be862fa,1
0xe5110e73cc510cb6aec9a71eef74d27bf4f9bb38,1
0xe539a21fbdf04c289c167c3ff2f97754080c235f,1
0xe574d0a4d4c96f8ed9a4a2d8042bf1d443edbadb,1
0xe5798a530bb7105e148d38ac884f05c28ed8e804,1
0xe579f066ba4d6bc975bff08e49d46b833677bea5,1
0xe57e2bd0e2127aea2dafc42c1322b5c1bea06713,1
0xe57e6e5c31282d666e3a51bcb825c02385953e2f,1
0xe59e088489a85a6de407768deb671c7e493fd799,1
0xe5aafde4568578e17e0a35d00ba3824e053c1c79,1
0xe5c4b4e3842fe542fe2498393f4c309cca6c0ed2,1
0xe5c67e60f60605375827305c6d6d5167b4aa6a25,1
0xe60458f765bc61e78940c5a275e9523d1f049690,1
0xe60be91264014a28742f5c5d20023ce432c45991,1
0xe621d85919f808b57c5a0426af2f7374ead55a89,1
0xe630ea91366ccadcea6057a12dd5f29f6a1bdcaa,1
0xe64565368a440c64a167917a9843c02c68cef5b6,1
0xe64777dcdca11fd8bde96ed05e7560ae789504b6,1
0xe667ed56927f0ae54d6706b4d98c55b036789627,1
0xe675276bcfa70f9fc2fb64d5d55a69a875d80747,1
0xe67ac23d6c555e9348c1086ada7e03e3f999c5d6,1
0xe67af016e88a886e86c70697f128b54f1ac11539,1
0xe6a5f0bb03c43196d43badd08899396c224b8e31,1
0xe6afec39775d78c1868cb09a9003c4eed1f0b5bc,1
0xe6b904aa8528793ff16c778f9c5a902a243c7cfd,1
0xe6dc8a3a181ad327144fbb4234b095e7a862cf05,1
0xe6e4d92009406d08851c2e65ce6dd324ad76a87e,1
0xe72eeb929e5aa9bb4f6a346376546a19708c100b,1
0xe761a9b9c149f6d3e34a295ff4695b729890b848,1
0xe789f6ed3d2cfcaa29c7d8163ffb0d961b5d1673,1
0xe7bfc67952b0a48f4ce3db309ab1adda322763dc,1
0xe7d12e1ef4b5c5173f7b76f55cec17018d0ef39a,1
0xe7db9261cd1242618825eb3292215e71ac2dca36,1
0xe80d4069a437a21a9f9f8abbfd5708518fc2048d,1
0xe8153e9e32ee62764d4512b89bda0f712a291d8f,1
0xe817ed328e561507dc84d022f42b46f92e003002,1
0xe84d612c36ae63c639e7cdbb0aa9ed207e58e658,1
0xe85eaa202e0499a808f2ca8e69903fe874d9fda5,1
0xe874ba46982d7cbab5931a50c2dc81a7aeb80344,1
0xe887f13bfc9a33ca3de5a5ceb2ff3126f45b8100,1
0xe8bee2f6bf252ed9efbbd483ca4093ace7350c92,1
0xe8cc7c453eca25450ca16d551db93d5f5740e054,1
0xe8e04243c7def5dda1e7cd8d5a54685dd9736f76,1
0xe8e74b34543ebd0ce253ecdd9caa6e3eaf9d7cb2,1
0xe9063389a16abb73934c57e2679c2941fc0f0fd3,1
0xe9101e612047636c645b4403fd7c1ffaedaecda7,1
0xe93875f79fba7691cfda0ad1cf2d431d44651877,1
0xe957b0829c6ae6ac461d7365b7927e1ff604114b,1
0xe95e35d6e05c1ef8d442ddfe83faa0d9c5c4b143,1
0xe965b7796b938dac4b8b5c255b6d2e43ddbe3fd7,1
0xe96eb4507a1d162bbb99301fe592d310e9489e40,1
0xe985d78f82bcbd47e032402a5164611cd53a252b,1
0xe999368a98cb609ab02fcd5220d6696da3b99c99,1
0xe9d53246209e4cd87dbc5d1fee71f44bff89a611,1
0xe9d5a03e6b2d7644ae73a07c866966e4fd92a4b3,1
0xea080de78b140031ce75f6cd7dd7e2cab854e240,1
0xea1126e70185400a2cf0de2a6b35428fb8affd29,1
0xea58721e5c2d0f90f66714845f2139a6d4e27a18,1
0xea5dd3aa14f16be7745d1101085e383ff13c12e2,1
0xea7d3818a3b736fba40852cd90471df33c6d6821,1
0xea94dace59ede50c55d53cc90c26d8ec4ff0b685,1
0xea98a37ce62f2342a3eb0ad9edd9181c383d8958,1
0xeab207d682afc330b04d570e36dbfb8336ad88f9,1
0xead4ba132739d38385794ac0fd58bff0ff380360,1
0xeaf07f7df15553a1dcaf11ad052f8591e221a459,1
0xeaf7ff61960232696f7d16a2395cf030b26282a7,1
0xeb0bd6bfa6d109205f857caab59f651fe7631094,1
0xeb43b5597e3bde0b0c03ee6731ba7c0247e1581e,1
0xeb6bc3940c9fe8d7a90baeb168f64f2fecd9a5ce,1
0xeb775bf133c142e873f2ba6925d53107550e8703,1
0xeb88c3ef20e657ec64ba354c0114482a05dac6fd,1
0xeb9b1adf5c1f71c9fa0b592d025c1d5a04c086ac,1
0xebe326d8de3413f8132518dcfd45e6cbff7e5c27,1
0xebe87906f527945b763a4f6ece95d21c1604c266,1
0xebed72802bcfc5400b712caa56ee6db7cdcfe683,1
0xebef2745ed6e64ccf014294d10b0373a4da1b0a5,1
0xebf423bf17c71fd5d156ee84d23b425f2b3fd78a,1
0xec034c3abd17fbe51b10283d0902a1210041fc77,1
0xec8982195f339e202c0450c7baa82fb201003222,1
0xec9580e980a90bfa111d650ff82fa84afbd6b4e2,1
0xeca8369889baf45f92cad9c5eb4d149da9e1343c,1
0xecaede2eed2d8f0b18a0e76396c5578d0c12d983,1
0xecea65d22233e7beed752a06c46cefc6c90a1d7f,1
0xecf542c31d2d3a8bce3c6a0ffe15ea53c2d080e6,1
0xecfa86af9d337e31a3590d9fb48c1ea91e5e7ce6,1
0xed04d3792c439b8af827b3e46ee626827de53db5,1
0xed1e25178d7a6438c356d3459fc3efa9458ad52b,1
0xed3d302285c8830c3d4b6a01dfd9bfda7e2ea26c,1
0xed5345e8fcd2b06e560eaa42205ccb5a9b344e0f,1
0xed9f08c1776ac67c8817faf75b28845b97f3de1b,1
0xed9f922304a7bc4cd1f1c3611060d8486fbd7c4b,1
0xedafab34d7df41ecf39938de47b2308fa923d51e,1
0xedc650c2fef03ccf974e9f5be047b6756c38d477,1
0xedd58b12ae0cbbfba2358d4d8e4af8685bbd9e73,1
0xeddd653513ffea50996f335923397cf0c5ed933f,1
0xedf9a04061784f0826c147d9357b2bea356d2f8d,1
0xee0688e09ce4c20526464411ad44adba31c2eda3,1
0xee0b618bcd18f798d3b15b0dea961831efce1ead,1
0xee0e516dc52834a3834fe2254fc40ee84b03c80d,1
0xee193f18cc3549e1158e4b940f065d8f460c143e,1
0xee2c055f7706b9dfcd98cd5a23d5629d6316c0bd,1
0xee79f5a408ec3c6e84d5ecb4e72a1d5478278623,1
0xee8bfacaa886d7b59bbdaa34b287f910559e7da4,1
0xee8df38386aa85be55fdf1460a61d656c51a5e3b,1
0xee8ed2de5294c7effee8d880a827056138969127,1
0xee958e45f3464d712b8830deb5875c8ac105f698,1
0xef232b7f39e4006a8ee3bcada5b9fbd70c1c5a42,1
0xef26d046370c703a8f954a7ef5834b80efc9d5ad,2
0xef393a272b4974edcf60b4783cc3a6de8e706f15,1
0xefc314edce7e240371bfd3650b1bacf1890278bf,1
0xefcaf3b09dc8de3b2cfdb01b9c270a6457bc8a38,1
0xeff446811462b2af4d13d622e4474f25d177ea8b,1
0xf00d1265062878b8bf44623e65f0ca2d5e344c04,1
0xf0127294ae7f45f793ccdbfcd15f762828071910,1
0xf0205c50a4fd1a2064d55a689b4048211a68b354,1
0xf031d015a1bef62136694b05c6d83378e13ba71f,1
0xf035839daaf652f03156b297a27eda25a35e6316,1
0xf03ef3e139a037363a9a8e623999a69276449039,1
0xf0430adf2e76403b9cdbc741c11d15dd1ad19a01,2
0xf04f09930d20c95e93c34a2e70cbf75b1eba0c2c,1
0xf05155f792819710da259c103d30e4b70178ea9f,1
0xf068a511c76dffabf0f6390c1f37f3a06dcc52db,1
0xf08a2bef105a8c69190d0d4add2a39b59b567b23,1
0xf09e12d0d1e2b7228d2e737cf027d621e4c6a50d,1
0xf09f5fbd1375552e3e356132b9d9ec5395ae83cb,1
0xf0b23ca1bdd3bd6552943b1c476a05a03da2c4e1,1
0xf0b86597291b367afb3ad6b4d650f4aeab24978e,1
0xf0c64d77fcb98622dadb7e917a3f5da9e717be90,1
0xf0f40ea9ad834df7456f0b91f1e291555ee79811,1
0xf0f64ff70b6d85cc2cdbf1bc362e930b9ff519ba,1
0xf0ff9449f0f036ed7dbdfcf1d8b17b1c9daff66c,1
0xf11fb839641dc5784d1637f19831988c06904b0d,1
0xf140856f0afb9926480e8817ed864d749c5cff2d,1
0xf15a6b54e68884d27e1bebb1624d70c227b7d04b,1
0xf15cad9be12418c29468682a93af0907575ff783,1
0xf161e0b700354a8a75595663fe10d22c74342b08,1
0xf16dcfe0b065544bbd57f917c697a53f37c62100,1
0xf17d45d3e6ecc5a8125e0e056f4a01d40d47caec,1
0xf18d8f1cfa7a24ed602128a46dcd9927dae6c05b,1
0xf1e1c701b49b1dc2405a9e8ef40f9f88802b80fa,1
0xf1e3015af56f91217514dca77526586e0a8a3d86,1
0xf1e9259db3999a1b28fca4c81f2b1cac5e5e3836,1
0xf2013523281e00fc24153db4137e1b8130e51f57,1
0xf207e69a7cc3b4a00fec3039891a77b3df8c3577,1
0xf2403ab4ed1041e7ae244845e766d170e41fdd35,1
0xf253c885f7e5f2818c03547b16f5e9068d4735aa,1
0xf279d80a97c049641793534b1ac9df982ac677bc,1
0xf2a5d9c71ddc45ca98476d39f3dfc2f16dccab68,1
0xf2c9294c70b0e8262df7d5436026df0ed393c4aa,1
0xf2dca9d0652c43784522397c11b19694c73074a6,1
0xf302258a7eee6e5c76ad9d4fec4029a93ceec13c,1
0xf3236c9d0b623cc261009484db5cfed2079a007f,1
0xf3374429886ea5af64c62939ae6adda4209dd2e0,1
0xf33f6c5302fee8dcaf6363f6862071092b3d56b0,1
0xf37d4a11e9540e104fb876088f8e69ab5dbc54a8,1
0xf38f67d8b16752b18f7358ef216a35423e45f806,1
0xf39fbf3bd9f7bfda4fd5cb30df587c9f6d6abbbe,1
0xf3e1fe32cd553f684ed28f66fd87144eb6d770b5,1
0xf3fbb2c0a711529ef9b81fe59a5ef5b8f1e0eb27,1
0xf4141aef39803327497f6b81a21bb3f2acfa2436,1
0xf41a375d6d5b9835d9b2c3a214e0556503a0d6c0,1
0xf42884e0a175a07b82354325d59be7d7d295e52a,1
0xf42b43efeaef7db244f25872df62dd8b6975b9ef,1
0xf49aa237f0fd1207017457abce4c3f14eb64900e,1
0xf4a12bc4596e1c3e19d512f76325b52d72d375cf,1
0xf4aa421960cce8cf25190af71acc6949e848fe46,1
0xf4ca83bc5e8451d369955b2f56744f5ac1d05ef9,1
0xf4d080d1a94173c5972b802730621aa5a22d942f,1
0xf4df143e90c2095e173f861a22f1e6a2503d06cb,1
0xf4f736875d51c8dd2de361373fccbff62ecc6312,1
0xf504b9be6b064e4ecaa8af5ae3f77ba64fcd4b3c,1
0xf5671d951c0aa6e4bd69a854fc2d15fe707ddd0e,1
0xf5b263badd37b96dd395062d6ff5af9cba88ff55,1
0xf5b407a5bd88f549f6e8fbf4aa13364a7e93581e,1
0xf5b8104c727b5667bca098f940ffb2c1239b3c82,1
0xf5d4a3b9fb77d1d5600a10e0e1c4efd12f9be751,1
0xf5dd8ff9fc6a00da37e93e873ed64b9f62ba038d,1
0xf60602b9f454eba8e54a694ebc416585316f93ca,1
0xf6109779752d1fdb8b6063a158bed1b02000b700,1
0xf622ae5609c2a0125407e9c9f3b79ce695313ff4,1
0xf6412bf4477fd23bdba133b5eba4492ad095819a,1
0xf6843599d50f804d1d6bab9b84137b92ca53f327,1
0xf6ace56abecbc8d9af8c9356fb492f78fb0b2c86,1
0xf6d47763f157f42e8bd711a3b41510267eaf4ba1,1
0xf6dfa4a1213f1d14f898f2eb840b1405984fe014,1
0xf6ec5b0d097178a0acf493afdcda2a54545ab0f3,1
0xf6feba363eb83723f5f8a8fa372e775d1013d7bc,1
0xf734e64e74c9c2413228006c18aa5510a95aa6a4,1
0xf74b25d3f6616e51b2d8be6c8cec54b045229655,1
0xf7b6409b12a540947688f054dbf5b629fb3fc7d8,1
0xf7e1fed9906a74e3d3fa63288e40c89edbe21526,1
0xf807dc0c456be9bc89c011d79d5d3d4e2a3f0330,1
0xf83fc0d27d92233e789e4d13d452d72404be6fe3,1
0xf8a8a11d4360bb920a649d94dba54683175e64dd,1
0xf8aace471723dba6514f6c6d43651611a0c34529,1
0xf8ab1ce554b916690fc7c9f34cd4c1f8adc55f16,1
0xf8b79322a538767339a104513c06a7c212d4cceb,1
0xf97e140a145450c22e24830cfbb99bd98b8490dd,1
0xf9b94b02dd6d32e039f5b2b905bda807732cb56a,1
0xf9c8d277b7485d29a0e76bdf2f53f584f9050baf,1
0xf9d2e74b99ef134e3e414632b5199f770125eb10,1
0xf9e0fb14d04c3beef990ac5ae80aafd4de0ccf00,1
0xf9f3ba83fa1deb56873cd146ffbe3c4b75fb55b6,1
0xfa002b52433a68eed6ed254569110a294b5efb74,1
0xfa18da7e2db0802312bf47ed927ccffeeba4036a,1
0xfa39502e0eb6713fae07d35af0f78ed92a18797f,1
0xfa3dabf38f872f50c62c3d39920d173d215806ec,1
0xfa43132b7b8753dbc1f1d27bb293160896dedcc5,1
0xfade41403a1eee72d805c42f1eaf5f53a54d0e0d,1
0xfaea21a63f38bbd321ada863e443dd407cdbdd9c,1
0xfb093481439164e493edc309bf3140dd7017fbcf,1
0xfb39a75697b375daba7bf3b109c31c4a271abad6,1
0xfb4eef06d3bd5f4eb1273f098b1f89f0ee39610e,1
0xfb541dc23e3b4359275d37e9e8ea3dc54cae5ff8,1
0xfba913f28c0b30d60c83152ebec8c032f64863cc,1
0xfbc76261fd55cf91b81a97dbcc2b3f6118f2b935,1
0xfbd47aa65555db25fd65ac5e4ce62ffc81d61533,1
0xfbe030c556a06b27ac73360e2959648cd10694d7,1
0xfbf8ae69b25542ac6833e2de631e7b082ffab1f5,1
0xfc0ac71b8ca9b219b3c74625755f62202d19ad39,1
0xfc137ea8b0fa4193f18c1a24449287d9015ecbef,1
0xfc244edce8bf27dc4e4356d0c9f00050c534ed1c,1
0xfc249d7e3248d17a079071c1cc26ec1674e8c981,1
0xfc2ee91d24fd57ab5d382c92818ccbcfeb854b56,1
0xfc3b48190541657da7269ac518458b26a718038e,1
0xfc3bdb7fd7a714d2b45c7797da0622e4ef5ad25b,1
0xfc3d126d801d5ce47df73b533d82917854641282,1
0xfc3eaf0810fea2b68755d300c926f104997aa27b,1
0xfc544a5495342a523703655c321fa1eb4a1c3902,1
0xfcab2f0f8e64bbda95e1c65d368e6cb22bc5a808,1
0xfcbd526ad12eff1cbb19efe1dfffe03f687cdeea,1
0xfcd6a3009cc2158567674b600498dd50f43fd4df,1
0xfcdf3c2b2b6ba00e6db59c70c424b27970ff3974,1
0xfd1714e7ae7e905ade427465bebfe425f45f5e66,1
0xfd64e8e4e7ddec10fd7b1667f3409307dcb5d1c0,1
0xfd7651b72b5770ddf3b6618641bedee0061d9975,1
0xfd7afb107a469884b35b0d50be5edf1f3dd8f7c3,1
0xfd8685d3dfde586ecff18b8872fe46ed3dd9afd0,1
0xfd8835df382b69b3cd498aba0d745fbf6a421d13,1
0xfdb30fda4ad7d03705f0f834825412d9ed413bd8,1
0xfe0174255e410defaaf58b06e009e0ebcd74db59,1
0xfe0fb970566e5ee272692ce8b831f46317de639c,1
0xfe2d39697f955799aa1bf22d27f36d2b78e340d9,1
0xfe8ecadec5aa84b00e49ed8b3efc866ff3b43fc4,1
0xfec32224023e38c05126e92b0f4a1508998eb3ff,1
0xfed93f0ad93ff25993274d8245a2bb2133de38c0,1
0xfee069692c5a48ede946900ad8ddc13e76ca2f3f,1
0xff056868fce5b892a801b196ac14b580d48e9e6d,1
0xff67e1eec7981b329e0fbc85cddb1b5f0583df9c,1
0xff867e98b09f16a90805039c67e92e870e4024f2,1
0xff91128081043dceb6c0bd3f752fa447fbaa9335,1
0xffc15ef23f4ba7faf4b4d3c28a35a28f126bcc0d,1
0xffe6832850476eb6d5ff184d747ed84f1b686aa9,1
0xfff39900273ffb1045c7cfde62df1720b63fd6bd,1