0x000337318393776f6fba42d93248ae8c27d8af82,1
0x000bf68755eaee7158571d17b94582734f5f54cc,1
0x0010c4470f26b4b8d2337ba419a4f910e75fe99f,1
0x001696194b839161b1acf183f909e1672abb88cc,1
0x0047fdea4e93ca4ac79445d9ec2cd5f071097859,1
0x004daae2621017da004fbf15135f9ecb6d3b900c,1
0x00668bd79ede077b99bbe1c4db59418bc333d4cf,1
0x00dcdd43bd25f78ae91c12f3c295dc11d3065e00,1
0x00eb6bf14500272620dbdd47590df274da5ec1be,1
0x00ff192363430a35abbf968c535b64147e88abdb,1
0x01072faa900f4ca3b40944ca815f39837bce193b,1
0x010c7ab97ef1a9ea6ccb33b52da5f582e0615e9d,1
0x010d09ddd06776f28361556f02d3cc137960876e,1
0x011f123b94e5a76a18886647e7494ee6153f5d7c,1
0x0129f8d12262eec25fba03cf4f876205f8fab37f,1
0x013bfc799d4e8730dceccc64917cf69308509b92,1
0x0155e31d9c01c28395277bd4210bf5c51965e8d6,1
0x01741e8237fca3cdbaecab4b0e763469a10d3ed7,1
0x017ffb7c9e5aff47d9569265d7c78b2494099782,1
0x0198ed68a5cb7a20ab86c41b1bc9600ae78181ec,1
0x0199f4bef64212be9d5847557631ccea02ae8d26,1
0x01ba5feaa28f878dd09dcb0fe768af01ca1d891b,1
0x01c91fe1945a8173438c736dc039975dc4648da6,1
0x01d1d508f058912fdfae932707e39e1551b5a80c,1
0x020cf21cb58942e2c2fa355c4646d61b576e19c0,1
0x0216ac50fdb6b46f6b74254b84ecdd1d431d670c,1
0x0240ced4de4edd91884027f2e06a1780331fab74,1
0x024b309d6fc1fd7bc79ef3d4feaf04879b03bda5,1
0x024d71ddcccbdcc4a548530bb570392885c8693b,1
0x026e3a7cd4ecf91a8ad116a6124880d876af3c99,1
0x027402d032c4770eb8629e8cad8bec4df6f8e0d8,1
0x027c72c22072f9fd5fff0e8a82cecd5dcf3ae7ee,1
0x0296edf4eb266dce6e3cbf44565beeb4a500ba78,1
0x02a10ac45814cfe095db6838719497a8717a6d57,1
0x02a9ef455ec89cbfc19709a09d2c5e1f1b2dbf4b,1
0x02b466e4743ebe9f821d2e18df362084fcf969ba,1
0x02d986f55b9786e09f643321ae1962e42ef4e9ca,1
0x03024d05b1aea10b64ff3af1fed6a3df9adeebb7,1
0x0314cc74e461d881ba3b5c93bba34cc81e4f7004,1
0x03183cb38cad0fcab3102951ea1f7fd688a93575,1
0x031904c5bee1a54d06e42f59429fa49d3f9bc392,1
0x032ab14d5f69020afc87f43cacc0ef182a750d1c,2
0x032dabfb0998b52c156cdd0c637baec78db72e24,1
0x03347629614b76a9e718567d6738c39fcb53b419,1
0x0341938865e895d591128f570ab03dca8e6e055c,1
0x0347c6f54d15948df5e0c245f1cc1216ce9da58a,1
0x034dd093f27c70719db7f71613f1aeea654f57c3,1
0x036aeaa55ba6cf87984a5f0a467b21c63b9bf9d1,1
0x037a3079e857e383454fefbea892fde12a2e83fd,1
0x037cb008c7df262973e1cf893217d660cbcbf2c6,1
0x038666d86f8c758842269915e2df6fa4ac39ec92,1
0x0387876a09a45581109eecab2ff4ac049e76ba37,1
0x03a9ec2e7a276a072dee9c576015d178b3a3274d,1
0x03ad124fc69c07c43bfa5afbb4cf77ed9565fee2,1
0x03b367733f46743534c9bb13bd4fb5ae2780babc,1
0x03e7273c319b8be191041627e45a5a61b34aafad,1
0x03e946eb92a2e2d32aa12c92ade2a8e6fb7943bf,1
0x03f4cb9e297ea659f30e09341ee7155a7d136398,1
0x03f63b96240c4a0a3e197329787adf0fa42806df,1
0x03fdc12476e58a410aaffdacea787e14f300507c,1
0x040561bd2369d6bc7fbcfd9ebc76c9b25b437e2f,1
0x04097681e4305d1e6d9583968bbae6d9f1045acc,1
0x040bab597c4eb1d1ba12a3ec0826985879e7a94d,1
0x04294157cfba9ff0892f48f8345ea3539995f449,1
0x042a23f5c5e9c29141dff4c6283cbac363499e4a,1
0x042a65aba09deb2037c2214282bc70747675673d,1
0x0448cd0bfe0dc0bb164c027d8595509237e2dbe7,1
0x0460eeef28ff368b44a7a139d0af9424dd5868b6,1
0x0466c7a7be1bc14a4ba749206844341b54c2c218,1
0x046ca4a32a11638fc9f30e9c2e707a5a92435290,1
0x047801acb74416ba095b99f8aa26aa1dc6e108a7,1
0x048a112352bb6542129a43ffd678375b1236767b,1
0x049f9d23417c644a6ea3a39223966e9a273bba55,1
0x04b2327f389728fbb2d8516db6e3e6d007116bcc,1
0x04c36d1373b69177f311c2e27fea6ed61a3b84b1,1
0x04df98a4dc17456e8e6556041701f0ab95ef3d32,1
0x04f5df957ce0405ba0264eca6130161cfaa12571,1
0x04fd71a7c80dee02cec42ca7c6941d0940cbf55f,1
0x050cfc08318426bdd85974afab77a88c52aad848,1
0x0517473a5ddf4e34ea414c0296b3bf7f8e7a58cd,1
0x051f38d553ca7c4c46d0f8ae9703787c1579368c,1
0x0522d8364b4f10c20ab0d5de3e80e4dbe03566fb,1
0x053f4ab1ec5a48c7003fd8a11ffd01769ac2de05,1
0x0570b2ef81ed0f80004a5fdbfea348175b477841,1
0x0573383fcc26eb066010d28d96ab02f7c5cde67b,1
0x05833bc715f6eb040224d166c7b7195c223d02cd,1
0x05b9026b5a23303681d8507d09a30c4aa399701a,1
0x05e70979fd3355133f91fc7c6597a8274169b3be,1
0x05ec9751afa4dbb27635a1473c924ce627f7047e,1
0x06179d00ce09b5125047d86da7edf381e1ce91f1,1
0x061a148cfd4dafd8de7115d0a6815ff2a0641583,1
0x062c733bcdacb53190d01291e03ced3e429c90fe,1
0x0636ce69efd0d95ede20e29a4b7dd6b8e9147235,1
0x0643e705a9e9172b3466158f115ddcc6bf9eaee8,1
0x064db6d28b63379d3756b543b92be8248a7c9f76,1
0x06510ad6da75d7deabe8381646cf5430c3a8bd99,1
0x0653f05d22e5fe46f15639616e3bfd51c9060214,1
0x065845729ee26202b13893ef7436ee86c7268451,1
0x066ae24aba80760847e676de1c09e57d3e7bc90f,1
0x066d704e297bd3bbd887c42724c4e7fa9e5fb078,1
0x0672a13456df7c2cab0ea149018ca81e46d88dae,1
0x068ac234248e886cd8287d90fd750732fa68370c,1
0x06d49cf038eb536b83d605220861b9fa50674f3f,1
0x06da92f4f1815e83cf5a020f952f0e3275a5b156,1
0x06dff2578fc2d3a2de71fdc87adc4a9e2502ee5e,1
0x06eb1c5fb850c04a6bd41264f49c83aeba28b0b6,1
0x06ecca77ec37b6e85260c6c732f88b08c96c135a,1
0x072c807a5447d3aa990d33c06850baa4caef0f9a,1
0x072dcb89b486fc05d501e1c797139551e4ae8efb,1
0x07379370e6900e539e5789bdd79dbf74253c290f,1
0x0738c77f9b1b61ad32ec9ac80f018547d5cbbc7c,1
0x074bc73dd3f4896c8861661f67d3090a195fb682,1
0x0759b4642f137f3940ba59eff96a2617d1288a97,1
0x0799031d1c9ddcee319f32effdaca2ea158d9875,1
0x079a46bf347a8aad95f43e7637648302ce5f902f,1
0x07b7b8a6977cb5e9823167831e8cf3397fc59283,1
0x07cbd4e4473140b6078aa987907aaff5e500b9f1,1
0x07d823809d55233fb9187b0dc64b8ec4d83e9625,1
0x080ffeaf914180e18f69092d66de11925434b540,1
0x08195cac6f2e283bdfc4bf64123beb5622c9c13a,1
0x082c0455b8cbc17c90239eb88e39823258d45a2b,1
0x083749f177dcefd2933eb338dbebd7bcc0bd5935,1
0x084334dff715245ee583d8042d567579fe6ce52c,1
0x08627cddb9710dce14c3949ce41278514a82253d,1
0x08882cd344a56c3da51a19def6cdcc9b290e7c80,1
0x0897970ddf0ff1cb4007738fdcbc909d8566326c,1
0x089f31c6cc14eff1229dd56d015c59cb3c7e6c5a,1
0x08a474203d14053eabc30a5bf877bd22a6554f0c,1
0x08a4aabec361e622598ec8ffe30181ac0e004a1a,1
0x08a9422bf4a0df18c63cef1cf80785335f09a35e,1
0x08ba7fbc0aba77c3f8664cc71baee71ef602df85,1
0x08f33dd442dc03b3e260b843210692aa354ff285,1
0x090af0d7aaffd6c87d1784185d4e962332a72038,1
0x0923c36be571d57225418eb5bf222a3f20519fa4,1
0x09580ac5e91038ce0385247c59e58519785a4636,1
0x0969e5a983f1c527a4090bc0e7957f3029f7eb09,1
0x096a738ad7196fbeaaa206affd5a220b7236eb05,1
0x096cf19aab43f23b2b4e97fc09c51f02bd646359,1
0x0995c85ba936a76e3f883c06b564220269fb682f,1
0x09ae5a2bc9571b7f45a6c1bfdeca9abd2ab623e3,1
0x09b2f0988b6d24336b348c84c2764d2b4f85142f,1
0x09b9e466f35b74ac00a1407a53fdc91bc3bc019a,1
0x09bc641b6fa2308b030c312653f9675dfaa58e2b,1
0x09c52c99e701304332b5998227f07d2648e8a72c,1
0x09d22a3132679824cc8e9ea311e37ac736a21f95,1
0x09eb34b84e7d33a37c61bdfad3e7902c5174dce9,1
0x09fae989abb9d18e78b3f11aa02dfada245ba97c,1
0x0a53e28f2f7b27971e18a6305c2c74a449badd2e,1
0x0a6526dfea7c297370c0c68ac88f7e25f5aceb58,1
0x0a7b43d4692c6226246f63360e3a1cc8a922a89f,1
0x0a98f97e89743406a8611e1b4219a073b60ffed3,1
0x0a9a9a7e230d534f6096a5af768e38fd01102701,1
0x0aadeef83545196ccb2ce70fabf8be1afa3c9b87,1
0x0acfacab9c9e03b5674bbd14cebaa0961512d62e,1
0x0ae154d26172444efdf82df4ecb7a114b984c8a0,1
0x0ae3dff7e4299bd732f6721a0bc2b4b262207b5e,1
0x0aec63835a086c95f7462c83be30e4adad8ede23,1
0x0af013187ae1759bb57d28b06e419c7e1c1f6a3e,1
0x0b3e3a27d85996e20b2cdd0e7f1e1208816d05b8,1
0x0b484d0023dad84e2c0e6f4c966f0763a6d4cc14,1
0x0b4fedf27790913d34434a942c5b65aa6c294818,1
0x0b70ddc64cc4de003289eb01cdb3142783eb7664,1
0x0b7917b62bc98967e06e80efba9abcaccf3d4928,1
0x0b98ab0e013add2feb3f2e0aff5aace8f872df5b,1
0x0bb35d37d46fa7e82fe867b505babe78e3f62e28,1
0x0bc7815f29ede74742d7377821506f705cf0d809,1
0x0bca585cfe98381e96b566b277169afacb39f6cb,1
0x0bd24e1971b4e90f9c9054369d6925b1cb9f9a84,1
0x0bd7aba6d71556e335eecd1804553882283e0cb2,1
0x0bec103c00c800f890c4879bd619c19e4f598c79,1
0x0bff973dacfedd352d68224dec0a8fbaddde1af2,1
0x0c2a568bcd85c61079b0db703c92f23ff91d7f9c,1
0x0c55e7d45f53b6999732a75917df6eb711e58674,1
0x0c64d5da9cbc8bbee994166ff8dd47809df0002b,1
0x0c78ae5e7318175b3982b36885180c8cd00633bf,1
0x0c80e8eb93d46d41b85ae6b2f8b1ccf339439a61,1
0x0c844ba95ee1d4a7c54ef35435775e2d5bd2a3d6,1
0x0c8b2a93750998de03033080256eb953ae03e3c4,1
0x0ca1ffaca3459c5a4191afbcc131d803d3fdcf8e,1
0x0cbe1fba05102c34365a742af159efc5a93d1a68,1
0x0cc31964c56ec7344ce86f0b44769c6421f02a29,1
0x0ce1cdcfb4f2cf06812c632f8752620482f5ba7d,1
0x0ce98350b9dea81fe0b47dbc4787a1e9f8f1d7ff,1
0x0cf8e9a9b1f0bc5052116f92b3c4911221e5f86a,1
0x0cfce92a7ec414ab86d87082b91e4f8dad9246f4,1
0x0d0760cc2ae6eaaeaeeefa05cd3134bfc5b2261e,1
0x0d08c74268c1260d9b50175c41738e1a45819700,1
0x0d14b490ebf9bc2e713b1dde07f4988fe39491e6,1
0x0d46780cfbccae5c959ee0fa93755bd02e30a1be,1
0x0d47853b39fde72c083505f46ff2926464ab28e7,1
0x0d48e73f38df3a44650447944e29bd3bd772b55d,1
0x0d69a096b2c66310309f0ead1d6c97c4dfe87086,1
0x0d76461aa04e1ca42730aac61df11e4a47164e48,1
0x0d8001f59fc62ef7108963cb51b10172c58ee9fa,1
0x0d827b1011ef2a9d4acdb66342a397ba5827a117,1
0x0d93bc9654df5a50e0e65df55d09ba7b47fb95cd,1
0x0da6df9f5710cb24de6cf018e4294d8b82dbaa02,1
0x0dab8eee712c2dfb16ee64beef79d8f0690c4a52,1
0x0dac0d611db5955bbe881cf8d75d4c80271cae83,1
0x0db597f7ecbf7cb8047402e1f7100818ad15d37d,1
0x0dcbe92a9ff7efafb25d5afae8cfc94a86a3b827,1
0x0dfe9c8263ad35c905ea78907599a575c996b581,1
0x0e0aef02266624b7c2693cbe5288ee6ce64a7a4a,1
0x0e0bf22e3595687a8756e1e9862a20944d0be57e,1
0x0e164d8b2b837a5e170c016f1edd21a54d9613ca,1
0x0e168e8ccf44f89586a6aca224a5f71e45bf820d,1
0x0e1c3d5357c34f5cba26d9bf6f750cba14bb2653,1
0x0e5ca8b535d49ac80b26b359253d5bfe8f59b349,1
0x0e91be4794fdee9b5110596021dfa60d19f0cfd5,1
0x0e94af7a715274345bccf9996f98f145d3ca1499,1
0x0e9aed5c7721c642a032812c2c4816f7d6cb87d7,1
0x0ea0373ae74bbbab67b658dca73fd0883f99d790,1
0x0eb448ae29c181e92e6de8c2a15f152268a40cd5,1
0x0eb47beabd9ce2cab7cbed57aa6b040975bdc1b7,1
0x0eee196aee05290073f1bc1f6a6e83454ee74632,1
0x0ef375dbb207bbffa29aae894bb947a7a59006f2,1
0x0f01735fb8fa1a88100e5a060272f44c2496987f,1
0x0f083325c536d7e969668264140947360e3725f8,1
0x0f16b8fa33a660fcfe3c5d7b9503439d055fd39a,1
0x0f2d600aa5e0d8fa1d012a1cdce1992b5eb1bb9f,1
0x0f48669b1681d41357eac232f516b77d0c10f0f1,1
0x0f585d3a2f9d46433cce13e68377689a73868f75,1
0x0f5d5751d4f300c3d0adbcadc05f0af4f8baf788,1
0x0f5ef41642a104822ee067c407f08f79fbbe027d,1
0x0f755508c41a6ab143541784aabdbc08e9a32285,1
0x0f8bd7b597c655869e58b9c1bcfa4ddfe590259d,1
0x0f9f0f70246ac6d6970e53559215e151c51bafcf,1
0x0fa3ec57455a9e11d82bfb152272bec5fbb85d9c,1
0x0fbbdbe5833ad8a9032ad85c8d4bd9b99967280e,1
0x0fc086ec7587bb8b87276e77bb22ff81f3ea4978,1
0x0fcf7cfea770ca48538bc8bd0ba9157693d20e45,1
0x0fe6219adeb3ee233b57857b2ffda4a7c3bb4818,1
0x0ff2f5d06c34a727540ed87543e516c19d70389c,1
0x1003b47b2980ae3cf433165f81296ef747e4f484,1
0x100583256cc882743937ae995bb1d98f4ef1d572,1
0x100dea6f4ed670cb883298b45ad1df6202619e45,1
0x1024b947717954500fd8411d5a2385077dab0319,1
0x103c8b5b5b2468f2552f0a1aa30738bf08ada0ca,1
0x1061cbba7b05cbe412f35989b2881202d083662b,1
0x1064a9f6003cb2637a5fed88501198457fe2aae1,1
0x107054d474ec4995474bab1351f1da99029de638,1
0x10752ae123f8f65ee7609b336c77bb941c584bba,1
0x10753b11518925a618f77a714b200ddec212eae8,1
0x107752288b215467de25c16119787d715ec8e26e,1
0x109da05784c120088d76d3d2d5b0ba712e6cc874,1
0x10bef5ad2370b9d2937c7cf864cb356f97a0e7f0,1
0x10dbcf4bcd17f2a525cc59b896aee32875d50071,1
0x10e3b2e15f98bdeeb704277ce26b244d9fdccb17,1
0x10ec059d3e4713c55f39fe4ed5413280beb99354,1
0x10f5d45854e038071485ac9e402308cf80d2d2fe,1
0x1109297e392d92c1613fdbdf30579a0215c20da9,1
0x111818a51c4177e8980566beea68fe334be7b76a,1
0x111b3c435db3838850cfd6fd2d07ee76459338fa,1
0x111bb2aac9d9ad2c44d67dc2200c8219eca62939,1
0x111d5d8bf4e11dfb1667878d2f857946deef9808,1
0x11267972b5ec7554fe1b315390c8315f91c4826e,1
0x113d754ff2e6ca9fd6ab51932493e4f9dabdf596,1
0x1141a2881050320c927aa04d293530cd2db6870b,1
0x117a8a610810e7ee2d3788a9a4b61185f2b7259f,1
0x11a15784a229ec5a5001c67b8bf76cb2c88f03b6,1
0x11a22b262e505d355f975e1e48a365b5d4811ae0,1
0x11a599d5582dc305d9511f09ba39767079712e26,1
0x11a880910eb629a109b0e586167796f7438fd4e4,1
0x11c47b87d6d2a19c9a44c6174812125ad470a55d,1
0x11d91151f54d4edc390ba4fc650afdaef4b676ee,1
0x11e975993095fb5587b5cab2abc4148fdf9435aa,1
0x1206c3bd74839fcbd9d40750c2ac70736e34daf8,1
0x1210c7303144f025ec7beb75261b268d45cf469a,1
0x12162eec0486b2a8c4571a3d52a77639dd26753a,1
0x123465d80172d9b290bdbc8ed05b02d6b3b35d0d,1
0x123be94bca3e5ae858039112d14c1c740a3989f9,1
0x1242d6017d04b55ca1feadb4bd21f3ead99d6eba,1
0x1246d9b4509587cd58f3e86430e20136e736b9ef,1
0x124bf6926eea904d5e9f708dd04835a16f67cffb,1
0x1259706239dc5c98a0c99aaa1dd82d5397cc81f4,1
0x1298751f99f2f715178cc58fb3779c55e91c26bc,1
0x129c6695dfe7a906bd8fda202d26dfff601f83a4,1
0x129ebef6f5b9f58bcc1ab237bcdb4735d7e9d14f,1
0x12a0fc764430a24833fde0310fce8071e1b5da08,1
0x12be0d94b4ac654970723e58b50aa06d4f5ba247,1
0x12c22449d0b92133f913d593d93594919ed15c6d,1
0x12ccb26ab5b7b19052b17d4651b3e82a0e8ac94c,1
0x12d195e2585dbff7c75a9533c03f7fad60d42202,1
0x12d235706f35f3fec12e5b7f06322ffc411b47ea,1
0x12e62fe4911909a4ac5f7cebc90f26a804a32dc1,1
0x12e6ad13e280779264e2c4ee0b40b312d4b97142,1
0x12efdcbbcdd6695109ada38e33c56173c2ffe2c3,1
0x12f3f2fd2054b27b0bfc4a3d924fccf0963ba632,1
0x130f64bde6c487f4eba70bd7ba35105cc30aad03,1
0x1326a0c703a0a018c0e4707c69793626503e15fa,1
0x1339ba13efe670ebe1a78655897b042b33244532,1
0x134215819032c6d9eec2d386ffc01e50e26e1dad,1
0x1365d2e329df3785e37ffd88edd934033e8ffdcc,1
0x13c4fd4092f436c85d34b340c45a6e7549976262,1
0x13cae4ff016f8556115a7fb06ef96b3d47d221cb,1
0x13d33c9f2f3e7f8f14b1ee0988f4dc929ee87a92,1
0x13dcdadea84242eacbb956f16fd5eeec593f1731,1
0x13e0f427d9a082ee52a6c13ef5976a9ad46dc971,1
0x13edc7b152559ec1c4d068a818a2c8230b5d3e46,1
0x13f85b7d2bfb9229241eeda4d3e96c3db0b69a6b,1
0x1459a34762b6401f5fbfa11c55b0f81bda100391,1
0x146d745139d417b8b5a1190cc73b34d7d37a9bba,1
0x1471966abfe75cf87fdad8b76d657eab8400f0b0,1
0x1484e7ef9b04f1b6ad2ac69b654cd3c87172a481,1
0x148c6b80bf4e791ec96d548f3ff40e78b3754f89,1
0x148d5db7060f448752799cd63473135859757024,1
0x148de7bfc8b1f3c2f05d439c1c902844960abc91,1
0x14a3b36a41852b61eead7ba3a383044d6365394e,1
0x14abc247934a5dceb4ed2189ab372be60a17bd4d,1
0x14ae8100ea85a11bbb36578f83ab1b5c1cfdd61c,1
0x14d38591742c4a3daaf0c12f60903d3ca80e1bc2,1
0x14ddb398ce7a516c399a95b5d5c9a41326ec93de,1
0x14ec3c75b6b68f59af5bc328a4aab494b5b7b735,1
0x14f3ff4737cd18d47b838645cc7a3ba737dbec06,1
0x14ff0bc9417b6796f79768729002a793b51205b8,1
0x15619273a8826b4bafa17499c3c49aa5c7e78d96,1
0x15621b0a985cc43ba52b1223380612b74365ed43,1
0x1578549029204646dade51f35b375e20c3760472,1
0x15786a7703025b4c76d0298c246f4c2a31244bb3,1
0x1583b0c3a4e2a53f8f712579944373b5f28739ae,1
0x1587385acde418044a2f576796ed787600ae8713,1
0x159bd97ac116e8c2a14292d593788ab1c6d74367,1
0x15d878c656765eab5d35fc875a9f8e6f37f92ede,1
0x15fc6728ec8d16b66e7151a4df7261b331ff8b7f,1
0x1611b96ad7fad538c146545f42673b1061f971a4,1
0x1619f7076866ddc852a5a0a69cbb4d6a338d6d67,1
0x161f7c6f76ce2b07c1433e52e2695d3a5c59202e,1
0x162bc440bd8474bc5e7da451a7dc0052f93b0c8b,1
0x1666b49d92d86e280d85e74eacf345f4830e0cb1,1
0x1668c9725e27bf5943bbd43886e1fb5afe75c46c,1
0x167b3ce093c21c1907c0151ef3fe80c8e6ad8ecc,1
0x168a9315bb5dc1791fc3bfca3949f426ad1b3d9f,1
0x16a0edf95c600b9ff5982f79284bff3a5cf2d7f7,1
0x16a149e769e6ed328b35145ec42f09fb7a5515f3,1
0x16a1c6c2e070aa05b7b68aa75166391b0d34bffc,1
0x16ad4e68c2e1d312c01098d3e1cfc633b90dff46,1
0x16c3168551c0afeecb8bdd7648936886e70f3091,1
0x16ee1994f871b2013cee5ede9c7bb707604bee7d,1
0x16eecdfc8770b186afa84aa3eb1cc21b04dc67e3,1
0x16f627971b10c0de197db3396ff3a73567bc32ce,1
0x170965f9c2c1c22573a620a7b778b0185ec9db23,1
0x172004734f85b1b6e3954c2f201dc4beaeb80c65,1
0x1723a88158118ad1ae03a873b2df1e8de4fb921e,1
0x175b49d39c059d764b4d268e66822eb420f46db9,1
0x176ab08b25404b8b09026731c044daeac68164ba,1
0x17726f58ba7350a33d08d1bbad623e155fa2daa0,1
0x1773fad6563cd5b6a903e8bf81e9137127f941f8,1
0x177a8340bddc2041cc362aabf543dee4e394e3e3,1
0x177e7586e2df202d3e54bb7b195413dc5f38c42b,1
0x178c9273483cd65072acf0ac8ab518f87ac90cc3,1
0x1795953240570adc885caa16721b9fe7e26f5e26,1
0x17b1cb1ad28e8e8b038139e95cf6223ee7e8b572,1
0x17bc6b2efc06e8cef4c5ac919104a1779f1f6d08,1
0x17d6d775e534802767c2cd4f65cdc647b481e857,1
0x17eebf2b0c31f6af94abdb551d1dd509ba6e4f0a,1
0x17f39c446c7f8f154fc57b72cc6abfa4ce4c9e02,1
0x180c2100219cdfd5ec22ad61afb8ecf584675499,1
0x1826b93477e97cb8247bfbf7e280ccc134fc1853,1
0x184c7e34b75e3a0c5b996917319d9a083de621e9,1
0x1854a7a0b4f9466dbeeb3279e247d4d0b0a06e3b,1
0x1872e19ee46cc531be1d9eaa54a5ea2ec33fe11a,1
0x18895c95fa5d8ce7da1a9f8f73c880d3b353c785,1
0x18e7c0e8a28822b390b7e076eb712c0850409c41,1
0x18fa4f80a6dd1b7c420fc663ee8f6cbd72b62b30,1
0x18faba48193595f040e11af39c6e3ec3f6ad7086,1
0x19057ab20da5eca741f8374a8a9114da0faf366b,1
0x1913e738364ff366807fecbdcdf02b2170c7f302,1
0x191f4d9098689ebb0bec581edfe6687221c57d6d,1
0x1920dbcfdf0fd291a71bec0b66e20ff8674b01a7,1
0x193ad6d624678b11bec0c5cfd5723a34725a8433,1
0x194eac8180177c5261df925b872e0b29ced2f54e,1
0x199821b3c68ce6007d408d0af3736380b29168c9,1
0x1999339fb7c95ce8d4751e0a79383f29259143e6,1
0x19a0110537e4960c765d6f3fea9445b022a287f0,1
0x19b3bad3bf9cd07fd16c1c467e3b9465c336a8be,1
0x19c6780ebc1a5b868482b20cd2ef52f8e6fcc412,1
0x19cac354ea4acbd1b8d0a59c71414bd3d4c9ee78,1
0x19f46972ec682216acfb28c36963fd80c8dd9189,1
0x1a1dd4f1549ae231bedba4cfee750252f9f77209,1
0x1a37de324fcfabfab490146fb6cf140685f9845b,1
0x1a38334018fb425940dab7ab8fbf0d2707257b5f,1
0x1a60dfb071b039c6e33dcb3220891c83da72c1be,1
0x1a6781708427d459f014aa37f2cc973369fbdddc,1
0x1a7f174dcd4211d41c7c4d7dbb3a0e4db5780c67,1
0x1a86b644bcb56db9c9482d34419d7ecdf02cca74,1
0x1a87e97be77f4fb21780920a01e1b8c2e1a868b6,1
0x1a9aee029a1b8c69c4404890c85715cc726746c7,1
0x1ab65eca96d51ad4d85a40c99cc6455f1af824e8,1
0x1ad04b8e78ee2a593c88ecac9d97f64e662f4878,1
0x1ae71aa9dcdee0eef5da60586d9501d9b54b4ee0,1
0x1af7a2f37e7aaa12d8d275aefbb5b5ecfbd51225,1
0x1b0523da9accca7e10495d7ec1d1661958d0ee99,1
0x1b052edc4df735f0a5e62c1335c94667e7fdc55e,1
0x1b286518f6ae3eda6111f0bf13d3409e2e5b9e94,1
0x1b3746ce4aaeca85fc0e7992578becb69575f5ea,1
0x1b521625aa5424ec6662472ae2d8ac366cb568af,1
0x1b599b8c703d97c37d40693ed0c59f2d5553fba5,1
0x1b7ea7d42c476a1e2808f23e18d850c5a4692df7,1
0x1b95e1cfd4a3f8af6e45b881db75b2d5939d0424,1
0x1bb1aec6bcf7f4866a7e7c8a5387f67c083fe921,2
0x1bb77204b2ed64751138145c26a6b31e836ddcdb,1
0x1bb7b4f7d98a9d204186b36d3852e28f3286f577,1
0x1bcb50980e0e1be633ee2b1207532bd4f47e8ba7,1
0x1bd07f95202f0aa1324cd4f926be3dc1263ef6bd,1
0x1bec0d70ff8328c437b71d42e07949e7b90b4e3e,1
0x1bf29f6f5e952a01aeab9c13e266a867432928da,1
0x1bf90c007a6d85b21cc57050ca109d5b21adba9d,1
0x1bfa71c1591e732caf3cd6770b577a27e4d6a0bb,1
0x1c2df7ecd1f76cf778e3edbeec449ee6ab78671f,1
0x1c3738e5654fd2a56b4f6d625660d448bbe7a683,1
0x1c3c1c24d4cf6b2a73f4bbeee33d9d5ec8048aa2,1
0x1c40b5c7a157c50bb3316423ba98be2c35044a56,1
0x1c42694bc7d252cccdd6c362d2f737aefb9bd76e,1
0x1c4717309e6094352942b8d22734efd027f9de5e,1
0x1c5f23b0f3f7a49dc0927449debcdbc699cc4d43,1
0x1c6f9a4559e45a09c7da1b55697ea5c59b793c82,1
0x1c7d268baea932fa0e479b3bdccdf89d988a34a4,1
0x1c8dd144a2fca2fe78907291752c464cc9f67bde,1
0x1c8fdf094662dc98a5b8c6567b370f723d1eb3b8,1
0x1c9621c32e61f6e7a64ef8a59b2479b418a86b2d,1
0x1c9ae149000615ca50da936388b73e40b19c03ad,1
0x1cb89e486db5774ba084f683796286848df489d0,1
0x1cbf9983e0d59276a58db8e8529706004fcb1837,1
0x1cc1983396e55e925b777a0d70dfe8b56edee942,1
0x1cc5535c0a9be61933a1ceb8f816deb13565268b,1
0x1cd2f5ae6b37d1661dc8121ef388c1b1479b0974,1
0x1cd5d711ccc4a0dfaffa735f20f0356087366954,1
0x1cdb3bdde7b6df305e4a31ffab7c78c5ee27fe81,1
0x1ce71c7f6bf4d1c439615c32727c7465912fb7ea,1
0x1ced28210db71d8e4509e4c18e4f8f6b99c76b7d,1
0x1cf2b8c64aed32bff2ae80e701681316d3212afd,1
0x1cf4b9b0379bc01a9be12b8efcdb7570a65e3fa9,1
0x1cfba67e253f7189cbcf461839642a466a7c3add,1
0x1d0db384a43c711517320f5f41c682765a821cc8,1
0x1d0f1fd89768d7470fad493244758dcb4b807fe7,1
0x1d1334e0d7ce48e849567ddbfc6cddd6173043eb,1
0x1d147def646ddbf75000926e08e0989df366f8f8,1
0x1d25029d92a7051f46a13be9a512443c966d3542,1
0x1d3e933f400c0e97ae4a5ae8ebdb66b8f92b7516,1
0x1d4b9b250b1bd41daa35d94bf9204ec1b0494ee3,1
0x1d60c34f508bbbd7f1cb50b375c4cdd25e718d1c,1
0x1d8b8e4c111696e0e23db1063c37611501d30570,1
0x1da0f2a58e65d98a8d04ba3da56cff9f5ace5615,1
0x1db5628f9443a603615beb064106bb159bedeebc,1
0x1dc01a6a66111f63356987e92806f2810e84d888,1
0x1dd547542c92543b8c3645fc9ac6c0938d66a578,1
0x1de4d49959eafa01ab3706aa20707a3f1dbe2424,1
0x1dfc617d01e562a0fbe843d9e634ee4d9ca274bb,1
0x1e065092aa8e33a81c414f8d8e361f167b841077,1
0x1e06861976d489da925d58776be57e8a659b45f8,1
0x1e0a980dc878e8af6ed79ad189a7334d2cd737ef,1
0x1e15abc581c1ccde3d3b9864f2bd588c033c520d,1
0x1e20a73d3c5bf89874ccaf58fb04f15cea8b2c79,1
0x1e2fa044a25bca1576ed94562db50f51dcc24ca8,1
0x1e31c76b78ff00e3cb64d41d5844626d991ab9e8,1
0x1e32a859d69dde58d03820f8f138c99b688d132f,1
0x1e3a1348881f6d0a5e1cdc6bf19b88d98399b15a,1
0x1e47bc8b6c585dfff2e166257767050666151f0a,1
0x1e4943525446ee00aa73a9b12b1e7df9be175561,1
0x1e52a9408829474689ffbabc3176f4104458c11d,1
0x1e7ac844733e7c279c81ba0b9a1944704e4386d2,1
0x1e835fe1c20a0bc5d053bac71ee57e02c5b5c5f6,1
0x1e8e749b2b578e181ca01962e9448006772b24a2,1
0x1ea965c9bcad4527d627b643e413d4687c5ded15,1
0x1ec8cdca5232cbd61e305f94261ffad2f91f16b8,1
0x1ecded4519a9688ef4bfb5f15811c52f048ba1a6,1
0x1ed3af85a875700659d4f2478a7b89bc7b1d36b7,1
0x1ed3b5e847b0cfd8a69b29ec993057ef0dbc8292,1
0x1ede6ed83cb8187fce376289370ec1e67ebaa840,1
0x1ee5106b2233169b84dad2acdbf498b29c3c7d15,1
0x1f0c2ed625ff93d00bc62260f821d97c318840bc,1
0x1f2fce18798afbc4861b719d6c9a274da974586e,1
0x1f3dcf57d91fd82860dc8eebefbd8ad1d4929c92,1
0x1f5691533e3103a6a50c2be1ccf2280fc69b6631,1
0x1f6b8a669fe3b5ac99eb129af6368bc00e7d867b,1
0x1f6f1da4c610a460d73bd1745ef5b7ecf516d52a,1
0x1f7cc5f5db829494b974698963654df26dbbf4d2,1
0x1f8e5abdaaa3165a7fa79b9f78cf599269950e63,1
0x1f92fc15bcbeb4dd24eefbead8d7aee409f891dc,1
0x1f98df9a53ff9f0807efcc4ed7dc8b23b35a3f31,1
0x1fa7811fdb25dc455ffffd802042b4208e6a5449,1
0x1fad9f65b39d235469bcb59bc664872b93eecac5,1
0x1fd32a3b0b2a975ce64dcdf8f73fb21bfdb9aaae,1
0x1fdc057254476a7ae9c9fd994a7fa53e1c57c418,1
0x1ff2875cd548eeae6d22f26bae2d72a50fd143c7,1
0x1ff816ee19b8f63a3ef13a8dd4b5163b7bd10467,1
0x1fffac0101e4604a83bbb5bb0d783c965c2c6f21,1
0x20163ec2afd9698433a031b0a7dcd70ed77ba8c7,1
0x203bc267a4657ae5ee774eb35cec32faa2c0bc1f,1
0x2044f823a42024aa09c1534a14b32fbfb97bc342,1
0x20510c7d2411e7533d8440d96cd9e4639ada815b,1
0x206b0526f4866e7580780015cbacbb4a8dbb8c80,1
0x20744fbf4085fda538bbf0d30a5ae9c9bbf45d9c,1
0x207b3c1083a62e282d375a11f52730879cbfbbbb,1
0x2086d64dcd0f414426e912339d93d5e50fd696e6,1
0x208b3cd5166df7ac646ca6e9393f336d3e4c4c51,1
0x208b4a8ef875a5e4645e23f27343f47fd887d9c5,1
0x209dd6b80ab548128e9e57ba3f935e561ad68e89,1
0x20a7a81b636cd92f6e75008c058309afe1bec32c,1
0x20aad672137302dd42a20bae48c180ce76ee3ca8,1
0x20d5a37486b4fca7739fe20f54a6c4fdb95d0fad,1
0x20ec02894d748c59c01b6bf08fe283d7bb75a5d2,2
0x2103783cae1bbad5d8bfa900cd4487bbfb216045,1
0x210a8d9a02e9fd015c78af4139bd620cceedffe1,1
0x21316e6a4f0af45e5f1503984e83b10c53b177d8,1
0x21454145c6f9eacf90cf5305ef4e67e8bd270fb8,1
0x215fc4d12967ddc2432a7b8936f2849740edb7bd,1
0x21b9c7556376efdbf9ee316a4ede0c8257fb7533,1
0x21e0f77406fbb2f14ccef1c400de6d2ff0299770,1
0x21f6e6b5db1fee9ed1565bdf36c323452d09070d,1
0x21f974b8ac502881df8a14487fc73142a7d645e2,1
0x21fb491e882de7bd85d24b622240289f46affa80,1
0x21fc05a061d1566e31c2d25890126b205185a991,1
0x2206445d241ccb7dae93b2d2acfc67f75b90fd76,1
0x22115d83698c363279296159a3a24e0e057232da,1
0x222ec7a3e61e708919f62fa4cdbd21f62c12d04f,1
0x2240c23e5a96ef4592150d5889e48931cfe73d53,1
0x22418183c90741bab6606c0e0d240ae6c3a148f0,1
0x2259cc4ff58bcb4a748e2143ee35be3e0564feb7,1
0x225d7280ecdb9f1f993bff2f887228974c72093a,1
0x22630b62c6c6d4e564ca3bfb4fe6d46c671581e8,1
0x2269522ad48aeb971b25042471a44acc8c1b5eca,1
0x2285ec40f3618718edf88a305fdf4b9fe89ba5ce,1
0x228e72ec9c570eb8d0b32810c2f67fabb3d2cce4,1
0x229898c496b0a65cdb9ccb1dba133b425c6e44fd,1
0x22b2ff19f4c039f18e9ed07be7bfde39e5342287,1
0x22d0567f1d331f6e18452e2bb11f0ed3591ac485,1
0x22d785f2558945a4c2aa6946771eb16fd1689bdd,1
0x22db47dc102a2386c7e2188200a3131e16476c92,1
0x22dd884df8b5dee9b44472f0472dc42e56abee89,1
0x22e1da2f084565a941bea7fb7a3585b27097889e,1
0x22e3113825c05adc5e62a86edd61945751a66a13,1
0x22ec605b89d28ca644301825b7ad3368f18eba3d,1
0x2316de83cfbb2e4bb29b3ccaf3a8040e56f1af5f,1
0x23289332672e1dfc3d0b5fe894a85331eb350320,1
0x2337918436302b406c9d0b775366184799d1df88,1
0x2341e5a2cbeef881b0ab60d08d8c804d4bf490f5,1
0x23541245469c3b7bdc14b02b9e3c70874fabbc4d,1
0x23787626349cc170bfc512e5b5e3d3f44e00d02d,1
0x2382407bd2d0087b340ffc9ca1ee79baaec0f178,1
0x23ad702770d7f9543cd1634faa303eb1ea7bcd74,1
0x23c6c1525e8dcf02ddcca761621f8407883790cc,1
0x23d8ef2daf334a12a54794f992d46a915e158418,1
0x23f13a4379803da17f9dbfec3a54de2acea013d1,1
0x23fbb071ef8f06488b4a80cb6578a797adaac151,1
0x23fed2634fdc629c1a82eb6ed3391efad2a58670,1
0x24212118e09cd8e36fb89d42a33fc146285f3978,1
0x2428470da5c7a8559f11100c91019a81bc89bd99,1
0x242e93a5ddfc8136c97bb751f4e1b4d7faef76c6,1
0x24369e68190c7ee8f7b0ecbb1ba50bdd9c34a6b5,1
0x24402d0482ad00f77ef5637a0716b30075eaf9ae,1
0x244474fbcc4a68b4dc8ba70c6533f0afaedcdf61,1
0x245980d45641d7ee78e65da6f24bf4c6c9d232ab,1
0x2468c7ea44c387f8885431c8d09f73b9d089d187,1
0x24737a71f513a140d3028f32def711b03fa317fd,1
0x247b7e245002e6b525782366dec32446f645320d,1
0x248053392825ce201b2b05bea1f3f387d2a7c82c,1
0x24a674fa3e3a7775dfaa4849c5a5640cf17095ec,1
0x24c5eba1f94b34efb3226ee3ae06884057752c2a,1
0x24fbadccd6684106e24065694ac87b0e98819235,1
0x25047a3e4267073525861ae8f9c1cd7dd71ad9f9,1
0x250dc85178fb6859e9ee02c925d46aab946a55e7,1
0x2518517745d3526b77b61fc9168c544ea6eb0bf0,1
0x251be313e35d620a36b148e1e301e7082e0d11c9,1
0x251cd7227c7e20f5503d4c4ae0478a23a17b7964,1
0x252660b92024d537ea6361b5cca60662f991de10,1
0x25353cc20c62b03d02c12025359eaef80adf219b,1
0x255a5d32bea593b4361dcdbc23c2d738271a02d0,1
0x257c97fd8adce618c3738fce0838ba1ee96d3bb9,1
0x2584fcefec2fe5a4d3e3df5d6f946f7b356acef2,1
0x258c0f4d65a9e3fba7c33df068c452e276208f38,1
0x2595aaffb353e812bb5cbb63f7f62e36fe528f02,1
0x25b12eea057708adcb521ef7da0d4112523372fa,1
0x25cf94d7a7147c69de1bade855b9d430b9de7d84,1
0x25de6ee9bb67dca9654259843682be875ab85b5f,1
0x26107a791cb0ab4fec35f7bf0b20250c0eb76256,1
0x26141f4a62f498a61ede1edaa6407525bc023144,1
0x26153ca3a54b0c54aeeeff9f2de50262af620118,1
0x2621ea417659ad69bae66af05ebe5788e533e5e7,1
0x262e31030a8d35b59c53081eafba8b1750e39925,1
0x263f58d3f338f1244e3b0a4ae98cd784b1911a0d,1
0x2649c4628da55e874c85fa0bcb189777cd41b8ad,1
0x2666f0c8fb58d182f2dd79475dca4a07b3724607,1
0x268ae15513ccfb5e607b7070f9b9db2e555a8a34,1
0x268c0f22fc8325a5ebbde2ef9d3438d57550e8d8,1
0x268c9b61db2703bf2fdf53f11166b40f8051d4a1,1
0x26a1e46832bd5ffd7d21481d185fc258a7080316,1
0x26b1fb844799fb53b505be2ba7df057c5c899014,1
0x26d7b4fe67f4601643304b5023b3caf3a72e8504,1
0x26e3cf189460f6bfe3d255354861bcc6dfd18149,1
0x26ee69e130126683849b4ad7e67510e56bc2d4d9,1
0x26f8fdd4f8cbf0ca1087e4f0b9e44930f5f2f159,1
0x26fca9a99e95be90447a25a1da852d870417aac9,1
0x2719ae45285b243d1fe59d8898c16f35897df824,1
0x271c6f480aeb26672b915a7b33159ce8f1e97fd3,1
0x2733a08e54a7bac5155b66a718b626dc76722d9b,1
0x273abd271cacebc5907e87c8a8958abafd7d2142,1
0x2742cf55ddfdadb5e8449fd4b4a7fbded34408a0,1
0x27520ae9185646908ecf53383f8e0ae23ee4a5b3,1
0x277043afced9e144747a10a47ac62e6eeaff0c84,1
0x2776621ff536af829919ab6cba8db434aeba43f9,1
0x279af6656a8a091a4dab1a8b11b56fc8228b14e9,1
0x27aa6f899167706481a235fd24be22b2855498ff,1
0x27bb5366ef655819337d6ffd29a55905608c853b,2
0x27d47071f146a860c02cea58e40ce34155b79cf6,1
0x27e45236d4b4382b6f81f990a70987d69e1f5f81,1
0x27f361bb92e4455ae9f7deaf341078cb93e5e85d,1
0x27ffa728654a65ab6797a25d0a0664bd2bcdb496,1
0x281cf6a7a070f657c00456b2179053fd074dd760,1
0x2834e6b4635434a4c8ab56e6bd466e8d64500b7c,1
0x284fdd26d51b2fba3db0eb36f40617cb11a6bccf,1
0x2877c250275839e5688618d96738cbca01bb9fd3,1
0x28801b489144e4561aed0412c5d76bd8e852cf0c,1
0x289256fa6de33947fd292a9e94a738c3d986f8e5,1
0x28996b74bea1c54b55048d5f9ab1d3a1fd5421fd,1
0x28ac01ebf289292783cfaad9bbf2c7fe2666dfbd,1
0x28b8d4f7516a112e2e2fd462293a1c27cde327a7,1
0x28baf191548b7a7f0cf9a2b7f51925f65b491dc2,1
0x28e38d3bf57969ddb28eab925ad4de50be0280fb,1
0x28ecea27f868c880d189a1c3c60c1a9264dacb39,1
0x28ed7c5d94ea3ad4f6f890da3874463e5d3d3c28,1
0x28f45b12a03f669c1388a092c1c16b51e95f0f65,1
0x28f728356fd5cb052c6de19842aa2c713e8074ed,1
0x290079a3ff78177b365eec001b4a60194e570aab,1
0x2901a2b2e8069d9e9bc378957645279ee0b8828f,1
0x2905c5231fec7a2867b384df08675df397503c9e,1
0x290e4508f112e79baddd4e204483bc37be3091b2,1
0x2916768f1fea936b6c69830b8e1e3bad5e612255,1
0x2963fe8c9a8cfa44a1fedcbfb123fcad22156372,1
0x2971ae546db8c6932593880eecbcfc7713d98902,1
0x2999377cd7a7b5fc9fd61db33610c891602ce037,1
0x29ac3223af611f5524adf1ae6ec4e0f082350dea,1
0x29f18ec720bd3fb1b00f5661ee7d9e0150197ccc,1
0x29f3eee1c167d6e9dd2a763de598b5491464cc2e,1
0x2a0a412e0a0d436cca7ddba177c4dd9f29801062,1
0x2a193336b79d9462bb36215210d44e9d60878c65,1
0x2a300615b01c74d72f47f29fd76ab5dd6596700a,1
0x2a3554ee2e5ab10f25794b9b466e637ad28bace4,1
0x2a36f5ff93c5c5ab8f7349b27fba7e250f0409ff,1
0x2a3c05f993d34bab6fa50c72f2465777d1c5d118,1
0x2a3de7f82cd829f70486949678d7bcceade5b89c,1
0x2a50c8a033ed2ceac39abf2ea02da31695516531,1
0x2a538000a53f38d89f37fa43a301cee2c0f9e331,1
0x2a7da6d3d69f21a287f781cc6b4250b4f6ccea2d,1
0x2a870858ed7850b42809d278a1baac24eb49484b,1
0x2a9124f2a67f208dc9161493d23ffd7f3f8d008b,1
0x2a9f80a74752d3bb5f9139b0617994591be13d4b,1
0x2acc968b9e4b8ccb0636625f4b96640448f812d1,1
0x2ad6ddf08ee9344dab9c3cd0f37becb765b808b0,1
0x2ad773150b686e5dd4d327090f27e3fcff27a5e4,1
0x2adc082085291123580a470bf386b6926cb5b57b,1
0x2ae82657ec1ec17b25f564cc500dac2a55c5c623,1
0x2aecf683e6d5b506a3ece2cf4769bb2eb5cfc75b,1
0x2b0305f46b982eac88d01fe7a8acc99ae2321cbf,1
0x2b035be2221e51220d35ea51908d095117d72936,1
0x2b0740d43c420294e9449a75612712a31fbba723,1
0x2b2b887e31133a6a56a973c8d0436bc9ba09fc0b,1
0x2b3ffa0c9ad371d4141559c2fc568c743fb12f44,1
0x2b4ddec1a28103432a46665067497601feb42eee,1
0x2b5abe232f35350f80f9c3a61761294a467f1ab6,1
0x2b6565c457d6e73efc15eab80b8ffa34b6bf122b,1
0x2b6c0bb0f7fd031a5f29c8572ec96f116d658c0a,1
0x2b93c120f5caa5286be4a783fafef2bbebea87d8,1
0x2bb4fd575ca481b2aefc7890dbbe7924deb5fa11,1
0x2c24dc36c462ea3c10d09791e8886aeaf324a9c2,1
0x2c4090a54bd6eff78bcbc0b49ed17e0f152389c8,1
0x2c419c8b207b10b39673482d83caa3e11f3604c5,1
0x2c4247ea92865a5849ddb9281117863ddfff66c1,1
0x2c45f65d254e85584b47ec82450c91a30cfc6be1,1
0x2c4ff0ce082d8ba63f6d1b8b5cf1995a42de3296,1
0x2c727964b7554d39ddb2cba8b19007f4557a5a23,1
0x2c81cee7050c9d03295560851ffde123bdf9696a,1
0x2c9646bf2477a747897047b69ca1a1913ae5f611,1
0x2c9943913e2eb4d6eaef0b6df39f47ef87d97591,1
0x2c9e5e04ba31495ceede85c96b060a76e7865de7,1
0x2caa3893ed4300186671265727b90ae0b518114b,1
0x2cdba49426194235ef029aaa3b08dacb9ae33963,1
0x2ce25c61db16e57f6bbb29d834da8aadf6d7bb6a,1
0x2ce780d7c743a57791b835a9d6f998b15bbba5a4,1
0x2d095b1c1403b645ec3b4ae8f0f2156fc8ee4f32,1
0x2d11aae00487160cbc5b41442a0b14b5e1ac2d1d,1
0x2d19860edfd3d9c7d6eb2a9fd9bfdef405741523,1
0x2d20653c0c4e736f653643040312780edbad54f2,1
0x2d20d3b4cb133f05eeb389cd29c292a7357aa951,1
0x2d4fc4b2bff8e300f74c28fdba80fc68875b25e4,1
0x2d6d81b8b88348f38d2da88354ceab4fb27391fb,1
0x2d73c5cf2fe559004e27b3624e0ce82d394b37af,1
0x2d870cc32a7a162ca6cea079da4621054a8e6244,1
0x2d888127a358968aaf86b474642d9309841f7b77,1
0x2d91e992935ab3a8996943fb5bd4043c20af1413,1
0x2d92214855f88f1a3f24b1a3f8f6d533cd0e2e37,1
0x2dade48d1bdbd2140b2d3e1c3435b0e94d86375d,1
0x2db82962b23699fa03bd765ffa8ec14a93dc1c2b,1
0x2dc6c3f16e024b4689fba4423a24d21a11272f04,1
0x2dc820ae955aa5a34cd073f72b76e127cd7bed1d,1
0x2dd56d541ceb29653dac41bf8f0f924013472bba,1
0x2e09e088a31481d17c0ee28ee8b40b54554a31a7,1
0x2e0f19a3b447b815e07f6f81538f9e42336830d2,1
0x2e21f5d32841cf8c7da805185a041400bf15f21a,1
0x2e2de24ce4cefd071b11beb8800b01b915f177aa,1
0x2e2e26ba38ed22a604d90eaac2226e42e0621b0b,1
0x2e55651c54af2f2fb57191290c97887b993ccdd9,1
0x2e5e62c8cd9ede2874b6a9c87f843389bfd7cb3b,1
0x2e831311d5211476fa5e9cf5cc65166de49aa601,1
0x2ed3137c3d4f6a8d83f78e74c3da109ab95a0406,1
0x2ed4bb33aa5078e57169e49ba584556c0c312b32,1
0x2eddafb561e8211960feacbf643adf658d8990ae,1
0x2ee647b2a2e1b796454909cc3ccbd117f2dc2cc6,1
0x2ee8670d2b936985d5fb1ee968810c155d3bb9ca,1
0x2ef9834de85f62f36fe39cb3387d30469762ad1b,1
0x2f2f237d2e655cc0a6f6fef761e5aef13087e71f,1
0x2f44fb58135ae5d3793803c73d471c7cde4bb774,1
0x2f4834aa2528de5feb8975cc3dda8a456962d434,1
0x2f581f7093bc70d248a2e7487f911fb2a3d77686,1
0x2f5fc65b9c6d1fee8ba4ca23fb2d7c363c95133c,1
0x2f64b9c5e4b24eef6c2003406302f0dd92ae9b56,1
0x2f6f6a1bb9cc906330ff636576839bc301db1b31,1
0x2f8ab52fc3b40cef63ccc25f96d2dcf6b7a2b735,1
0x2f957f77ed4314fa588a11bfb0f1e77060a9c71f,1
0x2f9725591e43ab7db17ad9cc9cb14c44bd625d4a,1
0x2fb030e2b92d364b5645c83964e1e979abc6cc5d,1
0x2fbe784b684c8eed24fb1115dd046de513162e94,1
0x300320b4561b6c97036f76205cb54dd5c28d9438,1
0x301b275e3b20f9eb9dbb54e6f0df0f4e01101e14,1
0x3029c8d79b2d88f9d77f40fc3162ed9c81e87233,1
0x303052148a78a692d7aa89bad454f3e91785488d,1
0x303a4fa08340db55f71aea60c431aef40b6de995,1
0x3049e76eafe9051cfbdbe62cb387deebc99e5564,1
0x305894f73aa770f7f275f052b275a4bb95ca0882,1
0x3075decab6ba977983d81dc1c0f0fe1667bdb23a,1
0x307bf715201ba9b6e4ae4e92d4fdce052bd0ee2a,1
0x3084041e4fb5ef6f7fecf97ff9a407ec1805ee5f,1
0x30994ef4a72831653899e50ac1510d6a4878557a,1
0x30a35663959ce8f9da72215ebf4534d8401881bc,1
0x30b041df9abd79dfe2ff4ccc05f273c86da60b85,1
0x30b7b41e299f90ae78a11b764ad2804ab2bf272b,1
0x30e0d33a9261769ac45e59a2a488605508e9f6fc,1
0x30f1d2592934356be469a2c2b72d703d1b3a12c9,1
0x312c67796e973922e10980f69b4da01f1baa2ea7,1
0x313c34b91a030fca585461bd6a6daeca90c0b312,1
0x315dac5e567ac4b581d3da95a867bbc3f3205015,1
0x3177a46ef4afca9361816e9dc000f967bfce427c,1
0x3177b6406ced30492d72b4406c9b55eed74b3f1d,1
0x31791a3a5ab1e29a284ce2a943ede95132b36bf5,1
0x3186b14d5d02b646d53179f408b4fd8c5f1f2676,1
0x319b0bc1293c85b33eb7eaf8ee77f842498093db,1
0x31a5ff62a1b2c0f030aee1661eab6513ae676e23,1
0x31b0ebad4ecc85e722d9c0d2c2cc519a7b18fb5c,1
0x31ecf745d93dff69acc7f0819324d38323e73491,1
0x321022c75fd370b8eccde0952031e1b548a1a349,1
0x321e14a9c3114a178bceb8f70aad12e6b8b53324,1
0x32523051e3409b95cea3c1dd9dec7353c130d496,1
0x32606c4aa95ea78d7c5b1e0e347e3e9ae451434e,1
0x3272c414dddb7d86f0d12ae0d064c67740a7f583,1
0x328a12ff1c3348ac79369b433eb72bb5b1ad3253,1
0x328fdb87d0b31dd726f6836066fe3561c61b291a,1
0x32aa138bf8fce645bcb357dea8238e54e2016fdb,1
0x32b0f5d5cb70c8080ca8f4d69463cce7b5f09053,1
0x32cb1e1532d7610fd0dfa69b9f56bc210e823d13,1
0x32d9b0c165aaf0b8fb222f772eb21aac83277ac4,1
0x32dd9f6885332ccf8633a18cb0c2e25e68fe03d1,1
0x32f320db21618a3514615d1864adc66860ec552e,1
0x32fd1e72b3a002b9d7c3e75039c78d339ed8f2fd,1
0x3301463999f9882cb6285f97aa62b39a0dadaeec,1
0x331b4a1242ad6a794ef127bd61fe57d7bdfdbb80,1
0x331f3fbd0a83ed74480ec5262219f8b5acbc3dc2,1
0x332c36e3a1827e2862dbcf4d91d74e73653bc89d,1
0x3368b4733a4552b38b7d81c215d88cac4c78d8e5,1
0x3397a5092005920c83a89b335117105da9375446,1
0x33ace310a895d7deb4d8164adec225685bb12df2,1
0x33be64b5921955387ddb08a31c3193461612b565,1
0x33c2656b7b33461f346f697d998d89a110eb42ef,1
0x33d7a3ad5b4168f30c051ee66afd3c2a865ed919,1
0x33f7bd98720d53f5decfaf764067b43ef52d922a,1
0x343ad0b6b28cb0d68290169adc412a3ac391aa56,1
0x34433cb54d406d231cd511567f33ce1914fc888e,1
0x3469ed0f75dde54a99062f0a267db9435805a86b,1
0x3476b12f8cd3129d8326fd83e32a5f472ddde338,1
0x347c71c98de164a2d89f45dcf4fb2f6f6f218918,1
0x3488ddd769049f3ea2f7988c537f231d37d6c57c,1
0x348c31025754113f599ccea72747a726a133799b,1
0x34978faf3a9f469da7248d1365ddf69ac099588c,1
0x34a1eff39df3ab55d1cc607561c86270a410e9df,1
0x34b93462e65303f3857460971584fd0d908f2f45,1
0x34dea787524a930670862a27bc7234a1897e1bf2,1
0x34f389b2508ace81bbf4697b7f3cd02e03439845,1
0x35126e6e02e4d3836dde1ff4b1acf26bff5a1a03,1
0x3543493a76ce5ca362dd6eeef000547de52b6875,1
0x3572c1a311fe5979248b8381dcc40398c41f8406,1
0x35837d1f64e15e537bdc4adf151f20ea624632a9,1
0x35850da829abdd789ab375674768d71c4359fdb2,1
0x35896365927c18173aa8ef593d673177f15a8022,1
0x3593f1250748a822acc1237f52fdf0ad2300bcc0,1
0x359a0487e0bbd54a37fa0c2b0fe311013d3f88d6,1
0x35cbedc3412d3c93dec4afa60ddf38c2a9c38865,1
0x35d985009482eb0ef4985c7d8ddc05e7b4611f7a,1
0x360bd0e8ef21909115d520b924e72de923eff47e,1
0x363e586d37526eb30b05d2381e0fe3e2205a05c1,1
0x363f725beb64d679f04213774f27cae4689b292c,1
0x364147346a1cb963e6bd4f0be73404984aadcfd1,1
0x36467767d5cfc81c26f5fe56d884aba9d400b1c2,1
0x36680925283c924f0c732c371fcab37edd57add3,1
0x368fdb0dae789491569629397043373e6a952ec6,1
0x369492c9bad36280d07da79af7ce20e41b575bb8,1
0x36c246d67dbd8c5c2988091bd6626440db5424d2,1
0x36c90e324ec049cf853292fb04c6f996d8c6ce97,1
0x36ca4898d224ae146cac312f4502568544157953,1
0x36e9552f095b7ad2751aa9409e6d834daf4c5715,1
0x36ea16734f654d0859d979f6d074d326699f0dfa,1
0x36f138d7da5efbd2481ff977423f2c39587427a3,1
0x372b601f2dcbcab372588f2b9d331ee42f65a696,1
0x37300c9c2c6ac6dfb51fa7be70c77d3a70d6dbec,1
0x3734c5ff3db6378fd4fed019ec6ff347350a17c3,1
0x373773bdc2d6625f49bd43b6270a28ed01776413,1
0x37438ee973de2942067b48036c2341a23bd19290,1
0x37769c5bdd7a43b0b52958ca51bdace1556c96bf,1
0x378ff65cb9e9b83b86aa2534c9991e5b28f1ec92,1
0x37aefd2754dc85426335e33911efc3ce31e22c90,1
0x37baa5baaff8a367f0778eb1d8684eebcfbb2cc3,1
0x37bcd9d9a72b5ca08fbef22d5d4d20afa82565a1,1
0x37cecafdc7ccd51ab550f132d7d7da882ff5c061,1
0x37da230186c6d34f7dca0f72c3101dfcb9375c21,1
0x37e05f994f6ab9dd4984b7070de29fa23ee48cdc,1
0x37e6cb993b074cee0769fd6bcd8154768f585ad3,1
0x37ea6c993c5f42e1fc3455d5781e4a580760970a,1
0x380165a20a0516b3fa503959dcec7da3ba4c964f,1
0x381636d0e4ed0fa6acf07d8fd821909fb63c0d10,1
0x384aaa4608e8a8a35890dd366ee58d396c26db4b,1
0x385208218b2df894e8a88b507f98b829acc29be2,1
0x38696a5433b429744711ab453ded30fb4f4cecac,1
0x386de0c673b494317e720637984fc744235ade7a,1
0x387f802c6a9ecffc8b8f6bb7b80ea0db4cef9810,1
0x388160a99390392278afdba240046b8b5e73f77b,1
0x38820bc301059d5ff97fa20798fee3c1e520b8ac,1
0x38bee40601210a3b8fbfe5348a940280a5de0f35,1
0x38cf46e1cb7d628eb23254793940e59b4cdcb7d3,1
0x38d779b6dc61acdf864cd289f3594ad05088df95,1
0x38deafcace1e1a61f936829e2ed0e205414f7cb2,1
0x38e23cea342deea0744a4f68780053f347b8bfa6,1
0x38e618b099fb1ee84842da77ca5a4846ff675ae7,1
0x39032097b0681b539f5067ed190a3f9a5dc7fbbb,1
0x39256c222e2a16db63f21da9d8266fc6f95f45b9,1
0x3927e502c865a2c873a735775e224930eadfd2e3,1
0x398161e02d621df4c186f84b8f0c520ff9112b0c,1
0x39825a0a520f4b02f13283b68d3402ae3fa68faa,1
0x398a20f8a91a7406343e75f4ac1eaad6902d3862,1
0x398b31f21c6ed71a350ef89ac369618203d7f56b,1
0x399d887ced702fa13bd5002f77e34d08d803e6c1,1
0x39ac86f0222e1b86c3ff4ee3c6681b8a5e5a50e0,1
0x39cce70a9e30a064b1aa6b35bff21d8815c1a213,1
0x39f3c15dd690163b5d985543484a8b51fb3233d1,1
0x3a0c596a40bbbb558d86b0f692884aadf1dbf20d,1
0x3a0cf6bc065c99e1e9589bf7704feae1349f08b4,1
0x3a309b798772a038bf70c35cc65fd1be16d4ad65,1
0x3a437bb9ccd7cb6fbe52ad0b412e4a5fca6af03c,1
0x3a4654adc7b335eb98cb9e59b307227e050e1d0a,1
0x3a4c619284748869eb3ab16494b461256b72f875,1
0x3a5aeb201eeaeed360649cdf467a6a7ae22c5259,1
0x3a63cf2f72786206aa440657cd792fbaca9a1dd3,1
0x3a661a18cb0258119636dfdde098648c6ad5ba62,1
0x3a8b6a672da4ad9ea862cb8eaf1cd7bac03d1d7f,1
0x3a96ce3a88e90bd6b480fa99952ddb3e2394215d,1
0x3ac15262b5bbbe51c9d0391da26f79f86554f808,1
0x3ad7761cf3ccc95ec5757ad18683c777bfbcf83f,1
0x3ae72034f05af89cc7249d05887a2c70d0c22b41,1
0x3aeabbea800d835f68049d43eaca96f69887aa00,1
0x3af5d5d44f54455114b3be73a8f76dba1abb4ee4,1
0x3b27c89cfffb621604b507702e5174b986fc8fd6,1
0x3b2887ae95e50f22e9a1b225fff308503aed48e7,1
0x3b2cf66de193fcae6edc648d5b4aadf359c42542,1
0x3b2df79558f673857f4f71d09c7b6d25b0c48443,1
0x3b3c63df97a656bdddb9fd0dd717f26dcfe6e065,1
0x3b3c98e3dfa12068f182cab14265bbf38e1988f6,1
0x3b402b7d44b647367686f20b9905cf4a6eb6349b,1
0x3b53357f826c692810cf58f41c501b5c3e71905a,1
0x3b89ffa87e34efe57b3a068e574adc24a5d80de7,1
0x3b93cbfb99560ab275827d502c49d57a0e5ec5ce,1
0x3b940658cac03bd1043f06e003a550270df22a16,1
0x3b9bb0d29cdbe8a384f7f60db6e60f0bdcbb0d4c,1
0x3ba41a9e97f80fec64ed68819faf12dcc6dff576,1
0x3ba475983d5f0f5bd77e81468c0f10e284f9e31e,1
0x3bc161e3a5604165f3165ed8aaaf0d490e559324,1
0x3bc901e001873250c3ef63799bfeccc79e6ada98,1
0x3bd5e344ac629c9f232f921bafdeeec312deac9b,1
0x3be3a42fbea4a20ddd8175337a12d47c8da4f7b8,1
0x3bef36d63028fc4c898b9a649ea4979f25229b84,1
0x3bf314bf4c07b7d93fd3dc074bbb2a153bd5af95,1
0x3c136ce040d2273ec3d7690f2fdbcb98052f09f1,1
0x3c1cf8e31e7b6e46baa9856c8d52f8f10562389f,1
0x3c2286342e143d511ae6b7caefd548bf38c8c1ab,1
0x3c2d802d14a53c2d796094047177f70c98c4b1d9,1
0x3c3b6d3a6ff205abf9449cf2e141e7bcb16c8fcb,1
0x3c50226133300ed131fc883e10d9e8e993aaaf67,1
0x3c59646d1385067f72af6b85ce5dec1d8a0540f5,1
0x3c66b2e320eecdd6c8f3d1277166d5ee17ef2298,1
0x3c8a67ff9d751c3cce50c9acf617959396daacd3,1
0x3c8cf14750960925ed386f837657632318b83494,1
0x3c8db2170dbb90bcaf7f8ed9b5caaf1b3a0654cf,1
0x3c96514b26d8753e6c7ca4292b5318dcc362ab42,1
0x3caa1b4ba27062f42b70a57202c374a1d628a1eb,1
0x3cda30bd84db976bfabb64b622d74d38e78edfd3,1
0x3ce5cce5f68a04fa8eba48a1fd375cf4cfd1ad35,1
0x3d1b7e52cdcf1d7fd510ba0795feee9023fe8041,1
0x3d20c3f372207074df1a0ab5272c7168ce23d178,1
0x3d331379990dd2774314ae7416cdedd66d3829a8,1
0x3d4dcea0a12087523b36335fd3593df47b5083e8,1
0x3d5ee44e4fafd6af43ee28269af157763d6d33d0,1
0x3d8155fdac15b9608b891971937500e2153ea06c,1
0x3d8cfaf9645cb665858a1529fcee81fc8870e512,1
0x3d9e490b3d2ee45851b0086e1ec8ef3fbe7e86a4,1
0x3da23a5cd52da6bb64ba44cb1c010b510572db96,1
0x3dad3fc7baf6e0c6d45a9b2c6f0331b37f574f13,1
0x3dbabb67652fa73730d012946ec784f67a98d28b,1
0x3dbc93aecd50e485ecd2dd6dbe73d1ec19a4d839,1
0x3deafa6e6d4102e511eaa8cb4a50a64d0467b0bc,1
0x3deed956b999b83361b85bff31d388c35125411d,1
0x3df81f0e09c04bbfc66a8b0de4fc14675db4acce,1
0x3e117ac1e887dbfa2a5f7ee1b06d5c9e061819cb,1
0x3e14977383be8b71092c98a2094bb820ee167ba2,1
0x3e1ffa5f95dd6218ec4955216e3df532385c0e2d,1
0x3e290646dffaff4bdb1d4afd4d85daaf9314ea76,1
0x3e31f3abab48c241aa4dfafc305ab905cb97df95,1
0x3e3721d26d5b8612bcd6504696b82401b9951ba6,1
0x3e3b47b5d433be4708a6bd524facd48bb54d10b1,1
0x3e3e1d4b0d6909cdeb16550ad64e2bb380010d35,1
0x3e47c8acb9f2585e941ecc3b644d1272c2b538f8,1
0x3e48541e48f6b34e346003e1319a7200853a6750,1
0x3e56828d989451917f4972e6cfc983ccef85d8bc,1
0x3e6b87ff2168d15794a865d09a6716415e7dbecf,1
0x3e81ea3a8a2d0b71a85468b02be83d09bfffe476,1
0x3e82491aa3a1536f59001b6c02afb7d2457da58d,1
0x3e9aaea1c7ab36a80a6477e9464d5c4bb35eb27e,1
0x3e9f4ab687b21f9617c5ec842f9abdc90b29e787,1
0x3ebdd261122a12f4eef0e534af33befccc1554cd,1
0x3ed165f81394a2c7032cb2ba9ab7b376e5ef4180,1
0x3edc0a7a9ac23bb2d162052cb021d2d7d2d30677,1
0x3ee4a408d933953571cea6615a55f2873ec8201d,1
0x3f13f597f80c65055251cdfc63b292df8e042cf9,1
0x3f1a421b47c5a9ec1025475a3fd3e99ce20616a2,1
0x3f4373afdde3d7de3ac433acc7de685338c3980e,1
0x3f546287b708fbc18c899d9257a68b1aee0943ae,1
0x3f7a3df9c6f5574b6e67fb26955b75e52a4e2b7e,1
0x3f7dd0b106b10d06bb4813715b4e24d9e626dd64,1
0x3fc9d73f76e697113bae54eea77325fd74aa6057,1
0x3fd335594e943de8dad80fff50854cb2d1db6924,1
0x3fe877b86a298326c13d911a99d59f4c9d195957,1
0x4012ec1ff19ffc7bd8c062f0d77ca5fde0e776e9,1
0x402ccb650c09c5b87fb47fb8ab2c79fc2af81a84,1
0x402dfd31837bfac49a73596a717642d48f220038,1
0x402e838e760c712a408c583caaccb60df254f4a4,1
0x40730bfac807503471e233a4441c568caf132253,1
0x407c33ac35a9edb9a2f99633243fff10606e97d7,1
0x407d1349a1179472c29dc58431ce9bfca3f5fecd,1
0x408198596e2a166d80d61ff7db4a8ef5f9e96e79,1
0x409d00da400724785d485b159b1aca97ad280eb1,1
0x409dad7343fca4549086e5a66eaca06a7f80b418,1
0x40ac989f5ddce35bd51c3a6e2f064d2120e4275e,1
0x40b767d119dbc81547cc13c6c55b6ed40a6506f1,1
0x40c14ab14bbcbc9e40f5a3169f67784b26a21614,1
0x40c8850b5a36d4bc966f6c2e2357862b7b385c78,1
0x40d500be11e713a66f89b4cebc6d8d11e3a0f2a7,1
0x40d775827365ae4d54cbc08a1a1c4f586b2c1d0a,1
0x40fef8e0a18eb5326f91a865bf016f642358de80,1
0x410a9f44948576c60f94b165f63eb79ce769a04c,1
0x4117f96a6c700eb2f84c8fc70e4f7363c4cdfd25,1
0x41246c5c99e0ec2aa768af24d586071e3c0080df,1
0x41248b2756b9f340bd6765d80babf210fcf43709,1
0x4132b9a7a43096347378d9c567c80a1df44f6089,1
0x413ae6a69c119eb9c89730fbbc447f1d8f8698e2,1
0x4146b74639d23c16d03dbb037980fd7b8b08112a,1
0x4155ab641b6c36be6822704e82b2b3b5d7e55778,1
0x417bc4f729a6e3fbaeba772271449452c96328e4,1
0x4188663a85c92eea35b5ad3aa5ca7ceb237c6fe9,1
0x41a230fd11e9e62b7ad50025984b24aa8b7164c6,1
0x41a30d6dacb8a254544fa5538f966fe117e18f11,1
0x41a7a1f43a1701d73524f32b9f51b353ed133a8d,1
0x41bf39033c732f884a52ddf38f647ad63457ceec,1
0x41c17def83f826cfc95a33d312b024e3e7c90308,1
0x41c56590680452b819308437d8c5738142e58949,1
0x41ca42c07c53e54189adfc48476a6077bd8fd6d9,1
0x41e12756498322b479f889af2b2f4b29a85d5605,1
0x41ef2bf26cf9e2654bf3c8dd89fa32211fc64990,1
0x41fec248777efa4bdba27108cef74da24b74a4bb,1
0x420115a39de334dcb7c2cacf4d785c6cbc1ebaf8,1
0x420980a7e6ce03c715aaf7aa73e73100f6ac8e83,1
0x421c05b4934f662ea0f520f3e51d6483b93114ab,2
0x422e0877bcd9f1f3f9c752f2f527e8e79eef3551,1
0x42353ae5fc01959fed8ed08958a0c0fcb5ca127e,1
0x423a0a0f3479ab24b2b04c8dba8bbe0e2bbb5cc6,1
0x423a9a8aff6d51d7aae8055ffa0072afd26ad1f0,1
0x42817190754709ea128e108b2872266578a2c2a5,1
0x42c0c7fd310838f2a39d1c9c2e5803213be2c73c,1
0x42c3c3bf1ab8edffeb7990f3f1645d34299451a5,1
0x42cef93ff171ba93ec116acc97d99a634b107fa8,1
0x42e5abe19ba467b0b32a4d042d3dfd4ba2e196af,1
0x42fb73502931b58c0e32df256eaeeb6bce5720bf,1
0x4313593e966f86efd6ad7c2b5ac636a7346ee0af,1
0x4313ca73355b0b098a78d406b42a0d86296bf0f4,1
0x43176751abfbd7a39549748aab57641c26df7129,1
0x4322aa46ffed67809862da613725728e2fb8eae3,1
0x433f6a853d8e1b545da99bdcd35fafc0585dced3,1
0x4344e9f2f5e397288542a63526527cd615170b6a,1
0x434ab2b3e9991abec966c9d109661e61f3e3467f,1
0x4370b38b264dde1bf04699f4649cedfc2aec386a,1
0x437c3056e488b3ad705039770a8c9d7446258de6,1
0x4387b3ca2a8c99fd51da5e694c8f391c180b9960,1
0x438a9dde518a5510925289def9815161ff49b00f,1
0x438ca4aedd7f6d363dfe15b817dcd738d82f2b66,1
0x438eb5b02a3b9dd3c093e6b50f9f031841e6a29f,1
0x43b3a12cdc49003c9537d0ab92800a97c0a8959e,1
0x43c5ab2012879302cc81f7b3ec554338e757c28a,1
0x43ce45127b92d08d078d1c7643cb45f4a21c9ae2,1
0x43d8a2cbcd874ac19b67ce1752ceaa6335a63687,1
0x43d939b61c6ae63889e8d2b39a5193a2a6e5ce20,1
0x43dc3047c6fd08ea633570a58feeb7e55ce54012,1
0x444a5d1299344c30ad26c879d8617530dc471a5c,1
0x446c4264b705311b1452908aaabfe36863746113,1
0x4470e0f5a0a3969cb0d5aba71ad4e6c759dfc824,1
0x44717ee7405bd4af09a5ee8d0ebddb992c92aec0,1
0x44b4d430e7c56e4ca04c5799e561063ccc1f1df2,1
0x44b51387773ce3581156d9accb27849a204f31dc,1
0x44bc1e029914f8a0cbc4752da5f372cb4fc7495d,1
0x44bf7ea78c047d0387a747939e5e8e43f9b74f2f,1
0x44cf10aed9435231f780c105e2b76913da4b5020,1
0x44ddf3e35cd2d629d78674ff6bf5b953e2b069fe,1
0x44f1e28f52303a0d70c429d9c24a328225c09bff,1
0x44f2afb689aea37ab17feb2420f17f9a3e851307,1
0x44fd2eb9b3d009e15170b5dd35c432b4f694023a,1
0x4548d498460599286ce29baf9e6b775c19385227,1
0x454ee605b0e070145fadfce49b072b029099078d,1
0x457061e02162bac815d2ff2cec81135ca5f9d42d,1
0x457f55769840d61d415922599bbf0a29c4f43ccf,1
0x4583e00b4d17ce9e969f94baa2a6336f923d68de,1
0x459af9faee20b1efbad05ba315ddbcfd47f7f12d,1
0x45b0319a83e9c831eb021c6ed37c1b185341c57b,1
0x45b28b83c19b2b7c287d381aec2a2d4df4850cc0,1
0x45b952c104c16c1e2b9c3c6c184b89154b9902d0,1
0x45ba71b71beed8b8af692ae6c1bb0b9feb6c4f1c,1
0x45c2dcd21e3e3c6bfa20fe8b068ab9e5de8fccb8,1
0x45e3d6875fe2cdf84242c4a827045294e4cddf68,1
0x4602501fd57839d658f5575d282c6dbe0beaf2ef,1
0x4613739e5bcea4730f2a4983ce2100432415b01b,1
0x461b2b8bf11f8036e6823f5b02116498d36bc58a,1
0x461b826d3c6108a420ac696631dff5a6a425e01e,1
0x46376a53ed0714fc3d519d61f227c907dcdd9d4a,1
0x4651269d6ef428f42bb9d85a64bac54de6112283,1
0x465f189d082f999c47e5e5aea9c05ab78f39a77d,1
0x467a68f37a139b23987533305a1436de19ed9fdb,1
0x468cbad61a63ef6d753ac395d99ebacddcf437ad,1
0x469ae2c32f979d62e3b4e39c8774adf2502c1c78,1
0x46aaf9ef48215da04e65f8a77f4294f5b43f699b,1
0x46da7e8c54cc457051e28f558c18525bf4af7294,1
0x46f525614678ea607421b18c4458b6435aa7e245,1
0x4705bc2775cee0fe266dc2a376010c0eb1bcb474,1
0x470f42255981588039aa8344384b185bced9c6fa,1
0x47144372eb383466d18fc91db9cd0396aa6c87a4,1
0x471a1b121bf2371854c41c9c54d1087c6831b55c,1
0x473350228c27b09bf45e395907c902bf3df776e1,1
0x473c923543d9c91209b087f456d4a796b52ef96c,1
0x4744cda32be7b3e75b9334001da9ed21789d4c0d,1
0x475c3784dc60200c53d2fa79e69e4681e80aa594,1
0x4762b5ac03fc097a500b48cfefffc027e8b37227,1
0x476776c39dfa3b067dd45ef4c70d8799bc91ab19,1
0x4779a9b22a1fb68d856987e6e774eaae86104916,1
0x47836f027d427e78c06f24eabfdd1d2089fdfd5a,1
0x478f6f994c6fb3cf3e444a489b3ad9edb8ccae16,1
0x4794df0568f37a9f4fbb3d51c8605c0fe3a5c710,1
0x47d278101ee9335c3a3baa14fe184f757229a7b8,1
0x47f725b8789d80b8e639ad6bde1677b4514e8d7d,1
0x4802e717a1353fb5abce592d71978399b5751df4,1
0x4820c8aa938346f54940660c09dc275059263355,1
0x48238faa9bd6d56fb44a32dac6185f04eabf2117,1
0x482914ce89836db864987707ac8d96e965419efc,1
0x482ad2876cdd7cae92419c6a0823af468065c41e,1
0x4859141f4327042a4a30a18b25aa2f4f1f043308,1
0x4869a74bb1c3ed6d702af35b115f5c6fbffdfb06,1
0x486da44e46bd00a63f1aecbe23b5051c4951fd1f,1
0x48774c0dd48a8f4f50e00c9999dcd051c8e64d3f,1
0x487869b7557f0fdecbc5141da1d7c48c15c5b8eb,1
0x48a63097e1ac123b1f5a8bbffafa4afa8192fab0,1
0x48ae825591a926da5f49aca43608f28fdf37210b,1
0x48ece3a81f4bb34bb8938b1d39688f9c896502d9,1
0x48f1b764b8cd851025b88fa28f92cb855b9079c0,1
0x4907911cf8911510b89bc7147a25700b2d260f36,1
0x490a4fdc7a1a35b5c2c3e9418dce793fce027bb2,1
0x491ffc953e1ab2751817ff90a5f32694a4841474,1
0x492d4ae31ee4f635372f516fce2ac2e8841bd9b2,1
0x493485c7b822d077f14bd6484a5c40f2adc91c96,1
0x494e6fd90217d3b19be362a4a698c760cb3caaba,1
0x494e9b8ef3026dd5f1ca2a7af111a9d0abd39dac,1
0x496229dcbf458cc76b7d4e40e6465de48ffd9d59,1
0x4969cf3d82afaebb1604da6ad393c51bb797ee2c,1
0x497442cfd75da0d16fc9ee2ee22f5b301cedea34,1
0x4983f8df5278b40695d6a09ea41a05899bdd9d33,1
0x49a378619ddb0e6f75f9a1f3e1421491b6c2eddd,1
0x49c08159de1ae3a8b2d5cc7baa9a23ba9e96910c,1
0x49c1248123c73381b2fc37e5628345448cebd6e1,1
0x49c91d37849825c164dc40fbcc9179644864dc60,1
0x49d6531aea6dced6595d50da685274766e4cfc8b,1
0x49f23acd6b4239caae78ab82c8e0d02518d111d2,1
0x4a0833202f399e27d8e6af4388ac36af07f043d8,1
0x4a162ea613912dbcc7034867f67f667cb5e8855a,1
0x4a2c786651229175407d3a2d405d1998bcf40614,1
0x4a33ef171888e90e07e23ff4f5808dbbc41b8cfb,1
0x4a42184add6b0b560b5038fdd6bf6c570db11f0f,1
0x4a4d2c83a584183664cfc94b3741c008f1638eb7,1
0x4a5352a639dc705d1892989ee6962165f0946834,1
0x4a7c6899cdcb379e284fbfd045462e751da4c7ce,1
0x4a8002c48c0ce508f1f7cf4297380acb7a97c50e,1
0x4a88fbd3edc9e6e3eb1c55f1f94360a484272d08,1
0x4a8e6ab96e5a68076697798e21995e65577a70ee,1
0x4a9318f375937b56045e5a548e7e66aea61dd610,1
0x4aa93c41deb2bb0e088b1728e40db6322b6c3010,1
0x4ac21c597fbe55f363abdd698f1fb07d5f04c9f9,1
0x4af7f84f6da05cc51cd7917192b8a384da677276,1
0x4b0617dcb5671c6a16a640412c01c8f58b4e6e06,1
0x4b37c9a6670b58fa7fe5ca6ea4d56c7e9d1bc245,1
0x4b3e77089c5eb6558b5355eab3bf2ee4156bf2a9,1
0x4b4d75b8b0fc7528ea2614b2ca83555824c07867,1
0x4b5afce635e20eef1508deab3f9ec8ed4fd98e33,1
0x4b81fbd8c34661fc001aab9906c451ff90fd7dd0,1
0x4b8aa11cb4fe91369c8480a7b410bafff0a21ad0,1
0x4b92e36ced303eeb59bd6c5dac555b2be13fe2b6,1
0x4bcdcfd01aafa6a2511983df78313ac31e3c5118,1
0x4bfbdfb5f92977a5700ca8518b25d208ae515443,1
0x4bfe59d3e714ec4884bcb51d35cfd8b5a33a3e9c,1
0x4c343ec99711eb9b266a2ab9d02757a969a92f5a,1
0x4c3daaef71d76fe12625e6be29d1c073dbf4e989,1
0x4c4e3c5232137852a6102dc0420a08e29a4741b5,1
0x4c56e669dffa7027ec7978508ae0201f7917e6ac,1
0x4c72fce5be8e041e87e69981e40c7a726269aedc,1
0x4c8a5cd481f06908156f4d441bb13e629dd7896d,1
0x4c91499abc38c06dde356616238726e2528c9fca,1
0x4c97762d6b0355ba508abd284e55afa4896525f5,1
0x4ca030ae9b2c92f44b3a28daddc2348d54382e59,1
0x4ca1c22a3bff99415c1095dc22b3595d2c54c458,1
0x4cbc3966088d27859423c42cf2c00ff40ac0261d,1
0x4cc564db72485c7948c010fcab28ad25f41cf3f7,1
0x4cca527a453bd9efc5d41a7f6912756719ad0b2d,1
0x4cd7d2004a323133330d5a62ad7c734fafd35236,1
0x4cdbd0238e46d0311c63eb9083631d36a26af574,1
0x4ce87901d7356250156afd04fef88ea492f53f88,1
0x4d00ec618ed4d1b7a9f726255dd0293a04c0ca9c,1
0x4d0bc03aae123a0ec8b32294e3cd7f468752a2c3,1
0x4d1e3621630d2b1943a17ae46670de1e84bea6db,1
0x4d23306be3dfc1e85d8562d27b896152c633cd79,1
0x4d27e57221f961f50a33514e9195481d57983078,1
0x4d39d61b2969051aa01534b7c929ec205f9ee814,1
0x4d3dfd28aa35869d52c5ce077aa36e3944b48d1c,1
0x4d46e5ada4043e1aa100ff99cef974a5fc37c8e9,1
0x4d6906b088ed02143dda68964b2a78c0ebe8bf75,1
0x4d7e6948fb5ed2d92897de0605cd642eff69fbf4,1
0x4da017718e399c3f28ac29b2f2edc828a0a4b900,1
0x4da80fb3ce9b61843b4805a2435f4666e1f08cc3,1
0x4daaa7cb176b473ddd910ef7b4a9c0f2cf57ebdb,1
0x4dc208f337fd51bb6a35925cb4a6b0ed168d3460,1
0x4deb2291111ed38cfb21bad2cc3785b07341fb90,1
0x4e13c3f4b4f8deebb596d2dcc7ae7b4b17ba70ff,1
0x4e1829da30cd7ae2f3e9915cb8c9f3f203ac7d83,1
0x4e1a2bee9d69f02e19eafdd940f590360bfd17c3,1
0x4e22b5c59213eed3cc41ad1f0603218b78f43a18,1
0x4e28dee6193035725e993860bf8838d4e5326a9c,1
0x4e3cc03eb2be6122f2316b84d1c7edb900e90dba,1
0x4e5183c090c689f984091786cb71963afce8dd6b,1
0x4eeced60eaae5573d2638077ffc3cfe72916e980,1
0x4ef33f32c39796ae02c3ec21656ace134bab73e9,1
0x4f0063f49e747fbb4d25fe54560b5717f4ce2e3d,1
0x4f1eefe4996549a2ab64ff15bdced3cb4c46e3a3,1
0x4f4538e2553c61bce747f73c5fe8133d4b383dda,1
0x4f5405f899404bb401f9f839508b2e6472fc89ea,1
0x4fa03415df7af9ce232195aebbfee491d103f948,1
0x4fa15bd37ff1e83fc5a269d385eef29aa2e4ea36,1
0x4fcd164b7316fc3cb6d89c1e941591b0cf06c97a,1
0x4fe0e02c2076c8dba67ec49ffe03d6996d545032,1
0x4ffef8e8a75c20ab0ddf96c50d2457277d27923c,1
0x500f8654793fe97b43d97f37afe046b3aa251c37,1
0x504552190ee73a58ce0c9ad2690e82f67ef14479,1
0x505d79c7379ee65b6c2d6d18a0e7ab901b00756c,1
0x506452ab0dacf04db0ab1544b6be4019651ada90,1
0x50664ede715e131f584d3e7eaabd7818bb20a068,1
0x507b8cdbf6a83924ae11b5550259bbb30bc7af04,1
0x50a22c610b6e979cdd7dc6c6e94362769e423fad,1
0x50c8c602dce643afab7c1c7b18dd5fa6c1a207e5,1
0x50cac380f81558f68c2bf3ce0d00e886f4a2066b,1
0x50d12e66195a67c80531f251ceac41e7e5e67340,1
0x50e4a02362373d9dae47f340c82fa146e1d06158,1
0x50f8c08b0124092e1001b355f4b8ae2df85f715c,1
0x51057dc0f463c0eb3a39dc0ed6d4ba935f55b426,1
0x510b0f878c60933d123a0c613bb4cc4bb0ad0739,1
0x510be01b27bc51103185c375a4d376511cbeda02,1
0x511af50e0ac006f9f5b93c10aa511e1b3f58ac48,1
0x512a215b7b753787bd67ffd049921dc44e547935,1
0x512e59717222278106c3e49b00db08583babb2eb,1
0x5131a30872d3c0607573bd09379039224868a7fd,1
0x513a8a2577056d82b9e9d46c96625a4d4d05687e,1
0x51404f47e5f006eec8340fc62cb61e255e079e0c,1
0x5151f4b48cee4f7dcb7714e7b4b836aa847bf4e8,1
0x5154dceeadd948111678616de0394a4544e3abe4,1
0x51664b043cecd86527a93c95d163888bec348e63,1
0x5169f520bfb1b67dddfc7120a66ba68bb8d3cb4d,1
0x51734e5211c3efd7011eedae5547b93244b67723,1
0x5178b38849eb9200ad681309ee4a6d5b00c23e51,1
0x518ae9dc06af3a4d2dd1b75e2367c0d23257b320,1
0x51904b09216975ba76a2dd94e69010b1a0ee9643,1
0x51991cb38e427fe9ae8a86e0b73dcbdfe0cb084b,1
0x51bfa1c800faa110086150a33c837082c7c3c306,1
0x51bfb1263d36ce0794e346c2da4d056675f78c19,1
0x51e957a31b37b7d213922146e8cfd095c3013f71,1
0x51f35a1e66df32125450508cfd03792e1cfabf3a,1
0x523141b9b307cc9997667d25765bd87fa59f8144,1
0x523a06ca89600691701f6afa4dc4e8db0d60ed41,1
0x52536fd5a1d9a3ee13a741219429570abb3f91ce,1
0x5263d3df74cddafafa867d404a94dcb4e3c50661,1
0x529096c3065d8a82355bc358e0f2af764c337a20,1
0x52a5ff2b96b7e95f6096ac42f1b20922d2f6b2f7,1
0x52bc0fc3092685b63046f371aef71343a042844b,1
0x52e4c3f57ba9ab894396b8fd2687769cd84538d3,1
0x52e950bd8c128daff274e382b988e4efe31e66b0,1
0x530cf036ed4fa58f7301a9c788c9806624cefd19,1
0x531c3a623480743c5327cc14c9bc5937b6555e76,1
0x533b9cdce87facf35c4066f48537660bf2bf16ad,1
0x533c5c699fea1fd6cd7610ec05ae59c5ca4e42bf,1
0x533fa4a37aaffdb02456d374237091520790383e,1
0x536d97c2f1c29bd1689a9fac1518d843accb3098,1
0x537037c5ae805b9d4cecab5ee07f12a8e59a15b2,1
0x53963785303bf5eb653ed94e36062afb7299ebbb,1
0x53ace322a6114fb5792227507d36f6ec18e0d069,1
0x53cbd34ca41a2373dc329c63dfca349d90139e27,1
0x53dda0a69992b87e51f0f14b1337281f09a2c8da,1
0x53e413bc76d4c7be4520769d6babf75ea99d429f,1
0x542c5648d46462207fba8a4bd7d890b4154b722f,1
0x5445092634581774a680e4dedd4ec9bfc35a26fd,1
0x5448f7b7c187c9b3859540f057e20e6b244858ec,1
0x544ec526b8a4bb1f6e465f3c8d135d32c7a41db7,1
0x54601fb6a5feb9fa87cc88561f7863daace5356f,1
0x5491b4cc6d65e9638a50f8be198708e419a58864,1
0x54973508ccfba18072db8ac133ab4a4f91eebdd2,1
0x54a1d0b29257a97064a1832beaa517d8ccd7cfd8,1
0x54be3a794282c030b15e43ae2bb182e14c409c5e,1
0x54cc4e68e04814ad3e585ec8967a6b8c76bf329d,1
0x54f2a5733f8fe57ed90fb944c29ac0f4906836d5,1
0x5507a67208a542d2cba57e549edac25e95be967c,1
0x5513beed7a5b6888969a5b2e6d8c9ae023c3a89f,1
0x551a6344576837333f6c2c27936d7bdda1b27283,1
0x552f01d67b352aaa38bc675e30ced97f2451df63,2
0x5546d4f3830836fd0ff1640d789e103284fe680b,1
0x555428363d00b92205216c61db67cecbff7554b2,1
0x55559be10ff6809752cfb5ab0e5d44a4a990af6e,1
0x555a10863a6e9f61e6688657c8ed1c3c861ff41b,1
0x5565d1ac6b7abc79054b720633094c8d9db74b2c,1
0x55a0730a844727bd694fd8f938a456158be0f8a6,1
0x55a64a5b71379a0c8770f3eaa75e17bd6658b3e2,1
0x55e0f2985de83cc7cf6f26b013531eb665ddcbec,1
0x55ee36e0058a5ae6714b978f22453099cb13ad25,1
0x55f268570a9e071e29042b0344267408b595436a,1
0x55faf0e5e6e532b1c5799bdeec1a0f193e54a92d,1
0x56178626332fc530561535eeaa914b863aa455f2,1
0x561a0ba50735b1718bc835f5b43f73d4149fa558,1
0x5629589b519a79352a56d450f2c3b34692cf2d5a,1
0x5629ab2ebd6670f6c8accf53edcb9715202dd1c8,1
0x56335b3b50fed1e7e07b2af760c3ce35b214fa69,1
0x563c0e9846812a0678fe028052f8b3c857d85032,1
0x566f14bfd59ceb4ebe1482bbe52436ec6f5a467d,1
0x568045d8d22e6abc023e302a95ed1ed90af39b46,1
0x5688eedc08e9e7301c1d7102c95112253b393e1e,1
0x56a338c2fb40269b2ff0e57ca9c5d0484ea30e95,1
0x56a4f2167a76a3eb2aee9af8d246415cdf85d17c,1
0x56bdc5fe7f9752e7f5a381e394acfe72a724462b,1
0x56c1713994c87c2e2fbdb168e47c92bedaeabb28,1
0x56c1e427a420119faa74c66ff345544c41cc6526,1
0x56c7613addbfc368feea62b94457724da2a8d3e4,1
0x56d90629aa29830e361e113e53a979f95afe93c1,1
0x56f70a0bbfefa9db41f024198c7185107f42bac2,1
0x56f735a4d4d027cc4ba856f8a0d89f2244941667,1
0x56fcb471a9dde74045830439ad6612c9aad53c19,1
0x570401545cb9d043a662dd7b4c2fd81b343c86b6,1
0x5706dbaa4e06157424dd2fadba505a4bf2b1c6d8,1
0x571493b6bb0b99dda41e2da1774b8c9b5bc302af,1
0x571f36059e6a8036306b88f6a2ba73bf08443e56,1
0x5724a224bd4bcdfc25f78300f66d35f301be94a6,1
0x57271f0d50ebf35d7cb6f91c5ea43efdbbbcf080,1
0x573555dc420c87082143e0b9af96b3413c7514a0,1
0x575dfa1096ac4cb85f5f1b15bb7cfd9734d8a064,1
0x5778e8b4d83f0edce876b362f9d0027b3f5fb351,1
0x577ebc5de943e35cdf9ecb5bbe1f7d7cb6c7c647,1
0x5796d1165e240c9515801c548c59af8a48b17f73,1
0x57a14e3b9b8d9cc5381707d52d670258cb8cef7e,1
0x57a879266c02bd29d11c956156e9a524de4483d7,1
0x57b8f871c92770fa22d3fd42cf22d9c492d9c2cc,1
0x57bd982d577660ab22d0a65d2c0a32e482112348,1
0x57c23be389a66a94bbe83871ead5450272f1efd3,1
0x57c78a28c5953cb2a8ceec6ca7d3d11a178b6083,1
0x5802b2c08957843886f985e0f0ae4cb3c2a633ea,1
0x580ecdd8b7cfca311e3f04bb38102d290b74be32,1
0x58174cdc6b023381c751d8f4a4a72435fc75bcf3,1
0x583b7fa299d2e40c235f34bbb16e7e8fdd6d379f,1
0x585a3c20098d40b433f790881e548c09b90eae39,1
0x585f4fbe2d2a889c286fa71fb81d01f30773f4b1,1
0x5872ed0281e893af2dcfd57fd411b96876abcc98,1
0x587337bdf38189278b3a3e0f5a931df9781e4a0a,1
0x587dff5c70cfcea78a620879ebd1121f98c2bd43,1
0x588c869f84c4c7de0713cf9ffae4e90c861ed3d0,1
0x58a15d02d20e0eba7fceae42f25037a9c841bd62,1
0x58a227045a32b86e108756488074c5dbaabda73e,1
0x58a5fc6fb8f25027858b521a8dc43cec4478acd5,1
0x58af9435da7616d203aa72c08c42d9cf38d0305a,1
0x58c9faa4cb07950adc9ad20f0370e1e8efeda119,1
0x58e3d079f9ea4cdc913dccf576361f1a5a6b6571,1
0x58f6b730a3935d23e7913cd53561ec523274d1b5,1
0x590c17999baf7748113b5a7316184efe9b4751a6,1
0x5928e704901e662503cd5b0ea0355e345ca0c59e,1
0x592c6c12c6cf71722880b9263e93b35ff7952cc2,1
0x59511ae97e3e67963f42e69b849fd8c7c367c6c4,1
0x59593d5ad2e4800ae56cfa7a8514a7fd888d99fa,1
0x5959687ec65617960c9b261f0f6e727e9e642e9a,1
0x59852a2d29a71b5a30b25939274079f44c989d03,1
0x59a1c02fb7070dc79b942b3d85c53606adef7465,1
0x59a5493513ba2378ed57ae5ecfb8a027e9d80365,1
0x59d2715c7a736f0bbf47ba9d821beeb94b325999,1
0x59e325c972afca02a4cb0fb43dd02e47eccaf74b,1
0x5a2104bc01e23613d2be2b7c6b1625ea81ce6452,1
0x5a3a1461310884df894b7e973305f690fc5779d0,1
0x5a3d01cfd122998d13a952d6fb1a24f6998b7149,1
0x5a5be7c983a6d49e6c14dad040ba8bce16317df1,1
0x5a77b2d05afb67eacd8f9c7e98692dd1e2883cb3,1
0x5a82903ccd55492077601b8a6a01399b3bb69bc9,1
0x5a8393933a12ec5ded15e31378d22fc25f0aae60,1
0x5aba3012843967eda2ce518fa696804419129520,1
0x5ae053134b7866f329f1a0a474936d3d5b9d23cc,1
0x5b09efaeb94e9d0a5a9b2bbad218f5670e8d253a,1
0x5b1022d859a46f42fcf24bcd8f5ab616e52b4800,1
0x5b2ad6a2884f5f14ec5c6d3ea363e6f86fe9109b,1
0x5b33b6f41e87111b7d22685b297f086b5535034d,1
0x5b53cbf3a7ae63d71694f7e1e6d1f4f5dda8f635,1
0x5b5e5baa392cee3e76a7bd40bcbc0b8d39cb2de7,1
0x5b7f004712c8b7e89a544004d198c83160513c78,1
0x5b8ed97b1e85ea4e5e96c3a6e00b0835b087fce5,1
0x5be876ed0a9655133226be302ca6f5503e3da569,1
0x5bee2b0e902db594be8a9beb8e20f0be0f370c6d,1
0x5c02177d2ab4305245c5f318ece4f8f38522efbf,1
0x5c1251ed67aed00a1d2dd9969c91261e4d85b71f,1
0x5c32a37df20f101a8b4a102cf5317982c52b0a0e,1
0x5c385adbbce2892d61c75eeda8679b373338f610,1
0x5c4fe960950ba0e09a72869c3d51fe70f07580e0,1
0x5c59aa7ffbb46104e12632ec5c51821f2df67925,1
0x5c736d849527bb15fbc0111f4ca13b4cfc1a5c8d,1
0x5c95598fe454882fec1139c3ed1284255b49c8b3,1
0x5c99e810eb0d87f17b0e467de52b3b2b4b2a2dca,1
0x5c9fe79d2c21314052b59c7b28468cc2df9af550,1
0x5ca12f79e4d33b0bd153b40df59f6db9ee03482e,1
0x5ca616f2ba05ed7f33780f51401bf8e1b995027f,1
0x5cbef4dce6ed8b75cea9637df4c4b946705a0171,1
0x5cf8574c6a0ee0cd2069fa8c687dca5644637c01,1
0x5d066a95ee1514322977db851e5ffa312c8c121f,1
0x5d080b5d2718bd65678c9582519eb876c3042511,1
0x5d0ed5eb34c3de684e6c720892201c11f11c7bb0,1
0x5d20e6c0db887b5c3281edfce5bb7677565e2b8f,1
0x5d291752da86c6be88084809405aba9024b68e8e,1
0x5d2d20de3306e56f614544436f05730af752a555,1
0x5d43e8ac2d585512cb7233b210594d4e62ce9a1b,1
0x5d4e840aee5c438934a4dbf8687d9624bca637d8,1
0x5d6568b1c2e5d38b1e4158e851df71813a9510d9,1
0x5d89737e854c860d25e106c498c6dca0b516ed7a,1
0x5d9af60a6502dfd11a36bbd42a070d6cf25e26b5,1
0x5da4e4901f9b33c5d9cb1876cecdf91ec476ead8,1
0x5db286f0442634c1f8d6eda1aac4060e66e2a39c,1
0x5dc930134d05867bc77d2972fb1fa92e5ec86b00,1
0x5dce03d8f4e2dcdd5873d1afdd2af570c5c77e4e,1
0x5dfa3092be17f441f85a4b3218a7675f0efcf9a3,1
0x5e0fee424654fad26809cae5b7b9736ee6d9802d,1
0x5e249dab3d25454a9529d2903c2bf663c2526cf5,1
0x5e57c03e91169f28ffb2c0b1a41d2e6a3ca082d9,1
0x5e6684c5e5a5b1ee161dc2ab4f3bde5a8a7cb2bc,1
0x5e78f1958b8dd1689ba6787309c0aee7830d371d,1
0x5e95dbd806c9f679cb89d022bee4f1f93af64db9,1
0x5eb7b85086b2b30ced5b947eefeeb35a6d0dafca,1
0x5edc87dcb36f6779fe39d2ef6795534cefd7a765,1
0x5ee0f1ddf2860c22d08b8482357f3d7cb7f54dae,1
0x5eed1f9c61521aee51eb46fd809f865c2ce93044,1
0x5ef3955899454a4ef736eeb359f1bfec292eea39,1
0x5f17c810269db742e9f98207843cf6334a82ea50,1
0x5f19431bc8a3eb21222771c6c867a63a119deda7,1
0x5f1c528dff93643d004d9e0b20b25ceb2c596833,1
0x5f355688dc460649738faabaf55067338b1a7da2,1
0x5f44496935e6e193d56da7072095795bcb95e4f8,1
0x5f6dd555a37d2bc04c2c732d44c26739cfda1133,1
0x5f97e9814fcbfc41ad6b9dd981d72832a193a2be,1
0x5fa0d75fdf94ff9b958377c045c9b7d502acbe7a,1
0x5fa8f46920c3d940979c4e74dc344e0a8003982e,1
0x5fb77d2d3b3dd881f5d4bc6da7a0f18fbd694463,1
0x5fbd18572e422e9fc7de48271ceb9c726b2fb4d2,1
0x5fbd8a57106bfe89c7551789ef2a27f1fc17e986,1
0x5fbe799de139710a2eb644f0410fdffbd5f189d3,1
0x5fca4914563152973b764c2543514ef9b6be3c3a,1
0x5fe3dfc3fca7b6867c879f2aafb8ce0a30760f9d,1
0x5ff1c339a0694bcc45c02e2691413d0d98e9ce44,1
0x60256530d074465406df460b6f38424ab5df6bed,1
0x603dca17dd9fc86055359c25a563774dc1383ee5,1
0x6044a1d97bba5e7413cff827056320d27ef76fe5,1
0x60676e210d3117ce849c858b1eba42cdaa8d8949,1
0x606c0274e6687d7b5a0cfe2c4c0da0b09cbff396,1
0x606f1c2d1d21db97615e7f6b9ce2bab571226ddb,1
0x609acbe89accb28805f554ebbdf01291aa923209,1
0x609b37d6a37692499b07647a6e54587419b2bba8,1
0x60abfaab599b78660d994ccfcca44668945e519d,1
0x60b0bac06ff5d46b3a4c7633b00f4933e3cddde0,1
0x60b9f285edbd8bd3554d1220b66be46b246abd45,1
0x60d2bc84a71af61b82d1b4168c9103ff6c4898eb,1
0x60d71405ff0cdf759f2459b278d0448a1c8988cc,1
0x60e5299f49cdbc13d152323105af462071b22c87,1
0x60ea59c40efc5b297d3b019fa26c217761d0c266,1
0x6110f7719e3e80d482a3b95bbf5433e1449314f1,1
0x6112402b6e3ccfe2dfb324ce3f1f428b1d5b31b8,1
0x612181772106aedc4114c939a36a2795ce101ae9,1
0x6123f74cbdae63e40a5d46e4ae72d0418ce2a05c,1
0x6129589f2e4bbdd7f73d243dfe06455e32bf8d23,1
0x612dcafa236688a1a31edf8a642917ee19473529,1
0x6140f00e4ff3936702e68744f2b5978885464cbb,1
0x614b89f072ea263a9387460963142e73548fbaf1,1
0x61526ca189ba3b508780e794667afa0c7c3002ea,1
0x6156373d535dea511a0fddc642f98a8bf18040fb,1
0x616e7830366c2a6fca58c13dfdcbf24a9772842f,1
0x6186290b28d511bff971631c916244a9fc539cfe,1
0x6191c173e855202083455859e670ac16a669788d,1
0x61b04d2b5cb1f1f8505e7b4e1cb3d9e8a0b15bae,2
0x61b1db66e53f999ce461a7e46550f084ae6005b6,1
0x61b8bb1636ae811b9cf2462b30925d41d8bd4b9d,1
0x61d9681f8ba13c31b32fa87112fd15ab29247d87,1
0x61dd5a121b61b7eccfd765a96ae36885cabd089e,1
0x61e5b700f4b20bdeaefe0eaaddb6816ecd403491,1
0x621a609da91b0b18afd4ab1cdb299327bff581e9,1
0x62360e1b9af83892730d88151d559671c60e5bc7,1
0x6240f68553a39a116a9aa4dac713aa2f922d4a15,1
0x6246f449ca014c97941f936e44c9adc075ae97ff,1
0x627137fc6cfa3fbfa0ed936fb4b5d66fb383dbe8,1
0x628f19ba9c79790e6bb7238bdfb0b512ed2ffe24,1
0x6298e18c627e6fad358f3e4633fa0fd54a88d015,1
0x6299f3940194c163aab42cf16ccc31c5bfcbebb2,1
0x62af590649b7abe80f8c6dffbb92e0875b65e37c,1
0x62c5ee7bcc0e336bc58fc2946bb9671ab2878f7c,1
0x62c868061cddbe38e01e7a8295fdcec72c10ca06,1
0x62cb05fc74548cb01b5d6c9c846bd0c06a42be9e,1
0x62ce6bf251d6276f603a8cc5167eb595c8a2b1f1,1
0x62e1e59f42c7367f771860d77a51c28e103af675,1
0x62e91b48fceb2b200177edfb0320e09a2bb8bdda,1
0x62f7c54d823d50c275778acd1943d4fa63bcdbba,1
0x62f9c93dca19e94e1b207da57e2014df0f779a21,1
0x6308a7922773e7a1d0d1b60169ce850afaeab918,1
0x63141638f37c77e4ad0189b76d02607a0c80a1e7,1
0x631572e93e8c5a506f7b67948ff8151ff3ea3a7f,1
0x6317eb170c1d2f117f0269f40e606a365b1454a6,1
0x631cd42eb1063d1fe2b49a78744f3094702edbab,1
0x631ec40dbae6ee11590549b5e270628840093a08,1
0x632965b903418b6ba76f48a6bfc92c8ca0963d01,1
0x632ea82ffb1dd1e9d9d4c5443d727d14dffa5dc2,1
0x633e44b580edec628291c627bda506c24bd1c4f8,1
0x6348f0bf88ac993ccbf575391e4bbf2577d5e7dc,1
0x634d25def6c3a02a96c066386ea3e10c0564344d,1
0x6367111560b632a0057e7648fe302a6a7534525a,1
0x636ba3be5ab3a03fd164327c373d6eae15b0fc22,1
0x6372d3c71aa13be4942b1c854b01608f97572e3a,1
0x63985b16931a9fe854fe63d3584b24f1ed082f87,1
0x63a9dbce75413036b2b778e670aabd4493aaf9f3,1
0x63ac40bea352df57f460c391af0a512105c142ef,1
0x63ad35413f1e126565d8e858cf3cc5e54abf58d4,1
0x63ae3ac11e93a55afc2f9ee30c604ecc2c90effa,1
0x63c2645bfd81bfdfaa960fe1f91166e37f808bec,1
0x63fe60e3373de8480ebe56db5b153bab1a431e38,1
0x6410a81973d9ab6e2f2644775ba597db5fecc3db,1
0x64228803a2ac6735e4ecc3dc33d7a5a259123c90,1
0x6428775b11a451e016cca6e4b7d44d0a781c7ea7,1
0x642bb479350a4f83e44f01e62d92c43d0e8a597b,1
0x64348d63d9caa4ab3d15470719e91d6d18627e39,1
0x6435f875e102cd3d6b40eb90427d4c994f2af2a2,1
0x64440444a1fd95d271438b7b0199ea5f1844661b,1
0x644e07e98369e45edb3985f48a6de31cd4fe2691,1
0x645a1de3483ef5aafeaa8f481564eda28e42e8fa,1
0x646ef8e3c8e79a10daf8f32621a3e468501cc3e4,1
0x6474183ade6709a76c3c411157f501d78b4c5482,1
0x6491bce963fcae210b7c843c4829202dc2479c03,1
0x64a8dda827deb895a36667d01063f2ab840e46b2,1
0x64ae07209fce5abdb56196df9a75ef00d1c1a041,1
0x64bfe03502dd1a218ac9930cf6e9499ae1b42ced,1
0x64f7de90dc79d775703bbec66a1591c7a26a22f0,1
0x651987ecfbb71d5b9cefcd594d37957653682572,1
0x651e134f87922e9b69a4341b170e9d71b93cbcb2,1
0x652312881cbbbf5c521e0ec81ba1aa7de8c69d43,1
0x652f80d782c8dd65f96f59fe2c1a933895ce0feb,1
0x65430cb840a26058c1d070df320fb9c993338e85,1
0x6544c2e87d0efba8b3c009e82ed2875566300e45,1
0x655581e6480ecd8edffbc5379face5869c678050,1
0x6561760f923431e8aa44e92fc87c69fba81339f0,1
0x65720aa2959d745a2a24bc779f05100a0217d905,1
0x6576cb9c44b7a8009b47ed9f6df1576275c4b5e8,1
0x65876304b2e6da8248094808cf2a2f6022c534e1,1
0x65c47a65cb2449530e08848e5af50faf5d7d3bfb,1
0x65de6475258e3736e5c7d502d2c0a45710c9ec37,1
0x65e6d2ce4c7d095a84433b6e10b4ee98507fb1e1,1
0x66104a8ade280c1fac0e6c1177a67e8a548510be,1
0x6611fe71c233e4e7510b2795c242c9a57790b376,1
0x6615b87546e64851f33515d23d70c50c3a7929ea,1
0x664e040a6620d74edda4d8137e799052eb9d4358,1
0x664f45ed5084abcf2f8e1a95e320b06cc700591b,1
0x665654f2d2a151be2d0f8e3697e6ce780f732af2,1
0x6666083ba28027fd6db24a3c1bf288c0f3f95807,1
0x6670decb587443bd054478e1cddb2174da760a1c,1
0x667d972da987c34e34d579215612ba75abe2887f,1
0x669390193e6120d6cc8ee6f261515cb67cdc7b47,1
0x66c1cb7d63d6dc5e049ce7667d8973dc35dfb427,1
0x66db2f6fdeb4d597b63f52da5be9d645906f13f3,1
0x66dcdc2feb9244b0bf1b882aaeb10ec86461fbc0,1
0x66e5761a2103d7d3537d6ac45570a0a9831c7f7a,1
0x66e758a9c70c1320ef3ae9a1e39ebe482d4d88c2,1
0x66fa06bd24294ab3bf123153e49b9065cb7672e7,1
0x67062048df30b0c70c6841b60b788e3275400799,1
0x67072eeee412f3f09fe5fdf09aed5f260ddbca1c,1
0x670a840848eba22eb2a090fd65e1ff60c3ba9e5b,1
0x6712986a6050ef0c1ca26e6e77c6cd40312b1065,1
0x67215dcd278741cd42a8249d37af2f0a2a2f7960,1
0x672bbc4d659cb2c0cb2862e80fd9df7e66caf874,1
0x674a89a0c5e945d6232e979168412adf1b64ddbc,1
0x6757b9e9a888b2ed5c490d99a202240bbaee34bb,1
0x6779541ee2d747813bdf5338902321b3c5756882,1
0x678e94e3fd84e19da4fa59f0898a109acea86cfe,1
0x6793f8cb15b844d6cdec06bf7d37975615451459,1
0x67a3a43a55bd9cbfa5d696a7ef2d57e9e0869fdd,1
0x67a90218cc5fc1adde45ad27a257f268023b2ecb,1
0x67c7ceb412903628c335d6bca40b2a9b7df6272e,1
0x67c87c11250a3dd2c459d896d862b0c599db4248,1
0x67e22007e99565ae526a7893d7a13859fa2fb240,1
0x67ea5cbe1059d53e4580db289721b75b0ca963e3,1
0x67f32010d0c4f60725df8a2d238b1a3e269d86a5,1
0x680becbf3ae0a18a0fbcdbf4b7e60cf4560ad578,1
0x681d3a2d1d19e7186edd13a9c08574ebe22d145e,1
0x682013228a28e63f3d85137e6ec92a4973a6f5df,1
0x682a22cc35ed04088bd8f8511f3503dcc3ce8572,1
0x682d65dcd3d2788683b49ce86dea7d776eec3a4e,1
0x6846dbab5ae21b5c3ebbff62e1ab90c971bffd21,1
0x6850d78856401677add3b885c1769f25f3084de3,1
0x6852f662c1040daed151395875c3d6c3ba68c61f,1
0x685dc31c389ffa95284fd751ddf9030a9b9bc9aa,1
0x686410bf268ccf505831e12476fc33ae347ffde4,1
0x68859f535a63c5306bf24c352aba0c3964ef503e,1
0x688976844782ca545968d368060744900c5f49b7,1
0x688b8b1a462623ecb3d22ae936d8371371ae68f0,1
0x689fd9a89c8ac640ee7ce6d1132447e68191e61f,1
0x68a7ac13477aad590982293feeeb786a00276cf2,1
0x68b2fccc95d565aad751d4ff55cfe001a6ba5a5d,1
0x68bca5a8bdebe05fb8a6648c7316b4eb7e19a064,1
0x68cee3e57bae218780274fb22248f35528b94b6c,1
0x68f2738291529abad66a61fb01907f32a9b0235c,1
0x68fd77f58669f91c8dc407530535cbcc33641b9b,1
0x692c4d4417b73a067f352a281636be8e1a4f8613,1
0x692d6cf19e0c082185e20ff5ea6bb267e7aeb278,1
0x6945ce78792770b0caa3bc8bc75a709a0cfa2b3e,1
0x695626a661831a618ae846482fe8abf6c8d4529c,1
0x695a45b7b6f74165faec3684c25f77f3e4e0928c,1
0x695a74940969a12a4846423375ff582267fbd827,1
0x696ef7ffa70b25666e394a095b0d46b2c17a2662,1
0x6974f1d51758fc98449f18c7951f1f5bba170cbc,1
0x698f3eaf3defee3c5a00b64bd65feee9015d6970,1
0x69a38ed944d269a2bc6dbd9fae6cc92d51f8ddd3,1
0x69be4a85593089c95f5d8dde2646dd1d9dd6c97c,1
0x69cb8aeb24b1a5bc07d34d91135fc4c9c3f99c23,1
0x69ce277dca65fd8ad750d771ddfb319f2adafdf7,1
0x6a3d9412a705f5531b029ef4a7b8040e1eb84ad3,1
0x6a3d9b9dbaf937fcb844bdf74c406d0da3183c1a,1
0x6a600f551db5f17abc77df45eb79409de72a452d,1
0x6a626e2b9aa15c5811106270b2f29fd8e9eb2b4a,1
0x6a675a019781c7c1257dd8d38e211e4c02b72530,1
0x6a693a682f8cfea669c3170814d875107cb3accb,1
0x6a6b3bd1767519d134e7da6c223857e3f92a250f,1
0x6a98165488f3d48a45eb221ff0e2a60963acfa63,1
0x6a98196d1fa85b033e0c3964f50e53ee92157c6a,1
0x6aa80bca0e8047eac7af3d47c6983a6611f0db4c,1
0x6aabb800cbf452db2e3980afcf9bf7be1baad57b,1
0x6ac2c8ea29adfff9d131adaedd5dc60c5d8ccb0e,1
0x6ac4a6993ac46268cc333fc84befccd202ce550d,1
0x6ac7466fa71c7af32f4ffcfd20016eb4fc9ad879,1
0x6ad8fe4e495e9709be1a2cc8a04646078e6b1ab0,1
0x6ae5a96c3d8197dd3f0def5bc1102fc97c4353a0,1
0x6af0e6c8d99f0b4a804c875f68b050a2c6deee78,1
0x6b21fddfca1ce1985490cf630f9e5fac465ab55c,1
0x6b268881e12bcb9e4d550b009ba39ebb9cbaf9d7,1
0x6b2b7811b7073197cdd1e4a29e8030caf574423a,1
0x6b31f90932d6a01ae3ab973794de98bd46632e25,1
0x6b325931bb9f0fc4fa952a3946f6c1b3fdf3960e,1
0x6b3f465e00baaf9e3478a86e253aa6620720f3ea,1
0x6b43e0573ed1ba852613609151dda89c8e95479e,1
0x6b4fedc18a1e8cc0523e56cc9b45080e1ea00005,1
0x6b6192f3299187dc68306c0ab43abbaed8ea4aba,1
0x6b6ae848f555f70944bc99d736fe29fcaecf8b23,1
0x6b6e4c3993a23bb937b485c291051621e87654e4,1
0x6b932f13e24a51735354f41906e7a4858012b169,1
0x6bf2d5c6a05d871997391f532ffd2249a13102e2,1
0x6bfd74c0996f269bcece59191eff667b3dfd73b9,1
0x6c0aff3a716292f37c79bc726964941f1d8ee819,1
0x6c0cf880cb20eefabfb09341fba9e2bd29ad3dfa,1
0x6c26a0f47cab2ab189c23f9c1d2c78a8810ac482,1
0x6c2b4491ed676950abb902b1020c6d65487c5b0b,1
0x6c447537ed9c6928492e0f2882278ac530892ff2,1
0x6c5da1d8a24f01cd70cb4ad0ef474cb092100793,1
0x6c74914aacd0ac99e063b9a7ad0248bdeadc92a7,1
0x6cbd72900b2e1d6286b108c7d45e41660b6c3195,1
0x6cc9b3940eb6d94cad1a25c437d9be966af821e3,1
0x6cce4fa68bf960feac2c87a4571b1668ca5c6bb1,1
0x6ce4235c42e803eaf8e25ebfb6a6c3b35caa8192,1
0x6ce6b0dc43eb922ffc274d7f8f9ec69621640bf2,1
0x6cec4deec19008919d8fa17ccbeb2d7fb1240f61,1
0x6cef15e37392f13d0873dc18497ca8087c681e01,1
0x6d745b5bfe909c7ca49499e58db787021537c9cf,1
0x6d790d9e11e8bf869cb4c8d800f5fe57d94fb8e7,1
0x6d827cd366e405ade932313293048d8433ed86a0,1
0x6d8dec3fd68d94a7189a98346ea52b4d32e00012,1
0x6db77aab7dc0bd826f30fbf36c4e06c8f9494f6b,1
0x6dc0823f3a9fd51dcf1b6bdad13c650465c14c58,1
0x6e0209dc8f4d526562c19756ecbb4de950c44852,1
0x6e0c699013aaa4281e3bf5965f33a0b31044b1c9,1
0x6e1cfebfe4123d43a7f4f77ca77785cc9c8cde75,1
0x6e2265281e45e82857e9e9e4f849aa217eff0a8b,1
0x6e37d79b4744dd82261cfb7b4ccf77fe513be06f,1
0x6e3923c05f1420a6852164a6a6e3ed958451616a,1
0x6e697eff642e3c39623d31a7f5e46f2ca6a3487c,1
0x6e7142a1a702da242e94c6bef6056d5c44229a87,1
0x6e7592ff3c32c93a520a11020379d66ab844bf5b,1
0x6e7e1b80df0b6157bda1e0a9cd1a271e77ce6a12,1
0x6e8fb75d1bbc5d549c53443e96935e921c5bbb40,1
0x6eacac8803b4e866f5488c3efb145b48c018c1e5,1
0x6ebff6a1029c6b6724430867f123d1f2c394932f,1
0x6ec2997cf35457daa9de4cdc989c697d921b5285,2
0x6ecb6038d923606b3540c4c6ac267c73ab7fa3c5,1
0x6ed3b1ee105e03b6e02987f8ad338b32c54ca7fa,1
0x6f04064808cc4fe0a57e376976eeefcbcb201ba7,1
0x6f0735bf1e6c69030d6990cdd580345b370eb50a,1
0x6f113b0c8c7266d7514e4986e3d6aaf013b6754f,1
0x6f1e60e1007dbaede8660e81091639a7b9e5d410,1
0x6f258a8b4001b9a9b0118d85af8bb356157f99f9,1
0x6f29b75a94f8c7ebda6c92975cc9d4968f64b6ff,1
0x6f54c650190b44ac9efe531380417ccf12d2d06a,1
0x6f632dbe73adf10cb40763bd9f27c95c74f0f579,1
0x6f859f726d5b800519ea6021f178b294709c2223,1
0x6f8f3f5463f9e4fc802687acdccbf4ea358ef5fb,1
0x6f9b6578b5f3cf1cf9b28aae8e74bd32f9fa8dca,1
0x6fa60d8d905c273f46ac50dfc10749189dcbf6ba,1
0x6fa90d9f0c1ff891e3aba29813bcc219e8e1eeb3,1
0x6fcade9de3ab9a1e57eab1684cf30e2ceba234fb,1
0x6fec474030a273a673dff02f83bb1ceb9de7b82c,1
0x6feeea64029f73e690ea024d16b6c3436a7d4078,1
0x6ff5ca0f7016f6d0d36d5e6d2f7a9a622df7efe5,1
0x703749854bf8922b4f800b071ef684e189e43765,1
0x704e819deccef4884d3496b168fb2242747e91cf,1
0x705200b2a465f909637b71e85a04768d3a6f46fe,1
0x70708ae84455018b45b6f3ef24ef0f761331072f,1
0x7079bfcd09ac050d3c8ca5d230336505bf5beb8a,1
0x70c82d7d99c1dc9835aa8d1e07ebe2a0e8160b2e,1
0x70d207ebe1932fc0c0e582c075d8e443297caf9b,1
0x70da927bc27dff979cff22493e1ba26f3a61d941,1
0x70e680b9493685f72e76243c09993fca768eedf1,1
0x71362355d840c5bb69f21cf7402b9ccd6b8dba99,1
0x7136b65ace372c9d8208ed0f79319c175498fac2,1
0x714ba1e9016bc1fd3c7ee11d341271272327f316,1
0x7163fc33b1826ef624e3a24ca0f09ee06871f6d9,1
0x7166cb80229764e42d45215d12164f2c67d10981,1
0x71796b933a8768841e2029bddfb291abed794594,1
0x717a578e4a157ea52ee989be75f15957f294d1a9,1
0x718e7b7e03f9370394cc8a3bd41b395c72b90fa2,1
0x719d6ca6e6d888d6d411f177f958ba38f502fdd4,1
0x71a5c15a7dcd86b3f314284d1d1e956d10903999,1
0x71a7702ff3d858a0853a918fb44c537740a8bde9,1
0x71aa6c4e87225fcae2df49f977c7fc0d1e8d2112,1
0x71d13056cb985d985ae0f1877818b91d9c4cbd05,1
0x720a4fab08cb746fc90e88d1924a98104c0822cf,1
0x721027ffc72e20580a66e74cdb59f62435bc2ee7,1
0x721fe9de376bd927bb15fd25de41bf3d420b8c07,1
0x7227b7f5a0f89ae9e514c2b52d127ba87c9e3298,1
0x722e2e4c15be1fdded3c86f4100bc32b181827f5,1
0x72426ce863dbf454fe945fc3fd9087d4a94113a8,1
0x7246a64758c8bb1532f6076e81fd58ab36dbc66b,1
0x725914b2c9ec77e18a1b12c63a0c0f050df9bf3e,1
0x725ddfd71e48756742e3cdb5e5fe553634c2a3df,1
0x72813a7be33f07c2430992901f952424d24637b6,1
0x728621f17db0bada19e9eb5828ea7f3213d41a97,1
0x729810934f97adff9c06627ca19faf6f92cd3e46,1
0x72a83eb243e6e50f1537a55dfc19f1d3bd976e83,1
0x72ac27b11bd68a6a2cf7c1942ee2525ec6c2baab,1
0x72c12be520f671190c12014caf749f0df21f10dd,1
0x72cea5aaaabd1cc5232bd2117e5d21e83cbd0e51,1
0x730a2f3421b2967ce8e9ae1f839839944626812c,1
0x73406d38bab4381d8e3755b5e5a18967506cfb77,1
0x7347ca865744e027cb2b3f93f6345b589d4f2246,1
0x736a36bac948d8940ed9fb6f97aef2f1a102f8bb,1
0x736b3ab8f6b7c290a906b12cedb7fd83ff94aef1,1
0x736c59799f010685688f8db6c38c496909b57bdb,1
0x7375f7dff8b75b88cbe99e8a4791fbc442091732,1
0x738027f2d60d05b3b136893fd9c97a75f737bb8e,1
0x739c6cd894603ddb5e974f597d49bf5ae72727fb,1
0x739df6cfd1b90bec11d90750d805f0b1b875c83a,1
0x73db79faa288b10aa850931d2794ac58ffdf5ba7,1
0x73e4a2b60cf48e8baf2b777e175a5b1e4d0c2d8f,1
0x73ed02129dec10ceda24f06174d093a4342cbc2b,1
0x7426b39865d11207b8f795b10d70843fc3289051,1
0x742fd09cbbeb1ec4e3d6404dfc959a324deb50e6,1
0x74619cfc7ec552e5051c181f49428ccd154256f7,1
0x748ae2ab93bd3c4f9047d23440c8c4e56e32a969,1
0x748be92d1b41cd9306b3f88986367952fe58c767,1
0x7499003740393bec0ece8745e099c2eb3f59dc9d,1
0x74acc173f943abe0c54cc6acdbb1307715a796ab,1
0x74b08dde0ec769d168b5b20b26a21de9db1d696e,1
0x74be0af0bf7254328ddffc09425ff71d64a1a836,1
0x74bfa6fc87e23d64451f5bb084b6fbf79f46e495,1
0x74c7e104d699193d7cbeb8ae4b5e1174468e3aed,1
0x74f3bd4d3bfe3b589c3bb151b46b6ad2d0c4a101,1
0x74fc246e2eca4aafe8d6d81175ee69c24ab13d97,1
0x7517220617ae16b151d74d97b02f95f495a3e8d6,1
0x752b6547734c389311fdb9b03a83c2bb4df9cadc,1
0x752bd1581c4b9bd8755ec99ff69b119a8e9e8dad,1
0x75331ebbe0b00b97cab532384f13c9b479f074ec,1
0x7545cdbccd780dabad6ada8279d82e5ccfd4bf88,1
0x7546c60ae8d65dc6dd7a0f61c169818059ef49db,1
0x7550af1c162d4c74292a5018341fd9cb5427a0c0,1
0x756ce9c56b02f05b5faffafc707b552bedce83ee,1
0x7575fd8a69005f3f780bd745c7cb78b540d3878b,1
0x75850227f61183759cbbfe2b3fb196e798ce0b95,1
0x758f3ae0ee6050153fa630725c1fc39a3002fd22,1
0x75948a06e1eff3465244fd32d4f79b5e9dff4799,1
0x75b3be9ff1cb9dfbf61518a063af6033d611783c,1
0x75c9c9de970362127f6b88d1ceec8be945d7a7ae,1
0x75cf6e0dc5294bef8cb5a6fcd23dc9badbfc443e,1
0x75d4fcaffb56055bf9df3574d345473e31a16076,1
0x7615ceec338bc6bb94bc73e5f8e534b8157c653d,1
0x761c8739010c107e2be6a37fadb2715029f17b9c,1
0x762b2d5dc8009efa736dca8d59de7ec97a86b134,1
0x764abe778aa96cd04972444a8e1db83df13f7e66,1
0x765718a8e4a5562be34b122af259ce5a71372e12,1
0x7661ac614853647ed12820321b459488dc007d92,1
0x76672b35d6268abd27fc2fa17c6568998f3dd19f,1
0x767a3604750858fd489a50085d441d2d0d44984d,1
0x76807f3d69b1d38f9d597e902f18dab0af926b8b,1
0x768a216946b3b76daaf267da8ce989accaf7f7dd,1
0x76ba8674f08b13d6f78d74aa00c594cc9ed965d5,1
0x76ca6ae08e9b527129e64783af9a8dd3cb27cb23,1
0x76d01054ff91afc2d515f7fea9a3e3313e248615,1
0x76db02500f7631d57bc2dcdca9d4cf782b99e119,1
0x76fb3c5abe51698f18eb8cf34b0e6f079aa273cf,1
0x7701adc43d5d3d8cb637d3ff6957a92325ba9d20,1
0x7707eddc233d6d5113bb04304ceaf7adfd9bbecc,1
0x7708c6722e2cc962d8d52ef248db909ea222a17f,1
0x7712cf8723161d62aa72c291cc1077fc06ca56e2,1
0x77375a8c9d13bf79afb2a87f1b0ac1dfd5f5bf66,1
0x773d715200ab5c07f39db9772e3c83c48534a585,1
0x7752b8309f40c3e54ac5064e9e4e01253ddc96c1,1
0x776b818b0464d499458a7129b758e93146ad15c4,1
0x777818f48c69bd2821a1d7e259b64024c5a0985d,1
0x7779756dc9f66a5f769f34bf0918d6c180783bd7,1
0x7779eee2d5e97170eb42bd9261d0f63396fe505a,1
0x77f1c07d929dd647c8614cda248477481cc1b020,1
0x77fe0cff9cc44496c299c8cec61fbd100643e4e3,1
0x7824a0fe9d6e89d80bf94b661f5425b868f15643,1
0x7825d1967c8dc8a315e59893499f0b0a00ed0e5d,1
0x7836ca1807b793ff9f2a67c9568d8eaa25e49b2d,1
0x783a48939cc72c3ffb6ab5afd4f1b069beead8bd,1
0x7853010ab93f48ce78137703f7f0d21ace194d11,1
0x78641fe15fa46037a6458698c774f0011bd0cd58,1
0x7865e1795d185e8006820dc8bffd674b4d019eaa,1
0x7887ac0d9d9bdb579185373fd714684bb9e62ca3,1
0x78941100d90c5b66b05b52e720549e8d33e89cdf,1
0x7895e668bd43c9623af538f274c06cb22cbc74f2,1
0x78a1450692a739396475ea201a312942f9fb0c2c,1
0x78a2f22d134bfb3701122f631ee3fc2bfdae87d4,1
0x78c74a90e80b4d93b911f979839cf764be00b4d7,1
0x78ed2709121bc4b45f78d44e4a651956f5d8ee99,1
0x7900b02888ac540de93f9bc64d9c078c876c8047,1
0x7901452659903ea4e59d7f88235cb2c51c518bba,1
0x7921dcfa9f14dc980d7e8f946b7bd223624c3db9,1
0x793b5969ffd677cac479511c0daad974750892c2,1
0x793bc3ccbd64a1646f52aa5c53c695f4bcd84cc2,1
0x793e48857f3ccdfe5cf3c504b6dfc7e8dab5b0e1,1
0x7960aa28595f4d72ef1843eff99d6be045a819c2,1
0x7972bc68fab9b552963977077b4cde82da1722e0,1
0x79745529992758f9f286f976cf2db76e9b8b322b,1
0x7988dd1dda1f35542a2b8d5f7de575563ebf068e,1
0x798abbc22fd724bad4e755cc4216503602299da4,1
0x799e1fe921d587d7c956e73e95ff6103dc3e7883,1
0x79b41c3e6c9ccd4ac3b6fb321f0674dbc445b18f,1
0x79b5259dc0fcb44f9751bf9f78f5ef46a7958460,1
0x79d55cabc1daf0e5ce5352ab6b8d267074136917,1
0x79db3dc52bb78f3611402ff5c2cff90c3fe14659,1
0x79dd8fab0661da2cd4131bb454bab060576ce2ee,1
0x7a0e665cc714cd9f548a1a185e3dcf45d6e46109,1
0x7a1100bea777108194d6e0a9b14fcc79190df721,1
0x7a202d5545ff0fa5674932ebec5f63b51635318e,1
0x7a21deea6b1b9df128a36a144b19fba344ffbe55,1
0x7a231b6d33f1da74e9fb593bc785b4914a852867,1
0x7a32f1b6a70816a821ac38e1a11932c16a7b9c13,1
0x7a79d66fbe8ffd002ecb1a8155a3b43a1b22fe1d,1
0x7a8f1d7566c5e62245ee7800f5e7b719b5f61c8c,1
0x7aafb9c3289bef84515b501fd5f6015108bd44fb,1
0x7ac8882faca42db885424c1a0ff233020192ea37,1
0x7ad225751ed67118e9f54f87e08f64e43ffbef0a,1
0x7ae4784a907460858231609f565bd9580f609b05,1
0x7af2e406bcc85580f2994f6cee959b280c6e0c32,1
0x7af6ecd8c7bfe0039acaddd76cbb99b11afe426b,1
0x7b0883259c811126203ef50e559b41154cdda7f6,1
0x7b21c3af19a2eea14ea61ab55d0a0c389bb15210,1
0x7b220358c3ec9ec03b08120dccec56f16fbf33a4,1
0x7b4e32d7c0a0bab8083e3e9767a5af2472b5ccfe,1
0x7b65611bea4ddb8f60d9dd8f03a0c512a0959201,1
0x7b6c61b9480bfb32a5dc710358035160136551cd,1
0x7b7736a2c07c4332ffad45a039d2117ae15e3f66,1
0x7b96fd1b15c9f4f40a53a0f5ce34ede86cf312fa,1
0x7b998843c2b79f0a130eefc6b0f1f06f4cf50346,1
0x7b9c7ce84c0eda63c5a8a814aa743ed384b77c09,1
0x7ba56e0719669c7ab8789fa5c9f0b236bfbdcc5e,1
0x7bab4136e2135c5dbe996961a286f39a33c97c76,1
0x7baec26d7183e744f2214e98651936ae2989daf8,1
0x7bb055240b4cf366c42d2d5bdd3e731f6132df44,1
0x7c00c9f0e7aed440c0c730a9bd9ee4f49de20d5c,1
0x7c0830c2fc55e23d23eea9ae8536bdb43dcaba4c,1
0x7c199419156522af863b20b8d6c811c62781a9ec,1
0x7c453212b25228c25873631140d063a8ae722cb3,1
0x7c5713b72a0833cfe3ea0668377aeb713b7934eb,1
0x7c59a1ddd7b8e5ba683941ea67b20b93864ad8f9,1
0x7c70a7c6fb919d7b5b0f929061251538e14175d0,1
0x7c741ed01ee259feba4b7f9cac114f48bcafacf3,1
0x7c8eff962e1529f5ead8255c7b0f364288cba4cd,1
0x7c99670ecc3a57cd1a8d1bdfc8e2ff5b4527b382,1
0x7cad02c1e53decf5d1102a4b9bee5de79c6d2e18,1
0x7cb16d7a2bae0fa1503fb3cadb3e628f26394702,1
0x7cb37d1065a6700ccf097423cd13f1c11c29357d,1
0x7ccd2ee72a75f7e4776f598c1be11a119fd8d191,1
0x7cd83e3c62c3e5888371004690811a4ccfab2cda,1
0x7ce438bf068c8f47f0f46cb7891fc7fd0956f117,1
0x7ce909a87d28b788c60763953c8b74ee211e130e,1
0x7ced10c2c2c6a70c4f5417f7d19b38ec10e65824,1
0x7cef7db4289005fd56dfa6c73bb2be6ec13bc250,1
0x7d0a4829846a1207e99eeadf3891800422e11ad8,1
0x7d194819c9d7f6314df54a5b891bf9f7b4ae41ab,1
0x7d32111f7587d429efa49e455cde4ec1375da17f,1
0x7d72cb94b93ac5413364d25b3293a364879b31b1,1
0x7d88f221e9ecef9eef118e0d0e8a47f81b37e0b6,1
0x7d9c90e4e149adcf19cb3df9bb38b54aaa0f3b33,1
0x7da70ff4372512b0abcc050b36972a35e85fb0e8,1
0x7db0fb04cd73ebb683a13f5e0f538ec65bcbf5ae,1
0x7dd14501c25c221ffe213d7d56d225f4fe411038,1
0x7dd18efd62a5ec66abbacfb4938be3ac6692931c,1
0x7dd270ba55d517180cc8191be5a44de4f97b8a0a,1
0x7dd758d5b7e10bd45cef5b2bc79d17bf45192e10,1
0x7dd7624608445744de04db07ed6761346a281b3e,1
0x7decf7a31168778f311c57b9a948abaa7321001e,1
0x7df56683fa4af22ca8c95518022218dc9b23f8a6,1
0x7e19b79574d5f0784637f39c953e2a44e6c5b2a1,1
0x7e3b9e461d1ccd4d0ec4cf09fc1de9d6d4e335ac,1
0x7e4fecab0c4be0319cde22673460540d8dd553e6,1
0x7e9b89831a0fe3fde3580fae1cfbae739b4ec307,1
0x7eb7b39247e67eec33599e91648011c493ea9921,1
0x7ed8fc8d3983c6219af28d291f8d52a4d698daa9,1
0x7eea36730330b29466221d824e6bfbe4756c750a,1
0x7ef0729e3999a5a4645ab78a80cf72d3631a0f05,1
0x7efe3ac6ec0ff5b6136766ac79a97c1e9d8fd585,1
0x7f174fafb04f4bc8972519026a4446c6ff7cb2d8,1
0x7f282d7a7857855b7fe70866e1532aedd3e0dfbd,1
0x7f5a0a6847fd0fa05c13cbc02f435047b429e37c,1
0x7f6ca49d1e50671a586a76bb082dd6b3f73fef17,1
0x7f94e30381aa6657c45833ec7fce2e493c1888ef,1
0x7fc3dd768031af344ebd6cc27c449fa57a582917,1
0x7fc4ddd895700ebdb812e055a9fdf64276e94eb6,1
0x7fc98b82710dfbd93bc2644003d8687675dc80fe,1
0x7fd2584729dbe0aa8a85f81550b4e7d3b28621f3,1
0x7fda2e05ee868f3968419cfff608ea73c29050cf,1
0x7fe44da6474c7c178c565b568dc1a1ccbf898459,1
0x7fea276b23dacf027691b51bc341173cc41dc918,1
0x801707059a55d748b23b02043c71b7a3d976f071,1
0x8019eda5e247ae9405b9e0d4b2d9e42708b50e96,1
0x8036bb84031e60a1bac93078c0e59bbd5e485db9,1
0x8037cfedb47d493a391dad76c4f60b8927cb8108,1
0x803a28c0817b54fec6e7447d3c1158c2f59235b6,1
0x803ad34ee18a0d0a5103eedcec1df343848b3382,1
0x803b8ab91fa9d6819f3c66665f4dac03b744da64,1
0x80530a15a95c0a1fa388e35752d2aa28b3fcc432,1
0x806060718758cf19257625b146b39643705dc12a,1
0x8062b07294efa89960d4614a2794e81803c61761,1
0x806dc4313552ace9e0c21834c5c42efb02f7bb21,1
0x80795df53cd359d98acba7348db35cf301162f7d,1
0x807ea4c5d7945dfea05d358473fee6042e92cf37,1
0x8081a75141dbc89f70d31eece08ff12cfe105e43,1
0x80845058350b8c3df5c3015d8a717d64b3bf9267,1
0x808a023b72260170c95d831f589a1ae0dca1e43e,1
0x8097357f144552454c7f80e9d8395ffbe9e905de,1
0x8099dcb5d0fbe0c0b45f10c4eba244428a4a725c,1
0x809e1e2725dbbd8d75eb1a460880932d2e1d4c1f,1
0x80c112a8f03e5e6f417943dcb03c7ade1cbae667,1
0x80ce7206da1ed2804d645a91705212ed742f285d,1
0x8111cfeec0fe206f7d2eb45fb5dd598b87575f4a,1
0x8141d5baa45bea68ea93911a044623d635cc356b,1
0x815deb2d29a8f4b702198c67dfff6954933241e8,1
0x8169cecd991392586828011079f29d05b6a9edcf,1
0x816b2d8dad051716a58271d484e5cc12fbf5096a,1
0x818cc0c680ad26f830404fedacb11346d3110502,1
0x8193935013a94db0b1fe5858783a3d2eb39124e4,1
0x819c06065963041908fdbbae2e8d9a80f0f53475,1
0x81b2f8fc75bab64a6b144aa6d2faa127b4fa7fd9,1
0x81f40fb6c4f2a4aaa40ee56111258948881bc45f,1
0x81f9074cfac6ac6e1931da2e7392428a721d6410,1
0x8216d02b21710a47367f0548bf68d86cc71d0b67,1
0x8225acd14d2bd6f0ea58047ccdcac080879bbf40,1
0x82410609593d876761681580cf304c794bd58d09,1
0x8252df1d8b29057d1afe3062bf5a64d503152bc8,1
0x825831b271b2612d239c4634b67169879a06ce26,1
0x825e41fda0c3b05cdfb42dbb95fb3fe522e32b98,1
0x8276526a02619e3aa1e7b8da177048dd4c4e69ed,1
0x827af7ec6a9ec0d3262a77a2e80da82f1067be3d,1
0x8282d7e1a0ac8cebc764d5af744ab8fedc5f1e3a,1
0x829ba9adce5735facae6ace102bbd22cb9c734b4,1
0x82a214b23c0119f0c37be360889927d68c2caab6,1
0x82a62398fb918520e26dbc716eeafe0044c3e64b,1
0x82ba2d6184cb07c46687a89a62c4a9b5c584e87d,1
0x82c66866043593fc59b4e6630b4455780fa89e2c,1
0x82c86a79cadcaaa999c8ca197a82abbfd4805f0c,1
0x82e133653e5069a61062b28795ef19a99a3d2c75,1
0x82e5842494f1c2e0084ee9019fdc6d2b20f76638,1
0x82e8a068ff0b7681108b52a3457420824f728196,1
0x82edd5912db7d7fa9608adbd8f567894143c7287,1
0x830c47362766804dc43fb07215c3c50a09cc572c,1
0x830cc132dd66f6491ceaa20206f398247143d9cf,1
0x833d9ba4dd8a29cbd72535137f0562199b15f4c8,1
0x8340b34fce3df652224a6e6661acc1e533a1ab0c,1
0x83440241d6f71b7f00743be00b38d2a7edc8d275,1
0x83497a18c67d0a303d20e181d314b2633ecfb1aa,1
0x834a9484537c2760ef6d6e6736d1ea800d67966c,1
0x834cee2c58b212d37be016f303bc46e8184bd864,1
0x83544f6a48ae535350ec73c702758e40493ceb45,1
0x836ef17ef5063ffc1b056d7cb859880e1fc7f89d,1
0x8379ac05ef71f982d497f392dc1a14ee859efd95,1
0x8386262bc928b5c7a0d19496c4921adffada05f2,1
0x83c8417e1fb748fe7113693deea5dd6938245702,1
0x83cda37b8f6d7b4e4671fe087a9253298628ef16,1
0x83ddf2744069c9ed8d80f25fc45f9e5a44013e49,1
0x83ebd60947d9ad164a7319b7978b21b1403743f0,1
0x83ee0325fe8dd7d2734c9191bd5f7c532951dee8,1
0x842d7309cdca0ff948c59d51003968e6d806e28a,1
0x8446c93b26a7dcf8609e4d38139dff125f62a30a,1
0x844b5c19ebbb87bbe6124e098091ae423ba275ba,1
0x844fa4379f3c92f79b32f92574ed3694c2b7b49c,1
0x84624fb8b703da691f6b84c559990ff35b718861,1
0x8463d6ffcbfb56bf20ab2e1111f9a0e8359533f2,1
0x8469a0c1872355ef6e418c04189d6d1da012a0df,1
0x8475ca67cf7720da1fac0da3bea85e38e8814974,1
0x847f412775a7852242ef3450651cef32ccdea044,1
0x8488f78d943cf6b5e1231c5370fed186ba7a3044,1
0x848b1bd3a1225ed363ae2d1f870e55a6910dd5e2,1
0x849a27048de274c084f42551f395823f8fa18f2e,1
0x84cc56358ce4effef5b9357f1de5ab693e2f6c29,1
0x84da5f835da477dbc4426aca0cb9f1e4071fa9be,1
0x84df1fb4801e72cf6958a994dc0b690f9e7cb23b,1
0x84ea8215947e5484ee59818b789de9b4555bcfae,1
0x84eb170eae92370d9886158e45ff9c2a015e6730,1
0x84fbcfa238fc3a94d6adab4e24f6c4096cd34903,1
0x852548338cd5a8de1384fde3bfc678a8669c0f4d,1
0x852eb505cf8b29dbc87bb52e8e93275cc8c76ad3,1
0x8532736919953323212056948727730792196584,1
0x8532e169c71482607aeb7d17e4325b25ffe92738,1
0x853dc65b4f2390deb2c8aff1f97ba83b0d6abf88,1
0x856565db827588a88780454863f98a4a323e13aa,1
0x857491e9380c57325f290c7b52434206d88ad889,1
0x8580179d27362ebe7a729d86cad489f68188d925,1
0x85a30ede5e46029457e20d55427ee8673fad7762,1
0x85b7f6346a85ad39a83e0b37c99d7edc00fcf9c0,1
0x85c5ee8362de1249f9685d3184e72f4bb7ca4e98,1
0x860373536d0002ff3d61ec8882566df069ec94bd,1
0x86041360aa7003909a6d57e0ebeb86301fdf2d0b,1
0x860c2672b77cbe1634d9b7a2dcfba74ee44a5fd3,1
0x863c9aade08c7e024a4c7a2884c6024711ccb11a,1
0x86427aef37ada2b3d643d4267435286b3465cdb9,1
0x8668681d2017c2322d7ba37070a8ea223ef3729c,1
0x8675ce61d76e57fc746fc9a966ba9f22ef69b5f1,1
0x86aae12834ee7e063a6c3364e92c3a4758fa76c1,1
0x86bbc96a6c4077f5b10d222a308a7b248deba349,1
0x8712e9643e635354e6674d17caa88013fe35497f,1
0x87240415099f5a48feb9b2c85fb5226162ffc73e,1
0x8729250ad053ee455b55d862fccf1030c2eb4e0c,1
0x877d45306e8c7506e9a20c9b7a79bdda97c4e7fe,1
0x87bddc08871da3e3cb8665e4ff3be6a1906d0a9e,1
0x87f00532c65c4789baf88d81daeebb65d4b92e04,1
0x87f7a53f3f7047407a84e7731ef895a7d0d59cac,1
0x8814db36ca19255868da8f4dd74748e5bfbbc7fc,1
0x8822ee3b9e654be0ab040f0c8893d2a7c4d10f83,1
0x8826c9172ab70479c95942d33bc15e827b2897db,1
0x8854ad314fdbcc275eb0d5f4fd6dd86ab7981cce,1
0x886478d3cf9581b624cb35b5446693fc8a58b787,1
0x88889778402dcf6cf363bb9ac47f7a2d8e77a2af,1
0x88bc3eb0d557ad04280e9815b3ac57a5740d1296,1
0x88d3574660711e03196af8a96f268697590000fa,1
0x88e19b5afd3bb958cfbdeb74926d6666c9dd4373,1
0x88e1f630135ee390682a1fbebcf92399e8535e90,1
0x88e3abd225c5f9bdf4b74b74f29f95ffd6b92844,1
0x88f038389cbe95a917042bdb0f3afc434c680edc,1
0x892c1db1402f96521d95a946cd48461b827c4121,1
0x89432b60ed226542cd3098bc7c8bbf664eb82320,1
0x896b94f4f27f12369698c302e2049cae86936bbb,1
0x89add5a0600daf2fd3d4b4d780582fb1b699b6cf,1
0x89cda51640943a267d39382b3da6f35b36630f17,1
0x89dbd46209c8a6dd8bb73c2e186d526114e74d9e,1
0x89df7f437cec179f082f6aa6a425d74c3be9b33d,1
0x89ed2f97aa821e26a2df94e16584ee0799a0f8ef,1
0x89f5f528e60a29403867aa368e54ca043a3f4ae1,1
0x8a03cd216e2cf55b5ce947981aaf44e57b2b9da7,1
0x8a23ca3de4ea722e489f5a00935ebfd2fb057eb8,1
0x8a3b8dfe66bc420c1da15af38bf1ad3640594538,1
0x8a450346d80fdc01bd1106d1d814188397afa20e,1
0x8a511bc38b11383a6f104e9477f438e3d032a9c4,1
0x8a52affafa6b15cf1496babad7d6d84129a4764f,1
0x8a77f3079bea17a390d385fb2591ac431d1a8813,1
0x8a9bfdc136d5d1166497882af5d8c9718f27fbed,1
0x8aa90d610b1b84010b85edfa2f4b09193e18a628,1
0x8ab3862142b06e79cdcb7b74f0434d2545574bcf,1
0x8af0b9a9b751e086122bc340188bd9d99b8c7ec1,1
0x8af8aa860c0eb95aacbb0b1489b40ae50885d1c3,1
0x8b17e8b3f8315e73986f0c8370cea4f3a974a532,1
0x8b3477ca7445ec524dd534fa4a596c993e93675a,1
0x8b4d56f8940595dc195b0591c62465bba89afc19,1
0x8b5b2e41edb080a477ada0c4fb3a99c74c31f8e2,1
0x8b5e90aa714c967efc8c286f46ce0fc822e1cfb0,1
0x8b6a3e1f151fbd8a45539e0942918e63d35c6cf4,1
0x8b74a78e22b98f2fcc52005cab64c56cdf4a8610,1
0x8b7d031fb0d8aab5a985583c6c56c4fffab27ee7,1
0x8b89844820a17c3c57a4e69cd206b2aaff6c3b9e,1
0x8b904e14854254d1052d63cd49a38450cb099c65,1
0x8b97f27090681ef6aed10de6f986e51b9eac1526,1
0x8bb8bba1ccb6b2b8a35061aa65dd8e6f369a1723,1
0x8bdcd42b5f885528a8999a53c9ee4cdf6462f465,1
0x8be5a2df6488b0937299d27f092716f4a9ab2fd8,1
0x8c021707b27e518c7c142e670f7687ef92ddca25,1
0x8c0a11eb047c1097c821c159b8e0c2c5f37f81bf,1
0x8c1f393c989c667ad20e3d9df72a4f778c5c64b2,1
0x8c4d9b1735cd10781ef1a0c4e086881a0d655033,1
0x8c778a46752a46d09b50aeab6425dcc39360e248,1
0x8cd6fe02ee30da756efc1e8fe07d5ae4047b19b7,1
0x8cfec99f4f85ddd8eccc6fcacc27bd75710fa129,1
0x8d137e3337eb1b58a222fef2b2cc7c423903d9cf,1
0x8d19c87c37c9f1512bf0436012453e4e7c2c5a2c,1
0x8d210bcaa3fef22a9d3882d5ebfc7f4c6d710a19,1
0x8d655b1af80200a6b81e11482fdea66328b16e05,1
0x8d72e2c04e3b87b487b244ca0b06a8998fafad7e,1
0x8d80dac6f8ce44d390a2bd5205c2f39707622089,1
0x8d9872e421d1678d3445fcfa9abdb31312d67958,1
0x8d98d7929c68c814e8a511343c99f09d78f2eef4,1
0x8d9d8d19e396dda0250eb9b0eb8dd631e612190f,1
0x8da03feb7174b4b2a6b323f3dc40d97f3421cd07,1
0x8da2bebe1be9384afabeba0fb4e394163c43ad7f,1
0x8ddda15c7951c920df63e2c9a3a5ea33fa5b56c2,1
0x8df10e6989f29d5485dc9f2689d12db0d2ce9cf2,1
0x8e018350d31c897ce2f1070fd40855d31c849465,1
0x8e02c045c6690749393e9c3b8fd6befa651cb718,1
0x8e101059bd832496fc443d47ca2b6d0767b288df,1
0x8e236e4d9d2961daa1d4b4f8f8e9c1121b87c9ab,1
0x8e27bd3733591d4a235031b538989958831b90d0,1
0x8e6d18a600f8bdf70074d93a7da57932f763ac85,1
0x8e838ae5e4528bdb1e6a6a102ab3f31def399c82,1
0x8e8649c81f8f18138c816c5b067b09445eb6f111,1
0x8e87d8aa61795339cbb0f081a76b7074016b4568,1
0x8e97afcff1b8fe513801003050ff1d66d2169950,1
0x8ebce3ffd5c00df2861d8a28d96a31ffabfcd1e4,1
0x8ebddf5cf801d1270b39cd2539d7212a241cbe8c,1
0x8efceb29863fb0b62c73c6c9c23f10f24243ebfa,1
0x8f167443ea46906647c4f8d12c1f2417b0fb0836,1
0x8f1b5a2c412b8069e80ea399c4b53be4f4217e98,1
0x8f29692d5b7fb06893a8afe4a2cee506061e3a96,1
0x8f2cbd51c6ed243793068a4f261ed5c59e2cf620,1
0x8f3b5350443161cd37d8cfb712bce7cf355737c7,1
0x8f3b9f370e434f6e06c0b26ae440ab0adc82c7fb,1
0x8f3c5a816de6704782e081ccb5ded6080be83cdf,1
0x8f3d381a2df65b5b35496be5ca9e48ba4ffad34c,1
0x8f4f8916a5c22aa4d0ca25695146e8e4dacc7b13,1
0x8f72a6934ce350b19432a3dcb1c698d6f7b49fb6,1
0x8f79fc2c1a54894b5d0ba00ba574290dce74aa23,1
0x8f885a7eefeee9f4f99b3a75c2d7d81d73273c16,1
0x8f903cfc0af3c2ec0d872c57538af5e071544a57,1
0x8fbcb85f727188822d25d0558b64b640238f64ad,1
0x8fe89aa22200d1306aed5dad7dbad89c8faf8e26,1
0x8fee3fa1b32e38aca0c2edc4b08ade3d56a010e9,1
0x90054e2243baeb8ce24614aab96972edfac71387,1
0x900b24dca75b030e7951f74bee3da8f843446cee,1
0x900e7ad1ab18cebb4c21f71795364e9b636831ca,1
0x90171e11b1d6f8e06f13b127d4691f55ef0ab895,1
0x9018b9a1d48af8979074f29c9e44a5f272325e4a,1
0x90238a0a150c47e326a19ad38f05700021fcfa62,1
0x9025250202289e69275062a534d15003b95ca705,1
0x9026cc268eec39a0f38b06568a229a03fda07706,1
0x902f9133204d81cde7130aa4221e5e2afa4fe273,1
0x903b7d2b17f9e2d1024652c79bdb0e9b131f3403,1
0x903f9483588fc6bb16cac7950d14f63e23ff5e37,1
0x9045deb6c61b6bc687a070baba941fcf34e5759d,1
0x906d43b94658351a20f0bd7d9b1f22e7e1954210,1
0x9094b9de66790e0a5ab0e3299d38afb037be458b,1
0x909d3c000baa83a64811ec0f41da55ec0ebb8a67,1
0x90d5a899d15f804418ca624cb61f59e08a089d25,1
0x90eade290b8a3427f13ee982b3b4e46e8b5fcb92,1
0x9106abd2cca6a2895b6db62a3382cb24ee7c27ae,1
0x91215d71a00b0907ca67b25401172ab18d4b18f9,1
0x91364516d3cad16e1666261dbdbb39c881dbe9ee,1
0x914b1b26f461a8797d94f06ed41e01f72b0484f7,1
0x915ffb1bdd07cd7cda0bc3d24aa102d207017277,1
0x91607b6a6b493e35a95da0d44c7157f03123cae6,1
0x916be95459f406ed8a8a4b4b957c6c0d349d523f,1
0x918453d249a22b6a8535c81e21f7530cd6ab59f1,1
0x918c76297fcb215cbf7da56105a62b5da0ba43d7,1
0x91a8f487eb26101324bc1ce3660a97efd0185b1c,1
0x91b49b932dd4b88523a390de9c4b964d463376a0,1
0x91c264a926387114b1a1d60c5457b54c38052ffb,1
0x91caab3c0e9111043c97f5b3f10f614a193a11c9,1
0x91e9917a8a252450e071064861b5ea1897722629,1
0x91f8a8d71a098722968e0fb0a4be92f93c0eedeb,1
0x921887803bef20491fdd1ed3b0b3e0a102205131,1
0x92232542bbb5326f96c96e938049c6ff4a89b461,1
0x926bf90196781cf2161535d48af542889cac4d2e,1
0x9273eb21bc9854d0e06432b5b8c7634ba824ae49,1
0x9274f2f89fbe5dc00c21c628e46a18c7187c14d7,1
0x9280e4db5443a3f40f71cde19d25d5f9d29b0a9b,1
0x9280f7308d093c2ceab7b99a05a39d9def16b1f0,1
0x9294657d1225bf7f60e8131fa4a0455a79cc28d1,1
0x929a2f65be79acdd73bb0d697fb29373278038b0,1
0x92ad7d869047d1f20efff43f6d0f71ddc912395a,1
0x92be9a3f9f5b3ba7d8d18430723d3c4f82539e74,1
0x92c109f7cb9d1fa83c5b3440652368fe58499896,1
0x92c4b46162461c126270348365067d4a4304d9d0,1
0x92cc55c36e5bdb4453d1a54c1b77a857a0b80607,1
0x92d6d3dc53e657e22f2ed3ae34b1128d3b1ec9a8,1
0x9313d20e1657ab7fd434943c931f4b796841bac2,1
0x931e8194d361571cc8476b15f8ce2f6e72d593f5,1
0x93492ec436dcca80e28d7396a4b48211a8c5269d,1
0x934db281ebc795c4f45bf27e234eec913352176c,1
0x9358d604b7c1c34ca26e7223968a51fbabd479c2,1
0x93730ce5ac9de1db9f3fbb73bf522a690629ccec,1
0x9380da47618d355a9eec7a2ec37e50c2df9bca6b,1
0x93886649b07888129fa320eb95756c35cf80d732,1
0x938acd1dca436f425b101694ea46c38b4bf1d2e4,1
0x938fb69190776fa6d940fb0ff5395323bde9a0f0,1
0x939a0130439fe4d4f629332bc314de7186795a5b,1
0x939b18875d286d88a630cbb00fbb34546a7fb35a,1
0x93a95e4aeb71bc0c8dc82c408248a33f57e94f7a,1
0x93bb5b42a1a5d4bca3b9a7d67888fb9a220ead06,1
0x93c838add3ac72b42f65417408f900a7155e1bb8,1
0x93cfed6ceea2533cc99425549ccf9fb309e2d676,1
0x93e1a31b5c42c69a22ef16f9caac2b212250d67c,1
0x93e50e6890f1ee0cedc0cdfa6c9937f3a8d8b474,1
0x93eb95dad68de034fef03da64ffb3a70df563a29,1
0x940de8c39935505884dba5cfd77edf367ff71c0d,1
0x9414fb583e6591b6f39ff4b22844c899e9e902f6,1
0x94345607093b249b5100e8d1e499928dc163dfdc,1
0x943a48498c9d622273e214c1757e436f76a113ce,1
0x943a62f23a2ace9a5e0f4b533871b0f47a45e97f,1
0x9448701c1e8ad011040d9bc8c72cd1c37712d80f,1
0x9469c98be5afd94cd601e094bc401ddd37f480a3,1
0x947eb782e42d970130173743917572faa49f5814,1
0x9483e02847911a862bc7b699cde19a5daf0ad8d0,1
0x94aff46a5c4da2e5920c945fc76eb786330579ef,1
0x94b1235bc950f8546871c51f40a9c99e72982a67,1
0x94bfb1fa83a78de2856dc7c3273ca7e37522ad6c,1
0x94c175ab2cc479d79b9b1016e46505370f75141b,1
0x94de7e2c73529ebf3206aa3459e699fbcdfcd49b,1
0x94f052ca65a34d7f581bba95a749b1cf52689dd5,1
0x94fdfea0f8e66f245d242796b735b6070d52f6dd,1
0x9502335fb71936a7de5d3de2c590e455b1e81d9f,1
0x950ec370050aa46622045edbd7d1fd22e9ada5d9,1
0x951328f40a549bc6fd9b3f3adf5d4b6e6720f981,1
0x95298343ae03528a6b3c5d211005937f4987b51d,1
0x95318bb3496ad4c07ef8e67c1c3429b389551410,1
0x95427b66c8f99667570bb6da6c125944ff123eda,1
0x954f30ac7a3073638206f9edddedf125dc5ec564,1
0x9558a10b8c63f76b6f20db3dc175298e687c1a82,1
0x955d7584aabe835e898151294de93b1fd97d00f6,1
0x955d81e9a0ef56f332312b0cc476fc6235478b0f,1
0x956c82572dbb6eab42adbc9ed13da82ed7389a1a,1
0x956f7db2fdb52de9453ae184d51d1883b8cd9d68,1
0x957832f90d40df76197ce6599740339142dd22db,1
0x95b2917b823bafd819acec46f45c6744b9c545a5,1
0x95b9f6e91212014ed3224c8ccc17dcd5895a7f53,1
0x95d41776812c6ca222dd5fdea56c065b55ff7655,1
0x95e26ef85c6af021d3106d1e6ac345faa7c6f663,1
0x95e62e8ff84ed8456fdc9739ee4a9597bb6e4c1f,1
0x95eafd15a40b321ab0e3c4634fdfd76a883b8445,1
0x95ed7886944538cec72e43d9af460beb42bf7adb,1
0x9610d0bca432a17db51fa97f6fc8a5bfa0786f9b,1
0x961644f75e8835ba87454e247c787a20bc9e5278,1
0x961a89e6f302c89e18afc89523c5d4d88226a5d0,1
0x9651ed6c7c909154a3f653906f6662d1d2a7e7f7,1
0x9653d3bea3b89717f08113b595df21c5f7ba0999,1
0x9658efece9564c2bec2c93d089497d644bdc5ef7,1
0x96bebda13d5d706e41123f463d6d44f56ad493b8,1
0x96cf2e20e8694e6440b06a242cc7a64607184fe8,1
0x96d910ec8b20599be19bd6301aa5de78b7c7e66a,1
0x96ec39ad6d65a6336ca3dd7035f832cb2887311b,1
0x971664fdf0f9723f55a8e3d64c4c2f9cbce9626c,1
0x9720a202f7eac2228c9e749ae8b10908bfa47557,1
0x972fcf5ae821cc78df98778a6391912c37ba5437,1
0x97423e68b505175dec7c2993b5382a2e0699bc84,1
0x975779102b2a82384f872ee759801db5204ce331,1
0x9762dd2c12127ac104ad18cf6742ec95c6d3ce1b,1
0x9766a0e0e1562b966983934725832ea260d32e37,1
0x977089ca5b701e09637768cde651b94855d13eab,1
0x9773cc2b33c0791d1f35a93f6b895c6ede1feb54,1
0x97876742b1b7fc49ca555ea44400b3b70571d68a,1
0x978bb93bf05c91777d0541a2d73f67492e066b86,1
0x97bab8faf6e2ec867d61eb1b69859ec829dde504,1
0x97c3d47738b4f80472917e2d001905a0d97718ed,1
0x97e98bc8faa00f58a33e04f33fecfc043945f809,1
0x97eb6842f1d0759e4e17f1886ee5871ed80bf70e,1
0x97ece7185467c78293f3b796bde3704421d4fa69,1
0x97f2586ebd3dfac961d5f9fbcd11b75e7921ee43,1
0x97fb215c15e2e37196c6ce4b907a12c6079cc152,1
0x97fdf679ee5ccf8ad80029e08daa199be06ece02,1
0x9819aa6277193315f652eb244130f50a80ca722a,1
0x9820d17f52090ffa73331cc17c27798a3dad8e0f,1
0x982d3c5223f6b5794fccb3208eb164d042cf2526,1
0x98397a068d413d3c92a506f98c5f25d33a9dac14,1
0x98727b47e99707874c41c217de7a2e512b9517df,1
0x987b81505ee8a895703947852462cde8afde6c82,1
0x987e21cbe4fbc7b180acb3bd713888ddfecbf9dc,1
0x9884b297ff33ee5182e51d1bfcf96a0268da7ca0,1
0x9892057d1c1d653543b01b297cb11ff8bbdc5f75,1
0x98cba78ba705efaa9c9d9015b5c95ba1e2c3b2cd,1
0x98d2a36205caac5f496d25e3e8c0ef4d737c9b5f,1
0x98dc45a0a69a60e63f7a042507ab38e4d492cd69,1
0x98e0a6bd849dc565f892c6e5898777a7999dde64,1
0x98ea9be4db559392b155442d3bc91a54c762666a,1
0x98f1e320dc68915c8d5552549079183e589db8e9,1
0x98f2841e13ca66f1ace219754f0f76f1d0beb72a,1
0x99283ac0c167b05f45cddf26f4f941084dcf2a19,1
0x992913335d6565b0bcaca7e75ddc98195b98b143,1
0x994da0c3437a823f9e47de448b62397d1bdfddba,1
0x994e894e3d65ae371b1707f01245fff8c6297dea,1
0x995004bb11d30b2080fc861d0ae5043ece71ac2a,1
0x9953192fcb84d0ab78120510a28d320e57075811,1
0x9955724cfc4de195df36b8125ad7c35c0c84a4a6,1
0x996290c17c874d989d6e3db7dc0b2ef0a9fb876d,1
0x9969db4034a136650cdb07955cdf5635499a4012,1
0x996a254c865b8419c5bf6dd219bc3f20dabe5dac,1
0x99779377de38d54d8726723ea571161d804d1177,1
0x99c63b3f73d8cf8a56a4621c74d0ac5fda357f8a,1
0x99d620636feb2ea43b4cf7aab9070d09512e44ae,1
0x99d8f8245c583fb7580ac291735ec9573b260028,1
0x99dbe44217418ce088ca6da5315a9492bdcbd601,1
0x99e14da3a40ae897ebd88e972683f0046b4d7fe6,1
0x99e2e69f98b164c399cc12d8382a82135eea6364,1
0x99f8f74b1808bd7f1e9e76b7d82151b35dfdd6ee,1
0x9a19b22f0e19597401cf548c1843a8e9a1db8792,1
0x9a20cfcdc25eab32b8d21fbf8dab66f2658b791e,1
0x9a226ca491b1241e29731e40ba6f824b2aa4b98f,1
0x9a40129125dff8e9cb6ca8fbeb07ddc7e4a94647,1
0x9a68453c15a70872546288f3560582842e9a08da,1
0x9a722bd2587b9e1b8842da81239d9eb22e78e8ea,1
0x9a77adb5760ad4ba1083d76c5ed6157868abf6db,1
0x9aaddc5040d2093dc0dafc0803cbfca822341bca,1
0x9ac05732a8930db2df97904020184797a2f193da,1
0x9acb83a514399c9f5201f55ddab61481d0430943,1
0x9acef6f636badb61836d27a5742a12829e0adc29,1
0x9adccfd429a7ba40e7945841164ea2cffa7611fd,1
0x9ae8912ea6562957043c8d048641aa9b450c397f,1
0x9afda273378f8b8ec6fda911be42bd8d373a7b89,1
0x9b167ae7a58a1916c2a7bd011e4e5445d34ece79,1
0x9b36cf890e350d4330f4e863bd2f20cec70aa66a,1
0x9b6961e7b5f7edc42c4b08961a0d454520c11e9c,1
0x9b7f0c62e61aff7da768cb2d31e920649a3ee102,1
0x9b8d12fb2045d6f5d021e7e1f45e51296df6f060,1
0x9b917686dd68b68a780cb8bf70af46617a7b3f80,1
0x9ba935567cbcdfb116773f487cb5e7d871e34468,1
0x9bad937a982a1ba5734d9725341f0117a6ddefc9,1
0x9bbe2a97de822b9ced01bfbcd39a29604718058d,1
0x9bc49e714ef84c9b60d8eb0c623c5ccd043f1b5d,1
0x9bc66bb0f94a38e55809dcf7eadfd6bf98d6e184,1
0x9bd9a8a6d60ddcf481868ed1e246ba4cfa49c734,1
0x9c1966a30489abe95185b9b967270c6b6972bb4c,1
0x9c1ecb44d57f40e20b874c9cc681e5698aebaca3,1
0x9c260e1956a1e1e31e551043d600e5a4f51e2057,1
0x9c3521c85f0fb7d7e55971c972b233b41dc98355,1
0x9c3b4b2d4101f2280ef9b1e810d618648b410340,1
0x9c4b31b23e847512ba60554d687a4a0d5e51d225,1
0x9c5b6450ca0fcd5246b64a1586bcb712a23d3880,1
0x9c7007b750b509da0c72338de2c2531ed559f4af,1
0x9c87fe628884bd395571b8f3cb20a1f3ab212695,1
0x9c99face0f1dc9cc24a7d986111bae031d787386,1
0x9ca5d25af7a7fde484315f54b3f5a019389a024d,1
0x9cbc886dd399fd58af6f0becc550aada169da1fc,1
0x9ce3aebe5e73cdd5357aa4561fe1b01d78f89fbc,1
0x9cef0be42a0ac827950110e4f87885cdb3becc76,1
0x9d0032c5b326082b732d04ca5b46ddfa6a1db89e,1
0x9d0e82a37eedcd827be96a0f56b424dd3a39b1fb,1
0x9d1d01389d2ee71075d3184a76ca957b99e0af0f,1
0x9d2664bbfc1a287cedde1b8711707afa6cb31fd0,1
0x9d2e431a3010d9f3ac3c1f5ace093ac1f1d102b7,1
0x9d394d81c1c3b9e371b331b986fb2dabbf3c713b,1
0x9d58a7c79ceaee5dffb1962b4e5518e93b11401e,1
0x9d6215a2b7dac704116d47f0c7840b37dc7aacc6,1
0x9d7d33b5e565e850fb5d21f259b4f3d9b24dbd1d,1
0x9d87baba9ee7ed5755e50448da51edab7940bc0d,1
0x9d88921e91718302b6307458a6d0a22b01620e74,1
0x9d8b05df65f6f831b75dee291c38602d719f157d,1
0x9d97a39ac7ecc1ea92f5f3b5d8526cf3ca13bbb1,1
0x9dab815db509837393233026168e8d256d7afd2f,1
0x9dacab26255e7b0547718aa52d838b60c87e3986,1
0x9dc71d0e360edadf1c9f98f0aa209c0173e25e94,1
0x9ddbdcd3c5123e673e4b96992101f8ceafcd95a0,1
0x9df947cd8a9810964473339c38a95201ecbe112d,1
0x9e0a1bf40b53dbc15b66619336228f23e1198698,1
0x9e10183f8c944a22a60c39184d33e1d5fbc25830,1
0x9e13947d53264d42e429fdb99650cd126392916d,1
0x9e20e6c866306dc726d2df6a2305600a1a0f4d16,1
0x9e2154fa0be4df8deea458ed32d87ed15b5927a5,1
0x9e427ebcca41cd9423516e0c19769ca1a1f2fc25,1
0x9e4aa3c02e9ca49d7dbf46e0f2fe69e3a5d7f03f,1
0x9e4df55bdfad41f11119daacbde2a8caf88958f8,1
0x9e531ce7c2e64b5737070b68f615dc9c352fa277,1
0x9e9081492c8c8bb906bb66da9621241d4b14f9a5,1
0x9e970bc4645583b1210302211c3c833c9383c3f1,1
0x9e9b2b95c7322f1c799abaa85cc6a9244297c9bc,1
0x9e9c0431eafe5addf548bacfea974ccb550dad45,1
0x9ea44a1dbe393a6d38d5f94ab73207279ac45310,1
0x9eab4b2feed9483838d2e9b7c1ad407a18624df4,1
0x9ebaa554ad8c280e8f83c0b25b7a97c24609e814,1
0x9ec4bdf1fa30738faa83f950be25bb1b87f853dd,1
0x9ed540a0d01af0fe513f45632b4513646eb93560,1
0x9ee457402acba2230bcb6fdc938df5154633658b,1
0x9ee75ed4f8950e5b57baccbe2eb5ca0e15226737,1
0x9eedbfcffa62587fa5e17d1f556d17308c4a049a,1
0x9f1267554728eaa01633ea0b3ea0b4d2d8e3b11e,1
0x9f1f15d3956b83fdc4cfb9c7152c1694d5ce374c,1
0x9f2240099ada36ca4ba92bfd1e869ce360e1f162,1
0x9f281c5b04c091096ac468a9388f0ee6b0b8b1f5,1
0x9f29aea04fd16875e9de0020f40915d0ce7943b9,1
0x9f2d401298ccff8772aacafa209145d5dd9d4e4a,1
0x9f2f793e355eed24d5139926ba16ccbdbaf86635,1
0x9f35af4727fb91114563d8a8f779a792cb557f3f,1
0x9f4633b29e89e10c869c8ce2197c63df06eb5355,1
0x9f4f78a6c4a5e6f8afa81631b9120ae3c831b494,1
0x9f586e4dfe9f41c00440b19d6b2814c4d753e953,1
0x9f5a95e48d010beed3b578dc378b27d8a49fe491,1
0x9f5b5c56f9be40e4ecf04f42803fd9b836b59cff,1
0x9f624cfa4041518efc0c0a8ae8461e40acea2b20,1
0x9f699b44fe7a50deb67e424331ad64c60c3b2803,1
0x9f7064dfe6ca5856b3afd7a3b3974686a35bdab5,1
0x9f7bc6e8bd900fc3514aa21c94558b89a9906cdc,1
0x9f8b1dff7f2b77d3532786deb1213bbe31c0676f,1
0x9fc4001133d3825b7ce4b05bcfbe227fb3cd5fdf,1
0x9fde21b020cd066a24c8fb919fde2fb8c33c1969,1
0x9fe366d6efe4ae241656915915f2f050c5ae33be,1
0x9fefe5ce3e33172ec84bcd56f05ccc8d44398dc8,1
0xa008bbbf99a8901cc9c27217f666dd6abdffdb99,1
0xa009b966cb4fc4185b82005b288967961edb95b5,1
0xa01255f709599cf00676e874ae598d00d9e0694a,1
0xa022ff2f07d97442beb2b6fc3688b2ea59541572,1
0xa0263616bf499a0475cb4044824af38c6c9c3f98,1
0xa02de3133877d68f68f95826e319477523b0c2d5,1
0xa0393a76b132526a70450273cafeceb45eea6dee,1
0xa0494ebea98f71b0f5daafbe3c7e77d933a85e56,1
0xa05cd277ba50ec72fc41917437a6c09e39b99bbb,1
0xa06c6c90faaf098fcbed0386d8b602821c761b88,1
0xa080d8b69ca71ca40782c7702d73d6f42600af80,1
0xa0aa8d78ee9bc587c1f91f47ae683f5e3fac5df9,1
0xa0b654b6b063866f93ca19a276e3cd8134e0485d,1
0xa0bc78c67d082becabec69921aab1020d50f9bb6,1
0xa0c1bca2da31d84180114965d2f80e37b63030ec,1
0xa0c537293bdf3b6962104135746624c5e27d0c41,1
0xa0cfdeb498752a3bfbc216d7468b603bcb6342c1,1
0xa0dac4ac9bdb64ebf72184401c1f1e88a9293ced,1
0xa0e194ff61101a2dd50366b646ff27fe3d7be146,1
0xa10624fcb5593ad9263719dc827d38c590bdb10f,1
0xa110cc8dc6db20c75c60018eaadf7ec44dc024bc,1
0xa1168968174d3a4f2b6666051800115d86fdc235,1
0xa12cea84eb9e6dceecd125de27cf2e9701104956,1
0xa136eaf4dcab3d02f12a95bcbd581ac1d8a872b0,1
0xa13ba14470fdc2f3bdb5118faecc39d58a481d43,1
0xa13bc3d25fb6a62bcf976c1586600cae6ac64b1c,1
0xa142d8f2955dfb3a1f0cc63652b8df67680dee79,1
0xa14648a1739195f385b9491a251ded3fba90d06b,1
0xa16ce88f9f702d390244ce016f9416b23c9c3027,1
0xa16dfd0605983d04de5fad1699daeb5fa6a05cba,1
0xa1733bc95272fdfb3d14b93e93aab1290b3ab7fe,1
0xa17fdd8cf3acd02cb29ae203cdeca2ace5a4a5c9,1
0xa18cfcd54e84dbc31e9f07e7875543db020feca0,1
0xa18e44ec7fa3641ab5618dac6b3416741c65e2a2,1
0xa194c2492ae0f7e6ffbb6726c03a44853c4c64a1,1
0xa1a6d88b7ee7af7642a87f4d8132e6c09c0c4e22,1
0xa1a74e7508041ae0f265e96f64ce3d0976b47675,1
0xa1a8b224066ed7c26eb1ccc9ffcee6537f816be0,1
0xa1b84c8c0cfccbf79a0388ac656267e478432b95,1
0xa1bed03568624c7ffab05bd1ae68432d86e7c27f,1
0xa1cd04effc5cee3b373f0db23a88e2769ea310d5,1
0xa1f5d268e74da6c087ddab4165dd34cee9aa76fe,1
0xa20416801ac2eacf2372e825b4a90ef52490c2bb,1
0xa20573d7c7f9fbe47ffab6f6366a94e802818872,1
0xa21d5ee73f59629734d7eb9c62631e93ab31dceb,1
0xa22245c6b496354b68c99adb678b5ba6435ec561,1
0xa249a826ff225e7fffd5a6fc118bef4feea2633f,1
0xa27c8e38a5b577d4c1aadd0426363ca83255c6d7,1
0xa2924f9cbb4d45e2d8e435272a4869b072bdff74,1
0xa29dff3d3b562dcdd22128101d8a490742166aee,1
0xa2b1692289b1891f6bebfac54a3ff1192b7e9e0c,1
0xa2b65bb45933548f64655d685108e1251c667a5f,1
0xa2bb82c40949f7dc6c8e145533f6a0146dcf3df9,1
0xa2f74bf12a241d2e2586c215669e57c286f3aba6,1
0xa302ebabbb1a2f6a3e1008bfa98c4c2f03b98b00,1
0xa307064b05b598c47aca897b1a42f0c84bfc52ac,1
0xa32560268dfff7e62cd0cda1dcc699406321aed6,1
0xa32c14849106522cd182599bc861bb90f18e6003,1
0xa33e5e1ccf57c0caf78ae399061f270dd24ffcdf,1
0xa34e6a8f7f21f3d2dc06988b78fabb1455b00ea7,1
0xa3688b4af968c716449e29e4544ce6a549eaf490,1
0xa37fbd2264b48ed56dd7de8b9b83db35561700ef,1
0xa39492086042ffd52a4cfe672e402413c93a580d,1
0xa39d385628bd00438f8a9ba4050a25a0210f84eb,1
0xa3a8c29a7a805e6f73f4723849f7ce4fd4f4ba7d,1
0xa3a9043881b35ee72ee5bdc35559c7644b3fd763,1
0xa3ae049df79253ee19c22ff397f8b053a4249a52,1
0xa3b036f310c7a7feac253c48ab28c28a6e7e42a4,1
0xa3bc49726ea94f7cda928c9d5553adaeb78ed48e,1
0xa3cd1123f4860c0cc512c775ab6db6a3e3d1b1ee,1
0xa3d998b61e214f5a1963ef52a19706a3a2a136db,1
0xa3e49fea82d17326636cece9c8c090edf013dccb,1
0xa3f54627e9982b1fcdb3c4bef6a20fc960cb37c7,1
0xa41341bab6588948da8503d1dfb0a0ab0ea269cb,1
0xa4288ba1062685d01990e99623bd7d125a7e4115,1
0xa43040f76dd9a81fc2ea0a24759a70666e0e9861,1
0xa44b68fc590a2fd1cf48f2689a8aa2c8b62d2261,1
0xa45183715b0ec93f9e8373cfadc9cfb8bcfbbd96,1
0xa4580851905c60fca8c6a7995036ddcecf060f4a,1
0xa46f24d23bb97d2fd127b81a6d849b66d976b8f0,1
0xa4711c27924a900625bda3c63dc1eb86b44c48a6,1
0xa49e081dbfc50435e505368736f649ce7fef02f1,1
0xa4b515705e77c4569954233ee22e2204bff445f8,1
0xa4ba47858ce9935c69e736c01af5d4d81ef641cf,1
0xa4c8d9e4ec5f2831701a81389465498b83f9457d,1
0xa4d3786210a59cc113eedf5a30e1358ed9befa2a,1
0xa4e0e27ca70537fd9da91676a2385cc00b87cc40,1
0xa4e35d3caf1e774228c958f0cf8fa859ce2d1f36,1
0xa4f38507e1676b8f61a51f6883d393dfdaa9a033,1
0xa4fabaec2c6e300ad45ebe5ab3506e0fb9ea1cc4,1
0xa510b9c2e1dbe535b37e544ad861acafd55de3df,1
0xa5166b6d0751e1cd09dc67eb09e7d25b2dc8855e,1
0xa5214719feb1d07b66292a5d4d0a2712bd048435,1
0xa52c1aa50fe9f138982696da79f2287c7c62a836,1
0xa530f7739413e787c205233658185edc1e68c25e,1
0xa53c718b5a14369434d84cef5bb83d110a0a005e,1
0xa547a35176fb8f8744f69c999c808c97a4efde22,1
0xa54ee01ef9aa279d4ba55def38e1db0303c4cf84,1
0xa56afee303aa092dacd3364d106aa9b64522c01f,1
0xa56c04347abee42f663eff9bc2d0147b97c8f782,1
0xa5a155a321e8e4d2589eb9ef1f6eaa4c8ae08792,1
0xa5a6a52998a55b46f744cc80208ac18b653d45dc,1
0xa5afa7f2b0078370d295d42aadd0fa1cf872893e,1
0xa5beb441fccecbe0f545686447fc5310592b09a1,1
0xa5c2b80bcfa9201df2310a47ded0b282f6b79bee,1
0xa5ed8da239f400141427800da33b602a039f2254,1
0xa60bee3be7d40ff6cb0d166dde96cc315ae0d39b,1
0xa62d3dfc5269a117c67536adfd92d4ba03f948ee,1
0xa633e7e2c8986e86805648ea4d5eee50a4803960,1
0xa6421cdaa3ea792c8c2f0c0197cbbbb5c19900e7,1
0xa647a51a1af1ccae559f3ea0addbf2a42285a3b1,1
0xa6b37d0aeecc697be636b8b6f6ce7311c2282631,1
0xa6bcc24320047adfbc24cfeaa72f3f15b15c5d18,1
0xa6d3a33a1c66083859765b9d6e407d095a908193,1
0xa6f2088af83fa7a0510a795c695721612c110e17,1
0xa6f91f9fc8f638a02ffe69ee9475e9fc1dc57fce,1
0xa701b38312e880344a79faab896a4518166da6a4,1
0xa71000e72d38e6a84d7190f59fd3dfc73931c0e8,1
0xa720ddadb66cc4c1073644d7fe471c9115de308f,1
0xa730b1400ba74dd1827d9cfe9e95beb93222af5b,1
0xa73421c987e97278e9d9f7e55c687c2ab114b853,1
0xa73dc2f955bca7f3f2d39c0926583174aa1ef0b4,1
0xa75c93e895dc2fb3b034bf4ac59cf85c4c99ae1f,1
0xa75d6638da59acc1a9063b7e02a0b5f66403066f,1
0xa7627177a3b78d0b08ea45cd67101e6d479d5206,1
0xa76bda01601ebdd50512c2103a329db572d7a77a,1
0xa770516532368198cb3dd3a03894b1d42b4908ab,1
0xa7737264511939eb9d231c9dfa7ef5402c45c686,1
0xa77b8980b10af8d73c15e28fdb2e0ad495b4c1cb,1
0xa783ffef167e6bc05e3326b30297b37ecdb6ad4e,1
0xa78f05845489c7cd3ca81aecb340cbe1a82bd1ae,1
0xa7bce13c268c132eafa61633827b872a248cb352,1
0xa7d90dab198886529c97afdb77007a0eb28a185a,1
0xa7f41291785211ab3907e1b05dfcf35f64012df7,1
0xa809e097f1ec8ecc8d2677d70c2f32742851dd62,1
0xa80ceef34a29f36f1d0b96e2f519936faccbb890,1
0xa8156936fbb4653f153cc21d6a2c0600dc35d0c0,1
0xa8263e335ef81007affda01a154ff865718d8a77,1
0xa84234ee92a65e31af7ba40af58cd5b89e8b52b4,1
0xa8490d653e10e752d2e65b1ffb8a1789fdd19cf5,1
0xa8879c580a54f190ed53b43d30de269097ad7543,1
0xa88e4a192f3ff5e46dcc96efefb38dfec7bb250c,1
0xa895d36aa41583a51d1604143c420759e7920926,1
0xa8a50616c90ae18199aaf7e5ba5d3467f129ea32,1
0xa8defb2e1fe760f02f39e3d07a2ba0605fd8eb28,1
0xa8ebbb65578fc37e257c5ab35bbe64f549d2947e,1
0xa8f1b7bee4bb60311511144ecd6dab7b04ef2735,1
0xa9136d1de3275e192f1ce1cc12510bfc7673abab,1
0xa9237c4eeebc879208e59c867cb6d7cbffc1df30,1
0xa931a25217ea04269e9fb9b90e2ffc72e9e92839,1
0xa94b3e48215c72266f5006bca6ee67fff7122307,1
0xa9804de5a5a74793376ac310bb8010194f5204ef,1
0xa9afbc41d3c32466dec39e0b42ef8e3576578e38,1
0xa9b3b87d232a22c7b3b85994e49cab0f2d07da25,1
0xa9ea162dc3399bdee4ecc5551d0581f8d8b545c4,1
0xa9efee141f69acb7985afa8e15cbd206c42c536b,1
0xa9f082a90eb263ae065924b715a394bac78bbfd0,1
0xa9fb2ebbdadbce1f415e74e2fdf062abefc3647c,1
0xaa0ae8cd18c3aeb0bf4e0bb3507b2f86f7021ded,1
0xaa120906bbe46151cff4a78c08dd7e909f21c595,1
0xaa1a1eb869b4e274759e947f3fb0caf029c8f35e,1
0xaa1de591879f7061676f4831c2e9d89651f7f6c1,1
0xaa32ef888416e0572ef9fc5f235b8638f4e72889,1
0xaa33498a769869c23ad677ce34959dffa4013ed4,1
0xaa4a27e6d46095f2195546f29fe1457161de8dae,1
0xaa6185c3f07c97f1daf09ab9a9529a7b293e2736,1
0xaa677fa158fd7978fa4fb805715631d032175930,1
0xaa95257bebda7f2f46284d8ffb8b69d00e4abc53,1
0xaaa3c8a87b63b7cc8df80636c7d5cea1b9f82c73,1
0xaabf3e620b76cbb27d6bd5d6cc47cf86f3898223,1
0xaae032b2cd52366f0b4b057f36ec9d9679622da6,1
0xaae53ae1d27304d0159ddde9cb08d2ee0cc1847f,1
0xaae8c50d76c76fb8947c9a203103d28b55862977,1
0xaaf2c4f7c55e40b8c99ba1e61688964976777df2,1
0xaafc9b4acb2143045c3cb2652469a271ffcf7424,1
0xab0cbab9271fec48e9c9317023c5d1a027b90c98,1
0xab0e2f3c3c29deaa7c3ca0dacec97a33d5c26708,1
0xab1c5ace08d1bb579ce0031958028dceaf15a125,1
0xab2056903a7b62bac46f45a3d7a70ac799ca88cb,1
0xab23d783b4d9a40213d3eb2697c4f1d76392a94e,1
0xab27b5958df63754cc5a0552df301c837a49c409,1
0xab2f6a4011d962e13bcde07606c5b08741894a28,1
0xab4ae47278733caa6257c8906a1bb2ba56f987cd,1
0xab517e42ea1e0eb12102d108cfa1554fd2f0a5d2,1
0xab56e197d8bb98ef30950f7e198a715cfe4720f4,1
0xab7244011d76fe5e94a3ebab59715272f0150a7d,1
0xab7640854b8461437a016115c03e8f034164ffa2,1
0xab81be93f28664daf0c1638b483e4f9d2539446e,1
0xab822c371be2a9082bb0155d8cf243530eb4031e,1
0xab8dfd3191a182855c8f5c297dfa8f9f3795ec88,1
0xab99d059fb748510d005bb235f272196bf61de4f,1
0xab9a363e67f8aa7e55bb27957f2c40f14fa713b6,1
0xab9d1be48c5d6f442f2f137e5c3505ed2f4e310e,1
0xaba19855e67cb79aca63a00b71ddf93789e1f30a,1
0xabb20917a30d3330839e20432fb6c656390b8a52,1
0xabbde42239e98fe42e732961f25cf0cfff68e107,1
0xabd1f0511dc8c5db71d90c510c649a42cfc3d085,1
0xabdb03c0e146c6827c9f12029f7d62defa1e1ce9,1
0xabeb52171c516b0d7eaffabbd91511440986b58f,1
0xabf107de3e01c7c257e64e0a18d60a733aad395d,1
0xac01ad9a3e3c3448a5a0e6fc798def034a01a67c,1
0xac0564bafdc13aad3423576b496f97d886756883,1
0xac1c7cc22ff431b5fc07c177b629d926a45eafa8,1
0xac3713c55985ab6326e8cb222630b9eba43a463a,1
0xac3aad9a7fdfc1a4c548057a5dd1408d9e26ca00,1
0xac89e4155e0bb8b6ec122eb3feebfd9f24fc54da,1
0xacc46d8f1ae8e76a8398e196fef28670a445041e,1
0xacc4b6f3ca8d59f631c1148dcaa52b9d7f5c819a,1
0xaccc3b73a213dbc2a73b839c75735881a6dda77e,1
0xacd11cce9b583b89dc31b66031087f2c17f6b67c,1
0xacdc434144ce2f9ddf7836c82f4717e5929102f5,1
0xad30536ade0f88d480e2eee01c045d279edcbe64,1
0xad30b79c749c458601ddf4817dd768c0b4fd932a,1
0xad532e06fad45f1592cce514890130cb74802977,1
0xad74d773f534da4c45c8cc421acce98ff3769803,1
0xad8357353ddf8095dd01376be71462d27db8cffe,1
0xada1cd19824c9377826a8691e35fa8d9fa44cfcb,1
0xadabdd6e4bcb8228fc915d504cd69dd987f96666,1
0xadc04c34288f8b7a5a550397ca1d953cd03dec98,1
0xadebdeab678647a457743ea3af98f8b804e45c24,1
0xae0d16586e5d60d334624c115216a52b9b1a0335,1
0xae26b20104f4b7ef39d23e01b83048f28cbae01d,1
0xae2e15a8f3318ec48be4bf76404d005d7f03d0b0,1
0xae3ad0dd394255ef71c5ac237220659f6b716039,1
0xae3e29b33aa91c95b26d4726eff6663aac6d1162,1
0xae66ae6c7435370b5ee7049d15616fab1111cd10,1
0xae706e360cc4976192ae02a193fbc370ad742a04,1
0xae72c6a6fad9fa9d82d089e1ebf73b3043855425,1
0xae788dfe106fbd2d4108f25784a3ce8024d89e92,1
0xae80a091efd5f808371c723f8ea82bb6560f9b10,1
0xae8a12d8a18e2e279d054fe2bc51c9c4ca353297,1
0xaeb7d6fd40063e64f741c98f3f8cc846719af17c,1
0xaebb055d2a564b4ace8ebfe6821c10edee111e4d,1
0xaed57dbf884b9fae88105f9e9cff82c5435f124d,1
0xaef0f7d5e749bc7dd4303ff5990d1190a3e33969,1
0xaf016ec2afd326126d7f43498645a33a4acf51f2,1
0xaf4ac2f4c6787e81db915415eba3425b39fdf163,1
0xaf4bb08d7145234148492fb753915143cf8470a8,1
0xaf7cf5910510b7cf912c156f91244487632e5fb6,1
0xaf801d0210fe028a04496c4b3820ddf8d0b5bdc6,1
0xaf9c2bf928cc4b0ea734d44b380d22269168e668,1
0xaf9e18cd797548220317fb459095c6afac5c33a7,1
0xafa2c79e00cfd4716ad58ff9998ab7bbb827cf6f,1
0xafa336d9e1d1d1cb9c754bbac705b46296ae54cf,1
0xafafff0f65731ef64083fef84e22300a90cc25a0,1
0xafc093b1c8419f05d4de6ff54d38121c0d733752,1
0xafe1afab34a23ac4c3eb42bb7a9b466c79f270db,1
0xafef07ce86aa5259c703509915a29ea1d5416a22,1
0xafef3bb7fc3cd8ae083672b65f79e6cefd4ac619,1
0xaffc71a42b00dfabfa7fc815536d07636dabd046,1
0xafff424f2821a35265b13278ef1df8073debff38,1
0xb0154be9f34f74632f25e413ffb8414b7c33a1ad,1
0xb0253c9c270a2c46be487d366aa9b25bebcb0c1e,1
0xb0256704f7b4f74979ea5e1bd1b1f1304c7dcdc7,1
0xb02f4682fe41cef73eb915cf1d5c75c5ffa81c1e,1
0xb043a5e4a412003eb75c172360cb4d517c17ad7d,1
0xb04ecff07fdbe707e273a989df5c877fffa62253,1
0xb05dec2370a17478e726452bbfcd093f64f5b900,1
0xb09548d2ea367b0b0df0fe1ac0c079f7d5354a50,1
0xb0970efe377c6f0098c6b2847dfd673058c70e1c,1
0xb09ca05f9645af0a5c6766d7a99c77a4eef3e17b,1
0xb0a2852750b15038cf9b5be255a483e3063162d7,1
0xb0bdd53b627d7e61cfc5c13ef110e47e210fac6f,1
0xb0ceabc654775fc966d792533e138c327f4cd867,1
0xb0deb191b431a62e5aba28c8e85beda6e45ac793,1
0xb0f356b186b6846625845a647713b2d6deaca656,1
0xb0f582963d54318867c7076efae2e9d96c0eacc6,1
0xb0f7f461553d6b82648a563f516420d39329cdd2,1
0xb14d329add3c74f8450888aad3c54c68c1a873f5,1
0xb18e3c41faf4139b89b4ebf1f5ef645a3ad0ec7f,1
0xb1b91f72689ea14777843845031f4a31849156c6,1
0xb1b97e26c36b842150ac5129a3b149fc48a5dd3d,1
0xb1c3d984c3f661920e036eccb80b2998a58949c6,1
0xb1ce2c57a6f8816113fd172a75fc3b9803320228,1
0xb1d2902ce8180a85b9fdb2ddf3a05bacfd5eb1f5,1
0xb20d2b98151c4ff141a4ea1b4adce2964ea99af7,1
0xb210cc1070647be9b4f1e504cc453575529c1d9f,1
0xb2189572a8f77b301c8a286ea5179ec50ca8e46e,1
0xb221d69efbec123e1d5bf30b66f5aa7577b91732,1
0xb24aa97f9c5b86f02afcba634977e46e11ac2108,1
0xb258e243a526e79c4b5c8dd5df490e42eb7927b3,1
0xb2770e076b2be9d574449933ad4d125df3369129,1
0xb27c768c3cfb463249d5e4a231d2b361c6a7dd3e,1
0xb296737e17c5c146d7e953405a253bdd415ba7f2,1
0xb2af1b81283c87a9f06ba2294dca29f83a7d1d00,1
0xb2bc498a214282efa54877ecd082165d4cf86df4,1
0xb2f0302d8f8abbdadbb6b5203792d4d3af1d1f84,1
0xb3007ff3c3f40bdf0126fec7c8e43c3fc50ea813,1
0xb325d8daa705be94fb6aac469b18aa9026154e3b,1
0xb32bf0a9ea7daa95492d71225ca757a4b3dd4bd3,1
0xb343402abd67a6cf88a4b4783ee477f7cbc5e9d9,1
0xb359fa8b9915335063f2989c016a2b5f7b43603f,1
0xb36779e0524d1efd6a0b98ffb8a4c63c8009b1ac,1
0xb37c5603fb0c6c2e2b62d0525affed9e1e5a6a19,1
0xb3811f5eb2723c0fe8a621d89a57712b2be91d41,1
0xb38819a12d2c4b67d51e0760e5a20c9f10897e14,1
0xb3897952ce7a4cea159d232dae8d02ca8273372e,1
0xb3c17557e4b5a3db2b5eedfbca9876e8e2bf5bdd,1
0xb3d9a26bcd467436c115c9b3040d64b5118d04e4,1
0xb3ecc041139f938d6161976223e6afb42508fd11,1
0xb3ffd0f321abde1740f6e13be273348baad24291,1
0xb41670d76d60d7d142d9886daa5a2dfc6f3cdc88,1
0xb433f5b75e14a334358adcfeb766609fc20be203,1
0xb441e373739d37603e6986ac9a00488d59acdd30,1
0xb4491746f0e04825bd6b5de397b1da6254419cd0,1
0xb459aaa39f70f71a66b94cd6458d5a6c7addb242,1
0xb47a70df538b9a3b591bc5d75da66a04c879b291,1
0xb48168b7acb0e564f43cf6f243d29074b6832003,1
0xb48ac010cb143079c6a63031bcc620cc134f2bb9,1
0xb49806cf8dcdb108d318d6f4f7ab087851445d94,1
0xb4aa5aedf4dcbe3e0755a19575e5c69164d43e70,1
0xb4ae6060e94c421e6c70aff9d15baf5612422a6e,1
0xb4d2bea130ec010ad1165d4172391dcac925bf1f,1
0xb4df44193a60586d9229bd6307a3241d2b04ce79,1
0xb4e5e410353d8ffb00df520c36e8e881b4d49d09,1
0xb4ea60e9cd017aa8bcbf0f9ffac3ed7c1592f565,1
0xb4f5eba9c4f095c5284ef400660c53d7a1be4a08,1
0xb50121b77a1cbfc517b76039f2a8a5d1e536baad,1
0xb508b684c25f1ee1e4d578170cfbe3faa525ddc1,1
0xb523205428656daf05462cf3b874f12a6e6ccd74,1
0xb5240563ed0ba98cb108a16efdc544a21e09f9e5,1
0xb53349160e38739b37e4bbfcf950ed26e26fcb41,1
0xb53ee69b92ad6d12e6f3b1f849ad3e706e31a263,1
0xb587787a8c8cde1250eda1fc2e664666720c661f,1
0xb5da9a455f931eada43de8e30f52da0d668a1099,1
0xb5e6acc6cbb5d712a96fcc7a8fe25a69f10ecf4c,1
0xb5ed475f4149dececce105ee256583a4c690309f,1
0xb5fe0d1c86dcc925e7ac808cb74a54656e276909,1
0xb60211811a4977b5f4b65a1d2d27a2591d73d1ac,1
0xb61539928ee5e4e0055255206bb8370a2b52edc7,1
0xb622ea682c54b56261c4d393fb165746ffe14010,1
0xb6328f4b747b807696da1bb2f574edcbc47682ab,1
0xb643cc4f8fa18504fb7d20f9fdd4fc9f2b6bd197,1
0xb65d09c1b2c46a5bb0d828fb0022179c95f19f8c,1
0xb6672f6075c667b2827df5677d5302bc160d5a34,1
0xb6685d3849f2932c89c030f49e1bd8a994589b1d,1
0xb671b3816d46da4dfe70b0c7190b3752f7b97c90,1
0xb67a577a1855dc3a43df1d94b05a8f5d29570f89,1
0xb67fa62633a51bb7375db2e1e9096d9be724d736,1
0xb681e58b716c5719e8d868bc6bd3a7813fb4adbb,1
0xb6969b738190c8fa03a5ec55e782fa82fba19328,1
0xb6b4a02dca517564eb98790ff67d42b5b37a3d4e,1
0xb6c189179b204d14fcc0b608bc97243b389b0030,1
0xb6c4ce4eae85066f8fc45093d12444c8b89a6aa9,1
0xb6ce218c8e618ab1a71f65f329678f84e00a836f,1
0xb6cf25f5cf8a1e1727d988facdd47f1dfc492caf,1
0xb6d9a4142bae2f5c2ea30a7abdd257a98f41b80c,1
0xb6dd2144ab7140c32af8f2ddbe9472a32e2ecddd,1
0xb6e303e443434fd90c48ce3dc2e377115e0bd544,1
0xb72f37f5bc3efea93904883cd609b14fb13196b3,1
0xb751a112d92e279cedaf7356d1c18b4be231893a,1
0xb778f0a3f97210047472cc27ddf777040f316d26,1
0xb79157bca1635f4731df5828f2a28a0cbfc799ce,1
0xb79cd7662a50e9a3e8d5a61b276f7d9bd8a4ab29,1
0xb79d39c665cd8394494aaa4f38f09baffa678253,1
0xb7bb7840932e997e5369277aee009cb1df06c803,1
0xb7d5753c4998842c1b3442dd1eb699091912559e,1
0xb7ffa8403e08e84db4305c169818917cf8791d8d,1
0xb80fde3b56b32030def3e2a246bf2ae5b37255a9,1
0xb83a92b48e472e64a39a504ba53ae7b2a43a4d3c,1
0xb847ace7c6998c48d70c808dfeb10f9fc398f459,1
0xb848a0b0ba24a233e2f05d0a382e1c2035bfc5f0,1
0xb851c451aa0972edbcc500864d90caa2e6e55b03,1
0xb855567a17c266c1d82a52bb093ef5b6a66deb01,1
0xb858b447850d08fbf840f3c1ce3bb048f3c0c95e,1
0xb86ee391c7f327d00fe3981f5fc537af76bf743f,1
0xb87ac61f86b3c700933431ef7438e482cee6100d,1
0xb87ad0b4646699a589f4d91dd082b560e2be98c6,1
0xb882c9f830c9bbf1e9ec5a39b85139b0e172f23d,1
0xb88f61e6fbda83fbfffabe364112137480398018,1
0xb8a5cc7c8d22565e0c70f61df975c88c3657d283,1
0xb8cc63d7013d76731c10ed015ad8afc8e6f251b6,1
0xb8ce4646a6fc3d306b7dd8f9ad4beb8aa68f2fef,1
0xb8d4651ee9d97d7da426f82648a20d0e0fccd1d0,1
0xb8dd73822ef8cef67a6730bf347209c410fec536,1
0xb8eaee4a13dbd506bd8925cf7b9c950e7f5f8539,1
0xb8fb619106e5b449bf501c6d433285c105088742,1
0xb8fe58a20b24401d6a7392ffbbace5c8c9a927ef,1
0xb9096d6db733d5971ebd4b901398e6e33bd7cc70,1
0xb90aa714bd30e6f135ec15a0cd2605af1590d184,1
0xb90baf52de7a9e954f38819239980d0b6c773348,1
0xb916decde6e09499cd0ce4b14250ff332bfbe4c5,1
0xb91ac9981eb3dd949fc793bc58114fd37c480d55,1
0xb954c3878a8583980db0f01d07040e6fa7e56c38,1
0xb960be49f51a6c3234319acc0b9fe1a10f70a94a,1
0xb96e81f80b3aeef65cb6d0e280b15fd5dbe71937,1
0xb97279f0a18f3b705742f0d1352afb9653bec821,1
0xb9815fbab71b377a3313f8a01f91e7fb222e4dff,1
0xb98af149b33dee33c97650e877a497bd6a934d54,1
0xb98ef8d0ad17bd4c267dd421e20e1d54a3d4f6a6,1
0xb99a6171df6ecd6b90abef6af6452fef0ffef9c9,1
0xb99bb3c2d0c18c40d3a4495d55d28134614725b2,1
0xb9bb1696ec0fa130fc38b235385d87bfbb18908b,1
0xb9c669d8bc601d730adf26be1b910c39a333adf0,1
0xb9cdeb51bd53faf41ea92c94526f40f15460c088,1
0xb9dcd2f68174e1ed42714b1c928a7b574b119afa,1
0xb9eb79e3e735ee636255dd8d65872a1287744e33,1
0xb9f5039273a63275d2f15e3c970bdbfcf47d0a5f,1
0xba0db2aa9ed1f1da492562e712e6d2c21f8bde40,1
0xba139000e536892a38ab11954317d4c5c5c90dab,1
0xba207d7fb2e34ddfc6a2a9406a82d4d9067c6450,1
0xba207f350413dd5c671180600eb7910f523bb39a,1
0xba23c2c327b1a67cd812e8ba1ddde24d5bb6065c,1
0xba4e364ddf3a1509e034667a75e916045e29dc78,1
0xba560fd1224f577ecafacdb24c50544427549c15,1
0xba595a55b85bb25a25eafcf60c9bbbae6a31af97,1
0xba5df4294a09cc7add4bc5db809face502ea16b3,1
0xba5edc0d2ae493c9574328d77dc36eef19f699e2,1
0xba7647aec05ff875ef63b1e99b8477144e82af0b,1
0xba7943e8b4ad7607af6fd22cc31c68e8baab61ac,1
0xbaa09ea86a2367dedced18a53974cef97e05a3c4,1
0xbac42c9b32e574f41b86e20fba0cf479a5a1ca58,1
0xbaca8acf01b13ae0cdff8e86e7699e9984c0d0e1,1
0xbad3b0dae75243fc565e5b9da560b5bc06fb075f,1
0xbadd6d14e68f4377b982a850b1825a64ec572a5b,1
0xbae707a9479b6421888950d23b44f32bdff96e7e,1
0xbaea3cf94abd0d6e0f029ef5b0e54e9424a72985,1
0xbaed495c854f5e597ecc6151b65dbad260dca587,1
0xbafb4b14908dc0f70173e9ee3f8b631532051946,1
0xbb2d6d4c7eb53f17f4366db8e08aba7579ef327f,1
0xbb429b7fea0a934ed48ea0ab6de254a36fce502e,1
0xbb4b6130fe18d2b494ec90bc2a146c0bfb66ff28,1
0xbb5f929976f2398eb58a648f6eeff3ee61756b07,1
0xbb619b861e9a243c709e01ec588f0265c008dd38,1
0xbb78a151673fac1a0a2162abc7bee3a39b3767b5,1
0xbb88166a57960b36eb5fcb3ec4b5b4ac344d6315,1
0xbbabd418a775518cf9e0d4a7d85e2ae652a2fd88,1
0xbbb3e3f35bc02b492e415c61b8947d948981b9fa,1
0xbbbeabe433e37a1928b33a44ababf0f244773da9,1
0xbbcedab711f4cd4b0c29e30db01778535057a2e6,1
0xbbdd72fcce73c2626719be00259ddffef0d5673d,1
0xbbe3687ad506416152b798e367cbc6e3bffca623,1
0xbbee863532ff326e1950a59148ddcc9ab61987c7,1
0xbbf1fb03d9e6071aa99f35119ffd339b02ca9291,1
0xbbf693704fc6ddd06da136aff9398d23d6b37898,1
0xbc03f36e1205caf46b3e3d8475ff33cfec9f28f2,1
0xbc5de7e6c0f41527d9d0244e25b70966c4e6f60f,1
0xbc5f86f622ccf864aee878457c8fe8882994f2d1,1
0xbc79d431bb438fc67b9ee150fa07b8c313c52d2d,1
0xbc7c5dc932d36baeff0d394be629e5d3f02d4696,1
0xbc8c218b412f30971b4d68fe10c97c4a102f42a1,1
0xbc8da422868668c6b5a2e407f6692b23fb485de4,1
0xbc9ca5bd0f07700929f8d538233b0a9e60f4ddc5,1
0xbcc0498e3d3ef84310971ee831e39c1836f4ef66,1
0xbccc968eeebffc2586a50eef0ee1cf12273c9604,1
0xbcda185bbb2ff31cd759fd612a96edbe474ba1a0,1
0xbce3bd3b206946abbe094903ae2b4244b52fb4e9,1
0xbd0c22c0b77a085ddee9416d7949ea03e83631b7,1
0xbd12b97baffa8e2b23bc78e2bf6fab311f9dc536,1
0xbd682f85d917e70dd7817809c012c815a47ebe3c,1
0xbd72d021d3cb334deb3151db905ee073b8eee518,1
0xbd751cac1fb27d930a6a0394d97c77908d94ad5d,1
0xbd789028162fc5399a073b2a3d35683267704874,1
0xbd79942fa098bb62184cdd3c7b08b312bcd8c55f,1
0xbd88526a40bd28acb6761a238d7751d3f1bb5fb8,1
0xbd9d1d31a6a451f7a8ec61fc5fd491fd59d5f489,1
0xbda5151c8717aad7d276e5cae2f9e0398ee113b1,1
0xbdaa177939b58a49a7c155d651fb295452c7390b,1
0xbdb0dd845e95d2e24b77d9bef54d4df82baf8335,1
0xbdca0a84c5c9f67cdcc615e60221c088971620e4,1
0xbdd8c23c8e8a39e2cad6159c3a9483f4c106c616,1
0xbe02eaa2e8d22092c721eef0f6c31dfcecc31699,1
0xbe112243a36f44a86eefd542a074d31fbbc8c12d,1
0xbe278527d392ebb1cbe4818b95d984ff0a773d73,1
0xbe53ad6e733cdfa417f80450fbcd3506391ca9d0,1
0xbe5c5f2bc7546fd206b0a0e466f995cd619255f7,1
0xbe6a5992d259990ddf43dbd681568db292ba47d7,1
0xbe6d399a02182d7324ff44d14c08a40e9968b09a,1
0xbe957a475844c127ddd207b4ff1f63900fd13e57,1
0xbe97770fe96aa9e47566c5addd3d3df4ba62b343,1
0xbea020c3bd417f30de4d6bd05b0ed310ac586cc0,1
0xbeb156d15debfe1948a15a989ff31fc051053354,1
0xbeb6d135c54a3d0598d7b3a5e5ad0eaa8f1e593d,1
0xbec8f22861b48ffa99270c7b529fd64e52512331,1
0xbef879844240f6eeaccbff8311f3a5d22ad3b305,1
0xbefa75813e014df78ce092814a3e98ed737f3fe9,1
0xbf0ccf6293bf023edff3a327efaf9da3347210d3,1
0xbf0d0a4f0a1b4457c08389300bd900a8d8085e9e,1
0xbf16f4f1daa97c693fba53dbdf9f4b556f27f64f,1
0xbf24b40ed9568c92b9f684fbc3928ab9fd8ad8a9,1
0xbf24e4331022152b8da301560192d85a8ba91505,1
0xbf370b6e9d97d928497c2f2d72fd74f4d9ca5825,1
0xbf3ec3302ef6d98e8a20b61956232c446270ab40,1
0xbf52bce5c982e3a90ff13486cec73b3333877d76,1
0xbf5910b34bff0a843e69c129cef865fca4f5eeeb,1
0xbf60d108761b202b81b7adff5b1a167e5dff1baa,1
0xbf814810b44978de273191fd612aa47f7b69d564,1
0xbf949494127d3cd72cd3399d4ab38312757f4d12,1
0xbf99363007b348b7a019e70cce02e8ba62e95129,1
0xbf9f9073ffe94c58a856c6d5a4f4406a54b8762d,1
0xbfb7969e75ee4e58620f74135d167f5bdd60800a,1
0xbfbeef1fbac2483ecb4431e40ab3056b9b95ed56,1
0xbfc4fbbec37c291aed1d14f02b5221d0be0fe8f1,1
0xbfd9ef77edf8f1d9d6ee83cc37b0c62768e6d202,1
0xbfde1b001f5446756f7b99b301c26ea6f9a721a4,1
0xbfe6ab779517544df703159ea41e7d8a71db6ef0,1
0xbfe8d80ada3ba571d37ccecdaa58e952c2b0be30,1
0xbfec9ba7567320f2548736cd88b3132dbfb373fd,1
0xbffcbde3ae21b6793d41af372800870384411bc4,1
0xc008a83beb75cb32e1ac6a7aadcdf71b57f5fdcd,1
0xc00a0c21582fb3b305ec05241270b933cfe8afaa,1
0xc01023f253bf368b9dfeb6d24686a0821b136338,1
0xc01d070c4bbdd847b44a8b4e629e597ceb3c8a88,1
0xc04208f289d3842ac168f2c373b3164e1d872650,1
0xc0489c545e24de2e5a9f97d15030299c515ada3a,1
0xc055de577ce2039e6d35621e3a885df9bb304ab9,1
0xc0578ded7fb1bb9ff1126c1d88bb364bc0359879,1
0xc06695ce0aed905a3a3c24ce99ab75c4bd8b7466,1
0xc0bcbc0a91cd42e4808faf190e0ad6e9a6c027cc,1
0xc0c04bccb6c7d03b38f4659a981e52f9249de725,1
0xc0d95fbb7bf19c7665a1c4042b683182b34e2150,1
0xc0febc7b9e377afa3c55acd69fce78751e27bf8d,1
0xc105fd46408ebc2ff01c9dc6c7520fa9b4aa6222,1
0xc1342edfd9747f58be5a2469050e5760e1cad067,1
0xc13c182e306c342661a8c83622507b1407ce9a7a,1
0xc14c2c5eba68b9ef1e0501e2e698c72a9dba92f1,1
0xc1501775e8be6c1e33f9c98090856623c185b049,1
0xc15e0810f3a770ab564ab73cd0620c0886e31bb9,1
0xc17248624eddbd8fa6c0cf29fbe9b4e2b59e6254,1
0xc1755dc1b4c19a250dfeecd094ff4e679dd2a962,1
0xc1852b00378ef9bcd5cfe249287bf68cae1535f7,1
0xc1b0307ff325527511310c7d6fd3248188742f86,1
0xc1c6f19aeb0205d338d76e3df6ca6ba47359646f,1
0xc1d5393e58202108e94a686b15ce36c6fdd521b9,1
0xc207ceb0709e1d2b6ff32e17989d4a4d87c91f37,1
0xc20c9a1db1fbb85016ca9e1d727742e2007b0a1a,1
0xc216740568d9c8acac45fe579c67b7dfba6b18ca,1
0xc217c3ee4b582e0a9cff8b3d8528fc9d4cc1a1ae,1
0xc2396fb28dcbab81a8620a3d1f3f93baf35f9cb5,1
0xc252e3299108a1e0a0d2e59edf7052cf3b3d867e,1
0xc26012491b9dfb2e6f2cb0305673e212721d5950,1
0xc26b57ce5216a58a2ec67e13cb937ad8a96a1e62,1
0xc27a2054d11eb3d8034ded16a19cc0d1e7391b48,1
0xc2b0f8e19cbc759185f4d2b4f3d19eb42bd69881,1
0xc2c977f014b28f465a9549c3867ccfc33d8f6d29,1
0xc2dacbb2dc82e81fe2d3e7e5f2bec2cf0bdbf14f,1
0xc2de42cf18e7b5d9774050eba2d5e2a33bf3bf63,1
0xc2f43f2edcdf95b0f3ec0edfa25669b377a509b5,1
0xc301e2a117e00f17dfaf1ac1e0e045c1b6b19813,1
0xc322e8ec33e9b0a34c7cd185c616087d9842ad50,1
0xc3250be2f664db7b423973adfd400e4c5541a445,1
0xc32dd5e3395b12b4c200e110898585abcc60d95a,1
0xc33164f7ecc76869fafd44363cd094a22e0c296f,1
0xc352b534e8b987e036a93539fd6897f53488e56a,1
0xc3644f5d3c1cf53ec7af779dc116fb8f7f40cfa0,1
0xc3752bb159b9df397fc9ec7b971ebe88f2984a68,1
0xc3989dddae38f59510baf51a65ec7d1d3de0a17e,1
0xc3a4edba0f1b8cf2dea76162991356f522f21677,1
0xc3b2c6d642f7196dab561c19aa5e5928ed4d3e57,1
0xc3c9737cce778d7583f31ae7c4f2ab8782ed51e5,1
0xc3e0e76c1621d0b3ece7b94cd32a5931f4f017da,1
0xc3e3c98b275780571923b2e932fe2d59505a2e01,1
0xc3fbc3f485f0d9b0bd21b13a4aaa8340160156cb,1
0xc41530c522fe7437f1bb15f61627d447670c2311,1
0xc41aaaa3d4dc57c86ec4f4f1caecf1a94aaeec73,1
0xc41fcd4c1cd4b6229e37f621a94997372924af88,1
0xc422294fc110d20e70e8fa2e09efb930fd392b88,1
0xc449f005667bef849261b35accf931a4bace48fb,1
0xc45c7a82623d33ee882f7cd2fb1c74de44ace7fb,1
0xc46db2d89327d4c41eb81c43ed5e3dff111f9a8f,1
0xc4798b79d22630cee83b4ecb0fd98cd5ff0fbb62,1
0xc481aeec5a219ca98643e71f0b967f40bf211b38,1
0xc491c7e4fdb0ecc6ba7cae17bd3a571d67e59e43,1
0xc49fdb43ee7829c4e505071d7370182145091c6e,1
0xc4ac53cf05335c13d60cf3cc362a7d1f427bfa7b,1
0xc4c1d995819e853ea938b3def7431c9efad48957,1
0xc4c3f78e1b605d2984d02c30b5898dc7ade4374f,1
0xc4c4aed3871be9ebe51316e2ac888635ff633106,1
0xc4c698d9e635ad8729df400a75902c0cc116cf7b,1
0xc4f370c6d3164a56971692362a9e488c0992a29d,1
0xc4f3bb99f1c2eb17b5dd51b36cbfac82f6d644e3,1
0xc4f5b7207d510e2f35d045b278a29f57dbd9d15f,1
0xc4f8e58ad43a7b29e116664921efaad2504ea2b8,1
0xc52650d88793cf5fc0295bee9ae49284e67fecb1,1
0xc543516f145300ffbd317439d70936c2cd78a0f2,1
0xc54bbb19555642dbafbd43e7bb1ecddcb25614ee,1
0xc576939f25ef612b0d092f569ff65cef15d9d6bb,1
0xc58326c7020f26345f4568cc09daddf019a8e6d4,1
0xc5a0db55a1ab6d49836457122e1ebea6795c19e6,1
0xc5a2c46b7c2cdb47732e921aab8c0a2f6713c7ac,1
0xc5ae8be0de0d21f1c0bfb56e2fe292c62d577a47,1
0xc5cf4b1d8c0fd6102a357f63c05b15b4682e56ee,1
0xc5db20f5ae211c646960eabd64d4f39551bad839,1
0xc5e38233cc0d7cff9340e6139367aba498ec9b18,1
0xc5ed0799c911bf8147680756825725eb038451c8,1
0xc5ed50dfae205376b17875da80b7182cd3717af9,1
0xc5f670cc55ed46815118428261025919cb4e1a63,1
0xc628a7174d75ad33e9becea75df7ddf3df31a502,1
0xc6411ff69f1ec6bfb4b082f47db61dbedcab250d,1
0xc65dd136d20589b8e07ad2f088fc6f9216900454,1
0xc68092e6a9fcf32b1e1e3bba0e9132b6005599a1,1
0xc68452032fec256e79f8dee44cbc5dd44c6b4e14,1
0xc68c7771ec6a6e5d67d62aa9c6f22df69865e401,1
0xc6ba129045901e29829668ae36ef5eee2d2ec1b5,1
0xc6c3752bdab737b8cfa174e6ecfa620ec0cc162e,1
0xc6cf5a020bcfc65c6f8181c04cbb5ef5050fe28e,1
0xc6f6c89f7f297b5230d2fd028ac06f0677c1857b,1
0xc721ee4cb7e6405831fcdd044a7ef78882a1ca7c,1
0xc72aed14386158960d0e93fecb83642e68482e4b,1
0xc72c599caf508ae796111e00e969e68b035fc111,1
0xc72f024f6d70d2c3ceb1bc63ab283d48f1defbe4,1
0xc74c307d2ac5a5e7af744a84072bb9f1d1c818d8,1
0xc76ce37ec0da3916d23e13836ad0fb0f75c5738e,1
0xc78b0aeadc6c93db96f1abcc8ea5fb356680fbb7,1
0xc78cd2e1e8ad4a288eddafb139c9d0891ad01ae7,1
0xc795954bbd35c4a05f137747ccc389d8d8269620,1
0xc79ebacbe088c2f97b86148fffd4893987fb20d2,1
0xc7a295b1b2df1efb82aa204958b98ac30171cb85,1
0xc7bce04163374984e6aa210b3b8e444067df2355,1
0xc7c0af77228d3ffdc326a62504f8cd5c9072de77,1
0xc7d2d152dda8cf7a7860288c3db9a1a4ce29162b,1
0xc7d7852c8936cffd7903e07ce0758527c4b3e9a1,1
0xc7dec36e8b4d7e574fff335c7fdde1e7bd4982f6,1
0xc7dffb6a774f58f777bf61e166d0faa0c1fb4403,1
0xc7eb1916a4d9c7ca782114ed365ccf6260afab44,1
0xc7ee509425388d7bef92418b881576a1654d2105,1
0xc80446f2a8a54e0572759a2dc6d24ed000986915,1
0xc8108a3090016350c93094c062543f39ec605042,1
0xc8318ac4936dfb3c36fe8d39c8a7180026166d05,1
0xc83acdf0e7b0b617129389a73c50f8c5d432ee47,1
0xc84aa1d0057c0a0c1e459249c9c99dc7630c1021,1
0xc8553f1119cf80cba77fabf0b1130f5b1b5a51a0,1
0xc85b1286f12b5bd65c20cc5f516ed4cfb71812e5,1
0xc8690ca8c73329be3124b38944e19d80b509a733,1
0xc883a79e8e4594c4f89434edb754a10da2311139,1
0xc896866e927e6f8a416ba209976115e79fa0a66f,1
0xc89a3292eb0a8396a2505deb6195afa7f83a8a30,1
0xc8bb53baebd6f8d9bdf617d915a1cefcb91744f9,1
0xc8bc8b83d592f9c72ea3ff494907280aaf096605,1
0xc8cde7eb1a9ee36f8f760dd308ca94f6c6fb88ab,1
0xc8e537b616341568611ee06c6abe78b65505c28c,1
0xc8f5cc344d6e3b37cea01ee33057028f298b0ebb,1
0xc90b5e7f8e73dc312416ee2b3c4a2044c7d722bb,1
0xc92af42268ff68d4e83a39d2ac6298425e84bc45,1
0xc94bb9a7485954e17f589e572346cd8b7deadbe1,1
0xc97cfd2c3a3e61316e931b784bde21e61ce15b82,1
0xc98a513970f320b11ab408c12eef176292e227bf,1
0xc991dcbd79233994c5f5d3f347b020d46870a1f2,1
0xc9c5f7465d21f2c9c1fc3231e233159739fac98e,1
0xc9ceeabc1ac7b96fc45a1c94edaa3b10197cedfa,1
0xc9df79fe514b75cc9f372cd32c8ee6ebda699bb4,1
0xc9fef486bd6e286f2b3916ded5f15ef452a8a4c3,1
0xca0288c01d0f6938c0bc708f448fae866b6fdbc9,1
0xca11c6b5268d41ef7667c6e25eeaee9e5d890cad,1
0xca25f7fc6a8532a86df01e7aa9055219abd8a65c,1
0xca300722464cabdb4290c4c7f8426c91a7f93955,1
0xca339bd4739227f71b646f8b23ca098c86f6c3a5,1
0xca3872b1f2203c4b488955f6d8fc28c35315b507,1
0xca3dff8c740dee29528916eb049cea48f500d387,1
0xca4cd1152aabcb80859add1406ab7ec55e963e28,1
0xca4d811c634261a23d95ad7670d0d530d76a75e8,1
0xca5a494ca20483e21ec1e41fe1d9461da77595bd,1
0xca68193e07da540a36b9d81fe19670029a50bcda,1
0xca83e6d17df3d7d2cc68f452ad264742410e4b3b,1
0xca87c9878c7b68c62c575cbb85f9c82d0ca24d75,1
0xca939f5beccbbdaf1d8e34dd549f491de25273c3,1
0xcabd5f77ca9d48f4ef9793f20de42ad39ce93979,1
0xcad5a965888f1cf03e842c8b126ec3ba188bfcb2,1
0xcadad41ed0cb4227d3fdbc607cf5f24ce3848a3f,1
0xcaf3365d474690a1ac6643d3d6ef44cb0c6deec4,1
0xcb142075ae31e89d939b74494415b3d7d9b0bff0,1
0xcb20f188dc526074f89267efbfb18ac874cee4b9,1
0xcb28f90dcab551f9fc17afdd85a09495a87f078e,1
0xcb34abe9530450f7606a3abf03564fd1179f3586,1
0xcb386c66ea4a2712c64127e8a3efa26ee819e6f3,1
0xcb450c8e269b8b96c944bc5b19c51100bdb4139b,1
0xcb5ebee4654ce75db2f5c843ccb515988db52b77,1
0xcbb49b18f2e9d002bd79fc1495fcb6f6f87f1e0a,1
0xcbdcc75b7cdbc48aae848d86ee2f11a5cb70b3b2,1
0xcbe1f088372860e3b91dbb72e13745318b678afa,1
0xcbfffc9359de7194aaed99c54f5ccbe5350ece0c,1
0xcc3436512cb5ae81f8cbae3f4a6fd70fd68128e1,1
0xcc3e5f175b24664291afa6e9d551117f05fe8f20,1
0xcc44329a34109d973326edae0f04cf0f71f406d4,1
0xcc4a2f7c97fd99b459a022368ef2e3ee4388de6b,1
0xcc51de116d96db2dfe6b742c265a81eb5a59529e,1
0xcc902d85b2c91577c08329795d8d33866984beb0,1
0xcca2ae9e8ff8c2f60e195678be1d379c78a4a758,1
0xcca8553e86e76ae1ad02a03f7faaaec3078f2638,1
0xccc5131db50b631e0c6c4490b111c298dbc0c7c9,1
0xccced73a5d2fab46307cb3066fbc05f899390e25,1
0xccd063930b9791e31cb105b346d5702d44de3c28,1
0xccd33f7b7dafeaebb50fa75c2b1f30ccc0f96cbe,1
0xccdccbbc1861cc14dcb7975690e3775adfc8fe72,1
0xcd094518f2d30fdd8c7911636bd8b52bd5303066,1
0xcd1ab231cf7f0d876c0a99e1209c9227fd6f67e8,1
0xcd1e2b92084f43bb68c180086bc3c96d214a1076,1
0xcd289df46f8bd595f3a886197c1b8c260ca26eaa,1
0xcd35b326ff2f6e19be0752840995f276b1e2986f,1
0xcd5ffa279b8e4dbfbdc2fdc30f7d1182ca0a0d40,1
0xcd83fd24bf35f0bbb42381d9ca371a0cbbe704cb,1
0xcd8b72710595c69019c109aef5b1b92eea7f995f,1
0xcd9fe4ba0c7f39095bc4efa31642905f8aedc3cb,1
0xcda62bcbad763fe4b8ec8804b844a9849516d27e,1
0xcdab2e0ee12eda091baa1e4316806ddef91880a9,1
0xcdd03a39690f1a8f63c05a90d114e9ac05a4c442,1
0xcddf1886448ae41b19d261593ffa8f91a152bec0,1
0xce4122fec66c21b0114a8ef6da8bcc44c396cb66,1
0xce4c497b87e239fc20385f759fa69fab3abcb37b,1
0xce4c8a44881d290865598efb51c1a05ecb8a8324,1
0xce4eca760c94ca7e0b1f9be51913900152d70c76,1
0xce56a746edaf84e65aa6a2bbb45b2328f6a99935,1
0xce723e6912ff14b7f5db305eb3c3091b50b308e6,1
0xce7a9f981a2a79c79340297edff7bb6b73f71913,1
0xce802a543650cd6cf7a6e9272fd8555b95dba108,1
0xce8a86fc6235e94a731b8e43eae8cb68840165c8,1
0xce90a7949bb78892f159f428d0dc23a8e3584d75,1
0xce97d5809360ab2aff18f923a3c0c39eb4f48e23,1
0xceae4ca7d082856d140f3672780029d6e90c3dcd,1
0xceb78abfad166c11e350156fd671b385265a6c87,1
0xcec50b407882609bc53b18b7d58a1093aa597fb7,1
0xcece625176cead11c8d2dd6149fda2496b0c192d,1
0xcecfb5155a25fdb3aee8e6fca461a9f590973e87,1
0xcf04c33bfea64cf5dd6ea97e2d5620f825b03b49,1
0xcf09bdb699a9f75d7db60e1cd2ac7a34f693954a,1
0xcf19536605796f12dfe929f7e32cc1631c1e2124,1
0xcf1b860284051e86fdbf654728008c139b07da9c,1
0xcf2f67229aeade145c9beb8508798458798e7b82,1
0xcf372762fe08682528cba6bfa367a768d7b0afb4,1
0xcf3ea17855dc7f0765830cfb535ec268d786d611,1
0xcf48bc4613a8e524aa2f897105efd86a6b13a304,1
0xcf5e78d0ad0d9a6a9f3e1c631040a164170538af,1
0xcf5f4159caad1b9fae597b3cf68f59000e7e516e,1
0xcf739b005e1ec76ed3fa800fe73747ef79ca990a,1
0xcf74e42266de87aa1a3dfe1e1c5f46db0ac752b2,1
0xcf824bd736fa37c151564220905bff2793f7eff0,1
0xcf934852f4a8048b60df5596ed2baa430a99159f,1
0xcf9799f5292bf594d1716e941c67bf77c29e1a8b,1
0xcfa877f388b06471eec1faa5fbbf6c4c73493a80,1
0xcfb3adac1f63fcae9b9c559afd60fd2d6b52008e,1
0xcfb42beff76fa002fd2911d997e8436dfa7c2e93,1
0xcfd648eb66b736351f48dbd5a1752708371c10f4,1
0xd038d146dfab6b92df8ce2c92369f09375fc5b32,1
0xd050c97e76f882187c781feb2e74345227e2f710,1
0xd05d4f255e178aed5acad95cf58aca2ee24034be,1
0xd061c30d9711dda98b4e1b174781d9cd587493f7,1
0xd0701bfdb70f69c7b1855db1099c8abbecaf9310,1
0xd0981e004f98c7e0de915a6b68a73a2773f4ec48,1
0xd09d63f921b5cfe851a197dd78d4d32902b80e60,1
0xd0a8b4fee6427b2aefbd64acf7564767dc61c99d,1
0xd0afdb750dd8c5c6a82a17e90333944d1ecdfcea,1
0xd0d3189ad4f6d0d040c5c9b572722afaa480c604,1
0xd1039070407a68e067cf0d46424da494ecee4aed,1
0xd1042637cdd71f99f3dc5877030e67f3789e1c19,1
0xd1102a265c1325059e72797f71be37481db1e588,1
0xd113bb5a53537b961996601fca14e4e379882d0c,1
0xd1295fcbaf56bf1a6dff3e1df7e437f987f6feca,1
0xd1380a4e089950ee3a23d818e24ccbbef003a432,1
0xd13c2691e0715efc6070f48242bf4317c84884f1,1
0xd1444a157d883000f223bd118505dcff07613bb1,1
0xd14b7767924853738477770f52c6f977532e052f,1
0xd15bb0ae0ed3b43204a1d7b5206dd29212cb9608,1
0xd15e9e10cc7fd71a07821ffc3224cfdd397cbf1a,1
0xd176aa712d3256553f278c649fcd5858d77ea031,1
0xd18860bb12df45b60fcbc4af85d8ddad3c24ec37,1
0xd1938759bd2917cd8a7de3d43e7c595cc58c5c85,1
0xd1ede4be4d49aeceb86c3c0d4dcca58124817eaa,1
0xd2083a71e0759984f84afb6b9513bcf5bc3e4b26,1
0xd209cfa7f31a76a2994c949c3a7ad0415dd83148,1
0xd2334dffcbe3c02738835291a2b59b226eb9efa8,1
0xd2401c085224989fccf39708cf9c057913f70596,1
0xd2476c152f39ccbb019cb7d4f312f849416bcca4,1
0xd24ca6507e6e84730c55d367cbbd713472d168db,1
0xd257a733e6ae3d5d91b98d38e59101e334bc8ce1,1
0xd266c194e126d4fcfc85e8c665ed7f668f6aae93,1
0xd26d6e324b40f4f0f533e3d6a781f6e602bc2549,1
0xd2ab14c32c502db1a24f9f04e146976ec699d4ff,1
0xd2b7d1bd1348dd15377817108a60d1a2996a78d8,1
0xd2b9f9d1e6734f241b2a6eb64ef7f6e63af0a97d,1
0xd2ba87fdf3625a60ffd75dafc69e55edee33a0e5,1
0xd2d5ba17cdba573cffa0ff3e260100b05cb2cf45,1
0xd2d76518d7620bfb9189e5716eb7957464457da9,1
0xd2da8c9c46e4b1879134895ad826d8543aa40e0c,1
0xd2db89956aa3378a1f221d69d17531d1f889221f,1
0xd2f132930ea3c58a389c6ad3a91ef104f95fe697,1
0xd35f84a9f82fbec2082b2b6c9afd20b4a8f7c959,1
0xd35fc346e15ba5b446917c9fd23a9471d6144701,1
0xd361363a6401870ff8a23b7c77c004aecb8c8b84,1
0xd36590461162795ee33099b2076a0d4e017ae17c,1
0xd367949ab0bb174596ccfaf9456ffe7ad9016998,1
0xd37d05655d8974e3d12e23cc1be06aaf4d4aece1,1
0xd38ff920ac74ba243a39189a7d9ddf3be7139f8c,1
0xd392ca70ab10c193cfd72bfd800a83b56e6e4478,1
0xd399c19d90656584c5e5af4e56fbd9847248fa4c,1
0xd3c3678b3f70e43162aaf21039c4669a0dd78c81,1
0xd3d160b73e7d8356ce252530427bd8da27e6b0ea,1
0xd3db5696a9ba97febedac8a9a29d45a42f48fd75,1
0xd3dc3e6800f584a562565f8caf2ef4e47863eabc,1
0xd3e2e76e4ab0322614fe7aaa3be0b04bed83d0d0,1
0xd3e401814d1faa8ca0419ecccbfee93ac7b15b31,1
0xd3e580b056c9ff4750216afa08dcc5a063e09a0b,1
0xd3fb1e749237739956fa1b244555b81e81b16cb8,1
0xd40b63bf04a44e43fbfe5784bcf22acaab34a180,1
0xd4100a2e1aacdeb18bcda92a280124a7111a12b6,1
0xd413f436a036b9773d7adccaac10242e27b9da74,1
0xd414a84a2b252b42df4af4e3426415068e9c38c6,1
0xd42fab871e708308a178798edd7eaf63638ce519,1
0xd441c4966dc9e80a335c2c119dd22393288ecda7,1
0xd44e9b676e74ae45c0a39150be771eb189bb2337,1
0xd457e62fa7a8130d6b0a6273dadf13be1ae81cba,1
0xd474f1fde097921320dc02e2d710160ef4c42125,1
0xd47cab84aa89002475bd01e63652e689fcf939fb,1
0xd4a08cf067c83d1b2cc1d26831569b7850804be7,1
0xd4a1dec441846fcc444dcdab7122f690370a3dc4,1
0xd4a399788637518ac3826da5bd648056c4b9f993,1
0xd4c5211966074126b8f932596a26a34e5ae31d45,1
0xd4d3046e0a37ce7f50280336b24b5e097fa3c3e1,1
0xd4dea88e20630d3b0611c1f736c525c520a6d4ac,1
0xd4ed6f78ee9540aa95a41939cf346830165bb75b,1
0xd4f4d8e939426637a12ba44da26b5ed93590196a,1
0xd4fe0e8d4080723843dfba21320360bd724b263d,1
0xd51c08261c824c8ee2e2cc006385971d9c337f63,1
0xd51dff42e0cbecb49ad1c27dada0d1f31e133fd6,1
0xd550328e6776a84f5541b417aff94e84478d12a3,1
0xd561089df1c5b43b30b88c763611a2d4d1a14598,1
0xd573570dd74b815411e4a304919035cbf178ba71,1
0xd58518b059895d0628f065f42d2d90d37f347f1a,1
0xd58b3bc6aa9e041a7e04a77cd8cff0a55aa37d62,1
0xd5a0ba47d5217418992d6887b3bf044961cdec35,1
0xd5a6c4083d4a662a2a74babde81deb3bc45b950f,1
0xd5fca5cec6cc8ca297f9c6939fea6ef666668888,1
0xd6061529471b7c39e71e94834fff7bd541374529,1
0xd62af0477b1991197da39a38cbf9c7199f4737f3,1
0xd640c898b0902bd02f69de0fe8d0bd560956db76,1
0xd64379c6380e08faab950c5e62a7f6295c7f9c79,1
0xd64836135240b9c1580c87f4660a369cb264b7f7,1
0xd648e0c5e58255be4df231adb1f4173505d6fd96,1
0xd64d9f5b9050a634ef9d0089d22766a36ca8a2aa,1
0xd6af36fa36b42b4eab77d395ff536aad6755dc80,1
0xd6dd6961d3224958fcd306b76a991ab974ec1ebc,1
0xd6ef6221989578889ef0916c046e2edd3a2b0523,1
0xd6f2a485a3e19a94e607be99d32022508ea9f0db,1
0xd6f6adf60bbdd7b573cae0329ea85978ccb60448,1
0xd70150a7a5a42d4cd25974dae077a79a1547fcf2,1
0xd7166b25b78f76eb099eed4ba467cda03eb85581,1
0xd72cb55fd6e7d94808b27b15f6132cdfcf5a0461,1
0xd7473ef09ae9c072f2ece3fe7ce64e670eeff283,1
0xd74c58684d32f312ce70076bcfccb10be7459b95,1
0xd74d9f51e64113b96210e5c063db818510af90a7,1
0xd76491ec125ef87b9c481b7636e9ffccbdbeeecd,1
0xd77f3ac3c898abfd62233b80e2734fccf9ed1587,1
0xd78b3277352d7c7752831de72510f485f3e8a58c,1
0xd78c7aa0455e78e5305ffc4a672b419b448ec816,1
0xd7930cc99aedae59656f5fd19a580eabe48fa7a5,1
0xd7a90d17bacad19eebe5c2923804cd9034b194ff,1
0xd7ad8c29574b401d1d4f47a1b8765ab806a81a35,1
0xd7c4ff4e79e2299c0da09a500b33323f998f7a32,1
0xd7e1bc51cd3f30e21b17bab33d77078e3fb7cc26,1
0xd7e228b7eb0c727706d5955c4c518cb10a3e7a19,1
0xd8032e5bf3bb016c7195d1d494c9222832ae5d06,1
0xd839464c711294358b74badf801d935cf6b22e01,1
0xd83ceeb78c3b94eda193a34c1298847afc5b89ba,1
0xd83febd80739d3a1fdd22d13e28912b5ab18bd3d,1
0xd84463d061d72a3a135b9a4ec0ca88cc4bb2d27d,1
0xd8472cfddbdc713618ece5637f0913384143bcbb,1
0xd8510b62d034772feed890a28fb21573a57f09d7,1
0xd85af7c3998e03957adda27fdf273f5c551b6746,1
0xd87ca052936bcc2b6283b87d2f0aa95cf0080584,1
0xd8b45a727626d2e9037e5040dadfbcd02342a6aa,1
0xd8b9f8a36ac3661670e066800a78882e5bfc7018,1
0xd8c73bcef080f33e37ea5a415bb0778ecd72ce3b,1
0xd8d63e6b1ecc791395e8bd9334d49b1b58eabe29,1
0xd8d97db2a8caec33d58420aaf637cb41058cb58d,1
0xd8f3d5e9a199a35429870fca8befd159bfe48747,1
0xd918252c46bf5d399ce827151b422810388c79ec,1
0xd91fd7e0c2f403ed1ea7d13bcd840de3e9b037d9,1
0xd9270fd770b3e06f7b4a7452f531f035826a2eac,1
0xd94e9acc4e8507f298fd1d0248a78b8d64810c65,1
0xd955a9e5d65e1cc768e6317c217add952efd7915,1
0xd9633d413da473c77bee73ce65cbcc02cbff2682,1
0xd96452c3cddd07d161ddd6202068847f869605c8,1
0xd981a38d80de1c1528349b841833d3a9a745cb37,1
0xd98456039d00b5dbab36841148f5381f79c136f3,1
0xd9bb15ad632d9b254735e596c70711e27603e2d1,1
0xd9e2ad004ac82915d7472448cef2b182547487bd,1
0xd9eed1f848f84dc05e4dcdd7f693e139dd6126aa,1
0xd9f73ae185be3cab56be8ba1fcca93483b09ee37,1
0xd9ff1fbd68e910392dc404f8df0fcd23a64921c3,1
0xda09e205bec51569d0143998b2ba0710498d8794,1
0xda23ab0b2636c3f9806a868278d73aef2439ab60,1
0xda2a4b981d7ea12b46a52cc937c12666c552cfa9,1
0xda33d5a9720d482c5af1e9a481498019c9b8e0cc,1
0xda34d075a38932b60b19d157b49b1b936bb22292,1
0xda3bd457fd29d932a5f124965d7920b7ac935090,1
0xda4bb0c3c1061d468b4d57b08e5de3c781ce1d80,1
0xda5c62c9773bdee4f81587b454f57d7767a889a9,1
0xda6bf1dc76d4f166472cf329ead6a19d19be72aa,1
0xda7abcd0b32a99ca6eb7e9fd14452a5e71f98f27,1
0xda86d12e752631964895e2ae91c8fc8465967d2a,1
0xdac920a79d2c49ffe2a88aa3185a99d7b382e37a,1
0xdad27cd975740d05c0860b6f4e3bca17b59154e5,1
0xdae48d7b5c73a95f74caae08f7f92d3b7927f449,1
0xdaeabfb9cfb814d246f756c4fb12f253ff79ffe6,1
0xdafa9e3dae493f0b9d6872eff4fda0f40d1b7488,1
0xdafd126712aacea92eb9fda9f148d949a3453faa,1
0xdb24f4bdf3f171f8f691cf9d2d4cb4e77675453b,1
0xdb46c7bae3aed8bd740c1275c3717548954fc34b,1
0xdb486464ba28b4a5cc56e1926ce9739aa41c713a,1
0xdb498f2e3488c6416543524eafd1c2d8e82c1a78,1
0xdb6aab3f6e320926ade666f03a34af31ed08372a,1
0xdb6b6317650d86c28174690ab1fc0406cc1d20eb,1
0xdb897d2dba51155735cfc39b79f3c47380efee6c,1
0xdb8ea1ec344d792abf6ba072594eb67523583d8b,1
0xdb9d5b439493b6858a7b8d11cbf5885a39a07913,1
0xdbbf6ab5829ded793063b23e80abf5530bd27853,1
0xdbc70429ad2ad5558bf2cb6852d13fd1f20ab35e,1
0xdbf58407556c99ec0ec743f4c2549fcfa467fa67,1
0xdbfa6a12b21ed174a77fad3265985c51fe7ab77c,1
0xdc0046b52e2e38aee2271b6171ebb65ccd337518,1
0xdc026f0a796cb3fdcb401ac99677684ca68f4921,1
0xdc5853a54b07cd7b0f6fe233aa3cb7350a11c696,1
0xdc6eca7b06aeff50bd930b26a15c834e0b36b36c,1
0xdc6f8d916e9c4b18e328cca07d1434a3a9b46476,1
0xdc82142e5fa1ad18bee3f351d0c820db63ca5a91,1
0xdc8307ce063e687c63fb2b4763e0851179d66656,1
0xdc95c26111734fa5c91a250f626276fc00136e90,1
0xdc9e112ab6859b519dd51548c64894496bb38faf,1
0xdcab53e3c8a2c37cc5e2509c2db0caa6c04f3ce0,1
0xdcd4bfd2fbc2d3274c9b7ff9eb708edc4f6fb283,1
0xdcd5367d73c688f8ad153f36f0aa960864b90533,1
0xdcfc583c9d2afebf2a246b97944484eba355ddd2,1
0xdd19308a9731cdecb67e0d80ca6823394208c045,1
0xdd3adf8a817421dc7a7434c9cbb148601396ac44,1
0xdd5cecf2835d465d490f79ad9773a848805a3219,1
0xdd6cc7f2091a2c12e9f32baacfe000aa5c41f6c4,1
0xdd7f515c9b48e3ebbb9e0842cb18454c48f43538,1
0xdda1fd1fe706a6b69f12470fc7ee7a1ae32748e9,1
0xddac9492fb80ae7736c3fa930510e8e05c5baf9c,1
0xddc08d2495e0dc63b5c0d8e7f0eefb58140c55da,1
0xddc27a0a0c24d60b607dbc7b008f2016585e57bf,1
0xdde542d11949f342c1313cb1de84d983cc43e1fd,1
0xdded8da4d088753ab894e510413f52ba35fe762d,1
0xddfa2e904e79b251a1d0f4081b5919ef18c3d994,1
0xde09e20c98eb4e73bc149a80ad4679409c87d43d,1
0xde1b6dd59a147a5cbd584f5ec2e0954cfecd2816,1
0xde28009608e63a512fcd4671fcc1b8f9aa8317ec,1
0xde3b81bce794f0031292431bd029df68931c030e,1
0xde3ba1b41e6c612a3ca3213b84bdaf598dffdb9b,1
0xde419e1ae03364473cb050765553790a009bfbdf,1
0xde511611ef1d619fe478ad00ec9bcd1a226081b5,1
0xde8827a4d3d16229d509bdda1e419dff1d4f7a9f,1
0xde98dc980df3b023e69a09d133efb17598756d8f,1
0xdebd22d7f63648dfb69bb6e2a4c88264d578c0a4,1
0xdef49089d57c5267b0621632736630edc8c55fdc,1
0xdefbb4e3ac96da6aaade47621ac5cb7dbb94af79,1
0xdefc41b870ac02e788dce845bbe32b764dbb8f83,1
0xdf0110031c2046c7745edd5c5265f3aaea017447,1
0xdf119a162d76bd41aa0d55674a899424e36f7de4,1
0xdf1e3abb229d42a182ad61ce8a63355a8a3eb0f8,1
0xdf37226e568195e8c6d1f580da58e7a12c20f22a,1
0xdf3a3366e40dcdb9de0af5be8037d95cfbc2746d,1
0xdf4ad7230bb41e328618f7b65d2f4803c595b28a,1
0xdf4c62f992ab29c3649db1fe65425c055b5c3913,1
0xdf533763261c6a66a6919b368a8cabfb190575d0,1
0xdf5d649b9660b52103a84140839dc01b5964c816,1
0xdf6150747ec370af86605d85a45cb05711881dcb,1
0xdf78d368faacae625a2c088204ceb4c095e45ae1,1
0xdf8b134fb7743acd805ecdee11335dd0cca921fc,1
0xdf8b6126ad15cb46ab4ad1742eded113b6cbb838,1
0xdf9396b3600583c3dc1e67d5c963f0c4e230680e,1
0xdfa7777507f7ba68aa42192d714f747f77c07f97,1
0xdfb152bda61db37ff8fa011bec0da90101b42037,1
0xdfc0710a3fd8f9ca73caf800dcdd737a7019bda8,1
0xdfdf4762fd8fec2627203237c5d577a53dcdd940,1
0xdfe7d5c5a6ae8cdc4cb7d6a8d85bda8906946ccc,1
0xdfe9def041c0a05d3de86d24adaa8f9a31cd0118,1
0xe0036fb4b5a3b232acfc01fec3bd1d787a93da75,1
0xe01a97fc4607a388a41626d5e039fdecbfc6acd9,1
0xe02649cfabb43029635df6a5c42c8f29637dfc5d,1
0xe0290cb6e1b5ee334b65b5e84cd85143d39e9f7e,1
0xe03a5189dac8182085e4adf66281f679fff2291d,1
0xe04da86529bc2078c8ae3474b2d67bedf1139c95,1
0xe05adcb63a66e6e590961133694a382936c85d9d,1
0xe0719af1123a4f6beff552d5fb963cb278ca1ae2,1
0xe0753cfcabb86c2828b79a3ddd4faf6af0db0eb4,1
0xe08572c25c8aeb68fd75b1a135b14e4a98ef5fa8,1
0xe08837aebb0556b9691f2328a159640505f91a71,1
0xe08a3c6eeca3908314c90af7d410c02642b7601e,1
0xe0b36e06dcb67c1545f091eda3e5d8004dda82fa,1
0xe0c7b4ffc36e089d41dcd84dcd397e9e44bb1330,1
0xe0d209b7324d982bacb757f724ebe00a9792ac28,1
0xe0e263fdda4dd2432343b1ea2e49086cc3f22745,1
0xe0e31366067277dde4a391cd5d77f43cdb9ffa6d,1
0xe0f2567fe0b74c1fd3650ebbceba8110cc844752,1
0xe0fa4a19c108eecb019d131cf952c028c4e7a014,1
0xe10824fd1ffb9951215025eb26cda42d2d8d9c4c,1
0xe11e70466d9819c214a1a55ad00d25fe6131a241,1
0xe13340194473cf22c15d46eaf93df0d7de3a8150,1
0xe144ff7a82ae2d6439f2c7bd2ccb7c1c94344fc3,1
0xe155eb13d4a5ee61fa7d7015451bcafe3b364a53,1
0xe19708b0c440fe4126b1952962f9236c8d17083b,1
0xe1993e7689fd09d90ef515e931f374105d047388,1
0xe1f764f7db94e767072e084224151c8a7d0a4e43,1
0xe203882039bf2ae11fa04f52e885bde164d17112,1
0xe210c81950e74c7ab475398fa6d332f0ded58f80,1
0xe21e3e6529f318e6f9be1a5656b72db047349fca,1
0xe22059d454c705f70ffe2a5706844a3a27a2bec8,1
0xe2578f2e097829265924819368d37910dbde4ab1,1
0xe25e0fe856eee77d51ba666a0190d4e306b9e5b8,1
0xe27c5d32ff9180fcb04d095cf4ee6a4000ebe7f8,1
0xe28470253f0c9c7afbae7f61795d6b1ca4644b2f,1
0xe2acc98b1819dc611d04328eff4bd3365bee26dd,1
0xe2b1fe3cd6d9f652ddedda1d4cceef8443664b5f,1
0xe2b76c9f15a1e5841a91b404ab4be1c3e5d19551,1
0xe2c77765bf2c3b790b9524fc808a0b807a210138,1
0xe2cba18876ab53899258a4696a73ded50577b5c0,1
0xe2cea837ac34820597549fe37fce63ee1725f8b1,1
0xe2eef3d95b0549fe1a2f28903daae24bef6940b3,1
0xe2fc343bd76e2fcdc582ce0bc3773e87fc8feecb,1
0xe301612b0751f6d862a27be205fb8e3c40c8c6db,1
0xe31ba95e7b4e5ed221cbec52ac8f2ccd390e3d4d,1
0xe3262eede42a5eb5189b7a57443257d35f7fb5f7,1
0xe328318c037754ef86ffdde28d4e2acbd8da9b6a,1
0xe34f3bca96a35b60bd306401e3e8eaa2afe0356c,1
0xe351ba91a5ecc8ad902a598b1add61849c78e307,1
0xe39bd9e3af2054dd193b0d0217cfbd460f104902,1
0xe3b41ae8785e4107cc69f988042ff4a66a367fac,1
0xe3ba95950e0e679bd4868e6c60232a742e9fc9b9,1
0xe3ff866d02bb960ad3187692627d18f41e681cc3,1
0xe3ffdc7b8ff873eb71f60572303c51cb9fbeefd4,1
0xe436c6457debb8787e0f980a578ea7236148e13a,1
0xe43a9ebc35697b4471e1500fcea8cc28dec1b988,1
0xe44946a036d9c1f8438d4d2a33acd969d8c48706,1
0xe44f800e12c96968b8508040b1ad4a3d87371dc7,1
0xe450b40a0dfed1b5f1dc39936a92b21b11bcef74,1
0xe47ac627fec731f424f004cfc9d21724c9c12f91,1
0xe49adce2fc301a882412a7a6c702f59324d9bb1d,1
0xe4ae3533810f3ce97dd9b89031ddcc97ba91756c,1
0xe4b93dc652f45b408b53f75e2a1c17c0d1082d84,1
0xe4ba34b972e5fc813a978bc07dd2fc5d6cabde8a,1
0xe4bc73a45c9892b56d16e3a21aae062b7a7035ce,1
0xe4c8efd2ed3051b22ea3eede1af266452b0e66e9,1
0xe4db07d640eda94732321345693ba150e62ce79d,1
0xe4e2fcc5d9580128b043d12e013da428353bc950,1
0xe4f0fdfa60d26cbb5cf67610aacf220c1e51394e,1
0xe4fdfd7f2b4e4926759f2b1ad403d45a1aa9106a,1
0xe50ae5655d227767ec3974a11da7e4f67476b96f,1
0xe50d9d1d59c96bab775b733d17325385d1c66d60,1
0xe5372001a34b1ac5aa70ae1be6403c3fa480afc2,1
0xe574508b0ef5b1970694a3a9cc3fa0ae3a33bfd4,1
0xe57479c7c8105138eb69f419b9dfcfdbb7687807,1
0xe5798a530bb7105e148d38ac884f05c28ed8e804,1
0xe579b63b1bf86d3cbe92c85c11e231782ea5544c,1
0xe581b4cbe18172d4ed99e68f9e126a91e09ab304,1
0xe586602f4841e21d4ce49c9a4d761e213f611f4c,1
0xe589b4bd30cdee0daab93acbc13895e2aa9dc2e3,1
0xe59e088489a85a6de407768deb671c7e493fd799,1
0xe5ae1736f638b0345020280641e65621217d0a11,1
0xe5bf036d9baa1ea415baa84a86cfdf20ff86ce30,1
0xe5f648ea98f17aa12acd59468643c62fbbf813eb,1
0xe61fa7cba884860b48e1502eb18aa22970410fa4,1
0xe63539ef95e1ae65f547de773e4277224cba962a,1
0xe63d9d12b7591cf4209c0558217b801be3d5f9d8,1
0xe64777dcdca11fd8bde96ed05e7560ae789504b6,1
0xe66d15146b16cee22f0231dfdc830e7e56c2d4c6,1
0xe69ee97f0fdd1007c9f54370d4aa0e79b2956172,1
0xe6a5f0bb03c43196d43badd08899396c224b8e31,1
0xe6b4a5dbb035413fd292de5c25eb976e351d5f3d,1
0xe6b4c00593330f610042276f7588d1134a15253f,1
0xe6d2a9b56701d3180d218717141670ad720e479f,1
0xe6e4d92009406d08851c2e65ce6dd324ad76a87e,1
0xe6f15a09f0f72330e8f3bb45bc7485684338ee1d,1
0xe6fa09f8c8ac77420248ebcc73de20c647c47e3e,1
0xe703389e725bf319f803c7900c19bac38672ec88,1
0xe704e7ab3ddfdf2a08d9caca26ca371b55936af4,1
0xe71d8ded9dee1187e25a2d0fca8c8b050559d7d3,1
0xe7380b7be1ed475de78b07033a8ef4dfb10205a5,1
0xe7449d1590d8f91bf9d79f845627ea3bec840483,1
0xe749ae1ec9cf8a997983c470e0e26c0d0fa4ed65,1
0xe761a9b9c149f6d3e34a295ff4695b729890b848,1
0xe77a08d1513974f9cc89fd2eb043eb68355eed20,1
0xe7a262eb89e46ac7ba900e9e530befd430cb11d6,1
0xe7bfc67952b0a48f4ce3db309ab1adda322763dc,1
0xe7da4ed2f76c65e7a5631dfabd0d085a4348713f,1
0xe7dae42dee2bb6c1ef3c65e68d3e605fabca875d,1
0xe7e169d87b2b225478e4d23c10328919d600c4af,1
0xe7e3b84dbdacfb3f3d2f9d8b8cdb0f2a34d8ba27,1
0xe7e7cb488084bb6ba9d65f6c8372d705c0485d13,1
0xe81d1697e807a2a9d42b9cdd5e3986ebc09d485e,1
0xe831977b52714501b52bada9034021a7cac79709,1
0xe839f33295325ffedd931bc422ae4d869bf96e24,1
0xe84d612c36ae63c639e7cdbb0aa9ed207e58e658,1
0xe874ba46982d7cbab5931a50c2dc81a7aeb80344,1
0xe876529c23d3fa9c0de85bc5ea04e70106bfc707,1
0xe887f13bfc9a33ca3de5a5ceb2ff3126f45b8100,1
0xe8bee2f6bf252ed9efbbd483ca4093ace7350c92,1
0xe8cc7c453eca25450ca16d551db93d5f5740e054,1
0xe8df91ff1ce483ee7827ae58b02975d88611be0c,1
0xe8e04243c7def5dda1e7cd8d5a54685dd9736f76,1
0xe8e06515973c9ade600c0202bca6c256c90b8b00,1
0xe8ea2dd973fe312ebcc716ca6c5b5ee416c4272b,1
0xe8ff464b954d12db575ad0e5e5a7dc9c041ee6d6,1
0xe90194f8923e376be76aca64c71ea7b5158a8a0d,1
0xe91082ab845e869312858b4c61447773e4c2866a,1
0xe920ba2d30e812fcb02004b0253ebe168c623c66,1
0xe949d627c5a380c82d92e4f217bfd79b469e20b0,1
0xe9527df1d315034770de1abb960eccae0e24e5d9,1
0xe95e35d6e05c1ef8d442ddfe83faa0d9c5c4b143,1
0xe96ba1a10f72b58934b9ac0e3fb471d2ba65b757,1
0xe96eb4507a1d162bbb99301fe592d310e9489e40,1
0xe97c4939f1215a95eaf37516f2407494ee843359,1
0xe985d78f82bcbd47e032402a5164611cd53a252b,1
0xe996c0dbb33060e92248bb6d0235de85d565b6ba,1
0xe9a567610a8f4efc33cca1f319d62b76b804c5f1,1
0xe9c288f93198b5aa1ad390ecb58c52662ea027e4,1
0xe9ccf8d14e209da226c3f99b1324463c15a9b653,1
0xe9d5a03e6b2d7644ae73a07c866966e4fd92a4b3,1
0xe9ed03f7aa308a310d3d022b8e1316e02aba6053,1
0xea056794debdb1060d187e5887f0afdd2a897c71,1
0xea15dc5526c117d89b4b3af2638eddb0def50f16,1
0xea2606df39ba3d8cd117c534fc4bc459e316194a,1
0xea4feb8e55a17eed317b2804e1f49040d1b43299,1
0xea5f6ae4883e20b38d1ebc533285c1ec2c9ffc0b,1
0xea7d3818a3b736fba40852cd90471df33c6d6821,1
0xea94dace59ede50c55d53cc90c26d8ec4ff0b685,1
0xeae448e1537aa3c6b2a37e2ab26bba7ca2de9436,1
0xeaf07f7df15553a1dcaf11ad052f8591e221a459,1
0xeafa342c3fdb33e5ca4e825b72b6ff48bd1e831e,1
0xeb0bd6bfa6d109205f857caab59f651fe7631094,1
0xeb1c22baacafac7836f20f684c946228401ff01c,1
0xeb26f9aa000a6a25ec81e74b24f51db975579227,1
0xeb2d89183255de992d955061e588e5fe62bd3a65,1
0xeb2e8ee2fe34617290c684b1620de03509e3f811,1
0xeb3648865b1471996e5f65ae845f9eb9226b9a02,1
0xeb43b5597e3bde0b0c03ee6731ba7c0247e1581e,1
0xeb4decd4938df37482874fa7dcaca03a73a96284,1
0xeb5d26d09688ce9ec15273fa3bcbe11a803a7eba,1
0xeb6599cc9681724137c24bd04add50fad0bab11e,1
0xeb6c7bdb45a7aa8f3a9315d17fba2c15a10608fa,1
0xeb775bf133c142e873f2ba6925d53107550e8703,1
0xeb8fc61401d35b99b4aa51f241ed0e47bf684faa,1
0xebb8f84170b3634514726107948a616058d5b6d2,1
0xebd68a709226e96e4a266e85e2ecc34d7e3fef43,1
0xebef2745ed6e64ccf014294d10b0373a4da1b0a5,1
0xebf02c6e12c3ee119abba161c40bfeead0a06b15,1
0xebf83a7c578239c5d48daa4db14b33e68c3ba4f0,1
0xebfe1ab93d1122e065adcafd8c3174261e8e726f,1
0xec034c3abd17fbe51b10283d0902a1210041fc77,1
0xec0650133eb05be8fa54cc9c965f8c2ebfec8d78,1
0xec546c141a9da212dd108410847937ec9d29e449,1
0xec6105b12b3b6f950cc02db88c14846719a66615,1
0xec7be1863da9a3f7108103b6e5d8a358b608aa45,1
0xec83808154666dfeb4ec96f3ddc717b41394d119,1
0xeca588e75c8eb0d2322f52c2c90bd525c5a5d93d,1
0xecba5f51925e6ccec26da38dcd7d5305f6bdfbcb,1
0xecc417e35899a1187e9bc0b7ffcd32d076d1c663,1
0xecea65d22233e7beed752a06c46cefc6c90a1d7f,1
0xed07bdae839060488f6f83d159a582e939ce566d,1
0xed0ebc6b8e441d768f727351069dec679e4e82b3,1
0xed18d1e55c4bba34abdf950119964ae3a9a10e04,1
0xed1e25178d7a6438c356d3459fc3efa9458ad52b,1
0xed3d302285c8830c3d4b6a01dfd9bfda7e2ea26c,1
0xed4a660898b0ef71bf1a027287c7320ce4357785,1
0xed58ed03be2201045d28604a26df8164d30719e2,1
0xed7c4242a50213d2d726b0b834f76759a130deb2,1
0xed9b15ba4d0e3d8bb1825f1b994eb6406d8b3a92,1
0xedafab34d7df41ecf39938de47b2308fa923d51e,1
0xedd7a45eb2338e15f35f18d829d4d0d0854509ef,1
0xede6d65d5fbcb223bec3b7f11eef057b520357d1,1
0xee112b67e1d3f641f1e3dfa6c158feb9a4dc2e72,1
0xee20f88c3382d781a21057e0c901cb75569d25e9,1
0xee2c055f7706b9dfcd98cd5a23d5629d6316c0bd,1
0xee45124d3c2a3d9f24fddfc10cd9979b52567cfb,1
0xee54b98f343186b2793f97bdccfa1aac61ee12cb,1
0xee5960235688cb3ecd7ebd3acbd7710a37e1e709,1
0xee620a0991d57f464aad452789a4564ba51245e8,1
0xee88a8f50f1b77adc695dfcc34b0c820ec8a3278,1
0xee8eeec3e7a5ad82827480a9e00d01b1ec0a9f3b,1
0xee8f339939b90cf42b6c4db501fe8c77d484dd6e,1
0xee918fdb15ad13da0518ddf011d38a245b0cda1d,1
0xee94f67c5771d2797711d9b14b45b73c3732603a,1
0xee958e45f3464d712b8830deb5875c8ac105f698,1
0xee9f717d9af7806a6175cf8784f8451ec59df075,1
0xeea2ec47ecb66dc91e6255bbf4cce9ad3f642fb5,1
0xeebbc5f62db1ceccb0c2107a9d9e55de84d8cf6f,1
0xeebdcdfabc6018b4ae2aeb3d33d88cbec8eee311,1
0xeecfc563d14ad858098b6998607bd79adda2013c,1
0xeedbd10c8c8c98b0b40a9e447cf16c5e8fe93301,1
0xeee5eb24e7a0ea53b75a1b9ad72e7d20562f4283,1
0xeee6587c643be5aa3cfb7d75fbc1e4144d10d184,1
0xef26d046370c703a8f954a7ef5834b80efc9d5ad,1
0xef2bce91cc8d68813fd89eabc1f68ec10f87da17,1
0xef34feb024f0a6f4d5cf3a7cd30bb0f041a6af58,1
0xef3dff08edab3f21fd25bcd14a4ea9023bf0d602,1
0xef466d6256fa095a8ca4168e9d84225efe15a123,1
0xef5c8dfb7abaa3acd759d77fb156cea315eb69b8,1
0xef735a2c58163e7cc9e04f577d77a59b17e589fb,1
0xef80395b4943e1741c92a6f2119eba58cfed889a,1
0xefa0f9d60bf5c8a22f4594164481680972480f95,1
0xefa755b82218dc287ed37bf6463c144ae6609076,1
0xefb3da5189a6169a61176d1357579e135a1d1187,1
0xefcbbcc3ca0f7343fb073c68917ce8e912621115,1
0xefe0899c571170dc0eec8919ceeedf46aa74e12d,1
0xefe18733e41cd22c605557a6ca4969feb6248a8a,1
0xefea98fff3ae660fbe2cca29e5a2a034fb202103,1
0xeff0c128d7c5c39b06924d750ffa0296066a3220,1
0xeff30049533c34eb1d506b306b35909ae3c56b56,1
0xeff5aad1b94ba9236bbda87910a92c8eb28eded4,1
0xf0199747902c5854fddfab51fe25684f1ef4c10a,1
0xf023ddad4031127aca2164c1280a65ad2e3c724b,1
0xf031d015a1bef62136694b05c6d83378e13ba71f,1
0xf03ef3e139a037363a9a8e623999a69276449039,1
0xf0430adf2e76403b9cdbc741c11d15dd1ad19a01,2
0xf04d8469d840a900fbee9ff2b553aadd04e44e12,1
0xf04dcbf7bb1acc31cda879de0a64542a5a277ca9,1
0xf0624f08ee09ebc9c7359d405d91a3e31a3b9faa,1
0xf09631d7ba044bfe44bbfec22c0a362c7e9dcdd8,1
0xf09e12d0d1e2b7228d2e737cf027d621e4c6a50d,2
0xf0aa926ede618fa4771aee8f60e96859ccdccb16,1
0xf0abdc9a37ec42bb62d35ce4f80fa99d3715eb9d,1
0xf0b86597291b367afb3ad6b4d650f4aeab24978e,1
0xf0bdd06c1b37cc04618148b0b9d4ea966873fb0b,1
0xf0ca603fdf1ac5764253fe3b9751bec533f6527f,1
0xf0d6999725115e3ead3d927eb3329d63afaec09b,1
0xf0da4128a4ed2ed3ffe5d8618a6e002f338b8e52,1
0xf0f0682600eea116a1a15ab0e9c0311b7dbaf41a,1
0xf0f64ff70b6d85cc2cdbf1bc362e930b9ff519ba,1
0xf109ccd6b981fc0e1d4957ddf58d53332ccd8a8b,1
0xf10aada6b1aa7919e8d68a6966aeed262dfbb2f0,1
0xf12d002f261e96b92701e4f507910fcb8c95a1f7,1
0xf138984bd659edd8de38fb2febedae8bed5e0255,1
0xf15a243f87ae06802229135b0b8a39b4bb2e7cde,1
0xf15a6b54e68884d27e1bebb1624d70c227b7d04b,1
0xf15cad9be12418c29468682a93af0907575ff783,1
0xf18cb8c94d923afb1cfcf9fa50e3adc8231ff819,1
0xf1c54f5a9d3f2349793c4f78fec79bcda2a2c982,1
0xf1ca32062f83ab0de1af6b98ccb053fb5d5592c8,1
0xf1cdc3de7819f93fb93d0c52001d4fa495ab471d,1
0xf1e1c701b49b1dc2405a9e8ef40f9f88802b80fa,1
0xf1fdbc2df5a9e999a15589780f39809092d0fafb,1
0xf20c641025a4073ea17de9b9630b65d0164953a4,1
0xf2212df817c93eba40a9a746562cf04aed8e4325,1
0xf22742f06e4f6d68a8d0b49b9f270bb56affab38,1
0xf235cd60bd5195239b8f5ed11c1442745b1be2bc,1
0xf2480b17bc2d712bfb84e7967186388078031ada,1
0xf24a64586a22c10112e1b04261fb61f93debd735,1
0xf2587938c3e0ee9ee35b92db77ec674d7440de3f,1
0xf26dc29032475ac6aebcb95e630f12f69c3e8a90,1
0xf27fb1b516b5c016644de3064ef5e7720a980e37,1
0xf2857004f08cbc17375f9d1d894c21c99f4f7ce4,1
0xf2b4a725e943b54cdabada2c9ae2727874a49eaa,1
0xf2cd7d1f9f49e472534d1d8c46b0b56f66463bf9,1
0xf2e03bb3bae583d72d750b3ef443372f92cf2c24,1
0xf3072a65597e6e7d58c573bca0ccd5856ede8e1f,1
0xf3236c9d0b623cc261009484db5cfed2079a007f,1
0xf340b9f2098f80b86fbc5ede586c319473aa11f3,1
0xf380370fb37da807e783f22c368f08340c429b51,1
0xf3860788d1597cecf938424baabe976fac87dc26,1
0xf395767ae0e947504651a33ac2899520c551955d,1
0xf3a4e51005200271e7a77274e31bd511a5ae4431,1
0xf3b406f0e3a47a3d2801d5d669fbbdbee8098f0f,1
0xf3cd52e951f3e35622e404199685f30f293bb069,1
0xf4141aef39803327497f6b81a21bb3f2acfa2436,1
0xf41b389e0c1950dc0b16c9498eae77131cc08a56,1
0xf41fa837908c0318a9a2b739c8fb990bfd4ac8a7,1
0xf42884e0a175a07b82354325d59be7d7d295e52a,1
0xf42d67babbeec8a5fdc89007db0aeea75f29cf42,1
0xf42eb6398bd8d42d431e6bbb8e5df9e7cc1613d1,1
0xf4420132968c458aafcb31a2e743cc9657c38adb,1
0xf44acfee05dce71c98280e8652aaa945ffab2ea4,1
0xf44e62363c6089355c8c80a5f4a5e42800e64dbb,1
0xf450a188a00a82ca95fdff613a34aafb81a7c5d0,1
0xf45cb1c1d2b1184c0137a822d6171f86a0608608,1
0xf480935955d38a332cf40c65add722d46b922462,1
0xf48534d0772ef313c5ed367095f3a635008649a3,1
0xf4a68f051592e1995cea7f77b470e58e96a81e0f,1
0xf4a8c97c7ed6176d745e876c2b77d46b891bf07a,1
0xf4aa421960cce8cf25190af71acc6949e848fe46,1
0xf4ac06201c1aef8881bbed49877ceed64364ae13,1
0xf4b8b9232fdccda76ec9285a91eca9892ed9bb15,1
0xf4b8c7bdb8c2b4d5fdc56fcec88b41fc70f7ac1d,1
0xf4c579bdb49dbf5c1bfd3c48c37c4b3e6d8a2fb5,1
0xf4d176848a02eb80b507e5301e6338accbda4900,1
0xf4df143e90c2095e173f861a22f1e6a2503d06cb,1
0xf504b9be6b064e4ecaa8af5ae3f77ba64fcd4b3c,1
0xf508a57756ba2768282be102cc64cdaca96a14e4,1
0xf50ccc163d6f433942232be7ebdfb7190bbda8dc,1
0xf51a9be8c5e06f4ef58b3735e82019020835e793,1
0xf52393e120f918ffba50410b90a29b1f8250c879,1
0xf528c09a31eb3d4c7b08ef5ce11427e9d9afa0cd,1
0xf55b33eca398d6b7e65f55dc4896da2d7e78c2b9,1
0xf5671d951c0aa6e4bd69a854fc2d15fe707ddd0e,1
0xf58a2d8e0e0f66d695a861876f114f840d0a7ad3,1
0xf58dbd74f26e4bdbcf2a26e2f848e8348530f0e4,1
0xf5993d2217ab9d7f1d685a21524449108b34ff69,1
0xf5adddc5a79bec2016d5eb32aadd59f25341bbb0,1
0xf5b1ddf95b2a4d69025fdef1997559d9da3a9fa4,1
0xf5dd8ff9fc6a00da37e93e873ed64b9f62ba038d,1
0xf5e57510a9fcd194593994e014fde1e05ca46418,1
0xf5eb53e83a9fbe8491575b1174cee2f2989a43c1,1
0xf6109779752d1fdb8b6063a158bed1b02000b700,1
0xf617aaa078bb59684bdd4ad5bab7135d35edba34,1
0xf62e85a8615bfcaa79f5b8847b379131e156c293,1
0xf6598ca199dc739848d342aef8bb16578382a2f6,1
0xf659a6509fb5ee12a4dcda0057e03c04f0b30767,1
0xf65b99ce6dc5f6c556172bcc0ff27d3665a7d9a8,1
0xf698cb85014702653c6c17d55cfa380618e8f098,1
0xf6c8b6782bfa12d2897dde41b3ffac00572b9a3c,1
0xf6dbff32fe8308fd30def6c8629dffa5c315245a,1
0xf6ec5b0d097178a0acf493afdcda2a54545ab0f3,1
0xf6f9d796a94ea5879ffceec8f644d65acd9dfe8a,1
0xf71be9e88976f73f87bcd24c16e46837207d5367,1
0xf71e84c2317108f8a275b82e5c40138e9bcb87c7,1
0xf72b0b15a953aa96c17238b62c1816f962c2c850,1
0xf739b48e89ed4b7c2398cc4e2dcd54479b7bea50,1
0xf74b25d3f6616e51b2d8be6c8cec54b045229655,1
0xf75088b5870b134e350fd010e449dc4e004d81e2,1
0xf754ce4cd7a8ec94716c0ced4bd1a8da8a8e1bbf,1
0xf777af5cfa7a0f242b3e0cf7fff4823c15dde70f,1
0xf790fd937ccaa68337d455eed3867e64bab585ca,1
0xf7bc410301515392373726818a54ebcba013ef3b,1
0xf7db8f3adbffe8086c572eded8dc4352264275f0,1
0xf7e0a6b3df65b11ca8bb4c3ef43aecb60b7117ed,1
0xf7f5219899e9fad4688b8da414f3b15b1e632453,1
0xf802e478db31f87c149d4ec9fe390d4723948327,1
0xf8270e6a304c99d0ef7b862916087ea9f08060aa,1
0xf83fc0d27d92233e789e4d13d452d72404be6fe3,1
0xf840c15eddc56a34698343746de56fad9909cc87,1
0xf847708df3130c5bdc20e3e5ab24a62183a512fc,1
0xf84ee0384ff20eb30e15ab479737884f9e39a1f9,1
0xf8570b6f5a4e3e6a89e6f3f022e6030ce745183f,1
0xf85a9f2d6a528ff9d5a583d8ee12b0aeebba971f,1
0xf87a0725c62afb9b7cff1449265015814d21b8e0,1
0xf87a57846a2da341da35c204f320d0ee208effbd,1
0xf8918a1fded5fd0b41e62c6ac435c408d5b29bec,1
0xf897c8038522fcb25a918e563a93f859402aa0ba,1
0xf89e1caec5c59655cc379bb542d667ceca32a3b1,1
0xf8a37851656c8c1287a6e79d8835e309957951bf,1
0xf8a8a11d4360bb920a649d94dba54683175e64dd,1
0xf8aace471723dba6514f6c6d43651611a0c34529,1
0xf8bae1e579a0f3d91884738be85b7b3c91d13415,1
0xf8e4b7578a9d4a47b06338bae65dcf577e31cc89,1
0xf8f327e4c1cbcb0ef014031b84069b9d3579f42d,1
0xf94f7b6b956225bce60a5f0c7b82d347071e48dc,1
0xf95a7c6504f284ada554f89b1abe9f3b0dd0595b,1
0xf95dbf56f6bdab8832023c72a64b85fa00636641,1
0xf969293ffb9a7a54c9e813fcae79c1de9846e2d5,1
0xf97e140a145450c22e24830cfbb99bd98b8490dd,1
0xf981b1da85d5db8210cff484e364881e2d5cfb5a,1
0xf99016c1928965c391268db98b8ce1a6d8c229f1,1
0xf99cb9a0ee66f20b8298599aa790c6cdaab5ca36,1
0xf9b24029e34029acf3a73956d3453f8d17a431c6,1
0xf9b2f9b6ee8ec653e1c1dd69676b831a44d34a77,1
0xf9b7850ee758ca9878a052aeed04f24a50531ea1,1
0xf9caa0e790a9a89fbd84e0cf1b455eeb1dc50d1d,1
0xf9d6fce6cce28c0cd62c5caf045f4f6233888989,1
0xf9e0fb14d04c3beef990ac5ae80aafd4de0ccf00,1
0xf9e1de85a4cc81fda6863f05500a2207a6a294ca,1
0xf9f40128e49d2941fc7c906a9eca8bb65b54d60d,1
0xfa002b52433a68eed6ed254569110a294b5efb74,1
0xfa11ed9149cb8cfce5adb20fcc61839caf335bf6,1
0xfa3dabf38f872f50c62c3d39920d173d215806ec,1
0xfa42d7f197f2793cca274186a4bdbf6ade5a8884,1
0xfa756a92973b1bbbee9df4b2ea3dae2e5891d424,1
0xfa984dd531ecfdbd933456358b8352054d4e5262,1
0xfa9a490b4559f715f18141edf09500db45c18bad,1
0xfaa8d81e825c8ac61bcb4650230da6b9dec0e902,1
0xfaba1e9ed7f667e8c7a851c9ed15aed99aa80289,1
0xfacc714a5c5c962834bbb7fde948b7262277e007,1
0xfad832824c1f20d908d763b0510aadd675b1f522,1
0xfaf2702f09c52998ea6cff070595c2fa06419277,1
0xfb08510bca4599ebeadec2a6ce86a2b06e0ed729,1
0xfb10df58c750b140b09d833bcff487d32a07e31b,1
0xfb239e0df3a98f6b728200c14cb364cfc61dc4bc,1
0xfb325ee61cef82a6e360755aa2fc105d545b07fd,1
0xfb446ca8dac3eb4235f4a9f1242ce7ebfcd274c7,1
0xfb50fd7388a474f83191794abf8b15c3f40f9500,1
0xfb541dc23e3b4359275d37e9e8ea3dc54cae5ff8,1
0xfb5553815e34f0001ccdf3a288da6ab976927d59,1
0xfb57f0e41ec52837de29d39a334280fd0a10b704,1
0xfb6223ea050a0956cdf294129a00f66b5ae4f5a5,1
0xfba7737aea0969ce95cc7f1879b58e8fb8c16836,1
0xfba913f28c0b30d60c83152ebec8c032f64863cc,1
0xfbc76261fd55cf91b81a97dbcc2b3f6118f2b935,1
0xfbd260b150de723a8a77447636964088364e5eea,1
0xfbd509ad84cf9f4ac4cc348c4545208bbb907ed6,1
0xfbda6703ad129db8c2d3c806d8e995aea1f76906,1
0xfc0ac71b8ca9b219b3c74625755f62202d19ad39,1
0xfc312fc5df7515f0a0903f58659cf70b33374b90,1
0xfc31f24a7caadea7369ae616dab575fee5da38ef,1
0xfc39944103bdb1d20f60dcc333143247cdf26b38,1
0xfc3c962fad2c1cc77f1a0d46e7b8a2de79a21774,1
0xfc544a5495342a523703655c321fa1eb4a1c3902,1
0xfc5d4eb9992a109c137efad6a7d1f7372e0486c5,1
0xfc6a7368a6b0cdd28483f96e9648a4e19e976670,1
0xfc6f07160330dbdac85f49075e26b32d289d15ba,1
0xfc7ff119c9642a9125132a7b576d9a42156a3bb4,1
0xfc86cebdd4260021e14e66489bf90dab85a1be8e,1
0xfc9c09c6865a1459715ebe51df9a0e33a21a181a,1
0xfca86ea20cc65e9c904412ccadd6bdfb836ea2df,1
0xfcabebc7ca407327828626b73ec37471b0f70c0a,1
0xfcd6a3009cc2158567674b600498dd50f43fd4df,1
0xfcdf3c2b2b6ba00e6db59c70c424b27970ff3974,1
0xfce3b15f2adaef04f5d6e4f06fbfca207137e978,1
0xfce761b176cf360354c92b0efa89cde18cc00c7d,1
0xfcf080d18e260a01246fd5c6e8a893a7def4d369,1
0xfcff3d645fa34da1405a0765ef879d67980e5c0c,1
0xfd0747603912a23e0ec6c29d6a952e184725fe96,1
0xfd0c447aa7963a227131b0309b5b0aa407346a5b,1
0xfd23e7bed1d4317a3be5ec7d37d0cc81116f22c5,1
0xfd4838e0bd3955ffa902cb0e6ffa93704f863232,1
0xfd569044e896555844c231c0dc1eb4ed5080682a,1
0xfd5825e7a8ef55728457e80732f6417fde22f187,1
0xfd7071916b7f8c3bbf8f585a0a59343abd2eb170,1
0xfd879012d67ec5ab423888adf1bb203f2b2ddc3a,1
0xfd8835df382b69b3cd498aba0d745fbf6a421d13,1
0xfd900f685a835389ec0bbc859b22e2ddf802a32a,1
0xfdb26046b3138f5a812fffe027527c0bf9c4d686,1
0xfdbfaf15102da73428fb7df97376d441048bfd97,1
0xfdd9a3e4c07756c1dc31ba938fc062d45eab1668,1
0xfdfe89e9cf4f07a04d8a218565706c413e5246ae,1
0xfe16712cf79a3d85f4703cad390f5d7c9a571469,1
0xfe2b8dc957459ac2a08fef57576bcb8a89845d8b,1
0xfe504884abd05cb7fe828afb689c06e2a5b4fe64,1
0xfe64459ba83a0e5573f31c1c205f986eb7bca46d,1
0xfe82af4569830228dce4e75788452c213afec39b,1
0xfe83a0a06d830e9e2119522538f8b440ebd42ff5,1
0xfea6145aec3832672df239639fbc1db273ace241,1
0xfec32224023e38c05126e92b0f4a1508998eb3ff,1
0xfec33a90737254dcf9aa33188a11f32797197f93,1
0xfed52d251e31178ff8bf4a0d611721c544f74fc0,1
0xfed93f0ad93ff25993274d8245a2bb2133de38c0,1
0xfeffbdbd43460dd52cee25016e5bc3b7bd976345,1
0xff18fd1347fc75b558043d3d882a337a33d05a49,1
0xff363af7f5f337bd8cf323a5175f556a32f6aae8,1
0xff4dca5e3fc9e7afe54615eebd11dac9c23200aa,1
0xff5fe762636e874cad39c05b92ffcb09c520b7cd,1
0xff677564b3bb5f9cd7e3913f096b6d68a161dddf,1
0xff841738cd22cb320933cffbbaae888a80c08153,1
0xffa914c83d851b9fe372e4ba6a6e131373aa16ab,1
0xffb9ccb61ac53aea9bb3981e176a816371840bbe,1
0xffc6f9f72fbcbc4ed454ba11b861d336d85ef843,1
0xffe6832850476eb6d5ff184d747ed84f1b686aa9,1
0xffeb67679fb76308bc85c272aa5b5fcac8065786,1
0xffebcff77c3acc019671412ffdcd4e4e7aa61f07,1
0xfff39900273ffb1045c7cfde62df1720b63fd6bd,1
0xfffbdeccbf83b1240253671d55e49c116dbc8ef9,1